solid OpenSCAD_Model
  facet normal -0.997859 -0.0654064 0
    outer loop
      vertex 8.35 6.5 0
      vertex 8.33845 6.67621 3.2
      vertex 8.33845 6.67621 0
    endloop
  endfacet
  facet normal -0.997859 -0.0654064 0
    outer loop
      vertex 8.33845 6.67621 3.2
      vertex 8.35 6.5 0
      vertex 8.35 6.5 3.2
    endloop
  endfacet
  facet normal -0.831492 -0.555536 0
    outer loop
      vertex 8.16913 7.175 0
      vertex 8.07103 7.32183 3.2
      vertex 8.07103 7.32183 0
    endloop
  endfacet
  facet normal -0.831492 -0.555536 0
    outer loop
      vertex 8.07103 7.32183 3.2
      vertex 8.16913 7.175 0
      vertex 8.16913 7.175 3.2
    endloop
  endfacet
  facet normal -0.0654064 0.997859 0
    outer loop
      vertex 7.17621 5.16155 0
      vertex 7 5.15 3.2
      vertex 7.17621 5.16155 3.2
    endloop
  endfacet
  facet normal -0.0654064 0.997859 0
    outer loop
      vertex 7 5.15 3.2
      vertex 7.17621 5.16155 0
      vertex 7 5.15 0
    endloop
  endfacet
  facet normal -0.89686 -0.442314 0
    outer loop
      vertex 8.24724 7.01662 0
      vertex 8.16913 7.175 3.2
      vertex 8.16913 7.175 0
    endloop
  endfacet
  facet normal -0.89686 -0.442314 0
    outer loop
      vertex 8.16913 7.175 3.2
      vertex 8.24724 7.01662 0
      vertex 8.24724 7.01662 3.2
    endloop
  endfacet
  facet normal -0.442269 0.896883 0
    outer loop
      vertex 7.675 5.33086 0
      vertex 7.51662 5.25276 3.2
      vertex 7.675 5.33086 3.2
    endloop
  endfacet
  facet normal -0.442269 0.896883 0
    outer loop
      vertex 7.51662 5.25276 3.2
      vertex 7.675 5.33086 0
      vertex 7.51662 5.25276 0
    endloop
  endfacet
  facet normal -0.555536 -0.831492 0
    outer loop
      vertex 7.675 7.66913 0
      vertex 7.82183 7.57103 3.2
      vertex 7.675 7.66913 3.2
    endloop
  endfacet
  facet normal -0.555536 -0.831492 -0
    outer loop
      vertex 7.82183 7.57103 3.2
      vertex 7.675 7.66913 0
      vertex 7.82183 7.57103 0
    endloop
  endfacet
  facet normal 0.321439 0.94693 -0
    outer loop
      vertex 6.65059 5.196 0
      vertex 6.48338 5.25276 3.2
      vertex 6.65059 5.196 3.2
    endloop
  endfacet
  facet normal 0.321439 0.94693 0
    outer loop
      vertex 6.48338 5.25276 3.2
      vertex 6.65059 5.196 0
      vertex 6.48338 5.25276 0
    endloop
  endfacet
  facet normal -0.751804 0.659386 0
    outer loop
      vertex 7.95459 5.54541 0
      vertex 8.07103 5.67817 3.2
      vertex 8.07103 5.67817 0
    endloop
  endfacet
  facet normal -0.751804 0.659386 0
    outer loop
      vertex 8.07103 5.67817 3.2
      vertex 7.95459 5.54541 0
      vertex 7.95459 5.54541 3.2
    endloop
  endfacet
  facet normal -0.831492 0.555536 0
    outer loop
      vertex 8.07103 5.67817 0
      vertex 8.16913 5.825 3.2
      vertex 8.16913 5.825 0
    endloop
  endfacet
  facet normal -0.831492 0.555536 0
    outer loop
      vertex 8.16913 5.825 3.2
      vertex 8.07103 5.67817 0
      vertex 8.07103 5.67817 3.2
    endloop
  endfacet
  facet normal 0.980787 -0.195081 0
    outer loop
      vertex 5.66155 6.67621 3.2
      vertex 5.696 6.84941 0
      vertex 5.696 6.84941 3.2
    endloop
  endfacet
  facet normal 0.980787 -0.195081 0
    outer loop
      vertex 5.696 6.84941 0
      vertex 5.66155 6.67621 3.2
      vertex 5.66155 6.67621 0
    endloop
  endfacet
  facet normal 0.555536 -0.831492 0
    outer loop
      vertex 6.17817 7.57103 0
      vertex 6.325 7.66913 3.2
      vertex 6.17817 7.57103 3.2
    endloop
  endfacet
  facet normal 0.555536 -0.831492 0
    outer loop
      vertex 6.325 7.66913 3.2
      vertex 6.17817 7.57103 0
      vertex 6.325 7.66913 0
    endloop
  endfacet
  facet normal -0.94693 -0.321439 0
    outer loop
      vertex 8.304 6.84941 0
      vertex 8.24724 7.01662 3.2
      vertex 8.24724 7.01662 0
    endloop
  endfacet
  facet normal -0.94693 -0.321439 0
    outer loop
      vertex 8.24724 7.01662 3.2
      vertex 8.304 6.84941 0
      vertex 8.304 6.84941 3.2
    endloop
  endfacet
  facet normal -0.94693 0.321439 0
    outer loop
      vertex 8.24724 5.98338 0
      vertex 8.304 6.15059 3.2
      vertex 8.304 6.15059 0
    endloop
  endfacet
  facet normal -0.94693 0.321439 0
    outer loop
      vertex 8.304 6.15059 3.2
      vertex 8.24724 5.98338 0
      vertex 8.24724 5.98338 3.2
    endloop
  endfacet
  facet normal 0.0654064 0.997859 -0
    outer loop
      vertex 7 5.15 0
      vertex 6.82379 5.16155 3.2
      vertex 7 5.15 3.2
    endloop
  endfacet
  facet normal 0.0654064 0.997859 0
    outer loop
      vertex 6.82379 5.16155 3.2
      vertex 7 5.15 0
      vertex 6.82379 5.16155 0
    endloop
  endfacet
  facet normal 0.555575 0.831466 -0
    outer loop
      vertex 6.325 5.33086 0
      vertex 6.17817 5.42897 3.2
      vertex 6.325 5.33086 3.2
    endloop
  endfacet
  facet normal 0.555575 0.831466 0
    outer loop
      vertex 6.17817 5.42897 3.2
      vertex 6.325 5.33086 0
      vertex 6.17817 5.42897 0
    endloop
  endfacet
  facet normal 0.659386 -0.751804 0
    outer loop
      vertex 6.04541 7.45459 0
      vertex 6.17817 7.57103 3.2
      vertex 6.04541 7.45459 3.2
    endloop
  endfacet
  facet normal 0.659386 -0.751804 0
    outer loop
      vertex 6.17817 7.57103 3.2
      vertex 6.04541 7.45459 0
      vertex 6.17817 7.57103 0
    endloop
  endfacet
  facet normal -0.555575 0.831466 0
    outer loop
      vertex 7.82183 5.42897 0
      vertex 7.675 5.33086 3.2
      vertex 7.82183 5.42897 3.2
    endloop
  endfacet
  facet normal -0.555575 0.831466 0
    outer loop
      vertex 7.675 5.33086 3.2
      vertex 7.82183 5.42897 0
      vertex 7.675 5.33086 0
    endloop
  endfacet
  facet normal -0.321439 -0.94693 0
    outer loop
      vertex 7.34941 7.804 0
      vertex 7.51662 7.74724 3.2
      vertex 7.34941 7.804 3.2
    endloop
  endfacet
  facet normal -0.321439 -0.94693 -0
    outer loop
      vertex 7.51662 7.74724 3.2
      vertex 7.34941 7.804 0
      vertex 7.51662 7.74724 0
    endloop
  endfacet
  facet normal -0.89686 0.442314 0
    outer loop
      vertex 8.16913 5.825 0
      vertex 8.24724 5.98338 3.2
      vertex 8.24724 5.98338 0
    endloop
  endfacet
  facet normal -0.89686 0.442314 0
    outer loop
      vertex 8.24724 5.98338 3.2
      vertex 8.16913 5.825 0
      vertex 8.16913 5.825 3.2
    endloop
  endfacet
  facet normal -0.980787 -0.195081 0
    outer loop
      vertex 8.33845 6.67621 0
      vertex 8.304 6.84941 3.2
      vertex 8.304 6.84941 0
    endloop
  endfacet
  facet normal -0.980787 -0.195081 0
    outer loop
      vertex 8.304 6.84941 3.2
      vertex 8.33845 6.67621 0
      vertex 8.33845 6.67621 3.2
    endloop
  endfacet
  facet normal 0.94693 0.321439 0
    outer loop
      vertex 5.75276 5.98338 3.2
      vertex 5.696 6.15059 0
      vertex 5.696 6.15059 3.2
    endloop
  endfacet
  facet normal 0.94693 0.321439 0
    outer loop
      vertex 5.696 6.15059 0
      vertex 5.75276 5.98338 3.2
      vertex 5.75276 5.98338 0
    endloop
  endfacet
  facet normal -0.997859 0.0654064 0
    outer loop
      vertex 8.33845 6.32379 0
      vertex 8.35 6.5 3.2
      vertex 8.35 6.5 0
    endloop
  endfacet
  facet normal -0.997859 0.0654064 0
    outer loop
      vertex 8.35 6.5 3.2
      vertex 8.33845 6.32379 0
      vertex 8.33845 6.32379 3.2
    endloop
  endfacet
  facet normal -0.442314 -0.89686 0
    outer loop
      vertex 7.51662 7.74724 0
      vertex 7.675 7.66913 3.2
      vertex 7.51662 7.74724 3.2
    endloop
  endfacet
  facet normal -0.442314 -0.89686 -0
    outer loop
      vertex 7.675 7.66913 3.2
      vertex 7.51662 7.74724 0
      vertex 7.675 7.66913 0
    endloop
  endfacet
  facet normal -0.0654064 -0.997859 0
    outer loop
      vertex 7 7.85 0
      vertex 7.17621 7.83845 3.2
      vertex 7 7.85 3.2
    endloop
  endfacet
  facet normal -0.0654064 -0.997859 -0
    outer loop
      vertex 7.17621 7.83845 3.2
      vertex 7 7.85 0
      vertex 7.17621 7.83845 0
    endloop
  endfacet
  facet normal 0.896883 0.442269 0
    outer loop
      vertex 5.83086 5.825 3.2
      vertex 5.75276 5.98338 0
      vertex 5.75276 5.98338 3.2
    endloop
  endfacet
  facet normal 0.896883 0.442269 0
    outer loop
      vertex 5.75276 5.98338 0
      vertex 5.83086 5.825 3.2
      vertex 5.83086 5.825 0
    endloop
  endfacet
  facet normal -0.321439 0.94693 0
    outer loop
      vertex 7.51662 5.25276 0
      vertex 7.34941 5.196 3.2
      vertex 7.51662 5.25276 3.2
    endloop
  endfacet
  facet normal -0.321439 0.94693 0
    outer loop
      vertex 7.34941 5.196 3.2
      vertex 7.51662 5.25276 0
      vertex 7.34941 5.196 0
    endloop
  endfacet
  facet normal -0.751804 -0.659386 0
    outer loop
      vertex 8.07103 7.32183 0
      vertex 7.95459 7.45459 3.2
      vertex 7.95459 7.45459 0
    endloop
  endfacet
  facet normal -0.751804 -0.659386 0
    outer loop
      vertex 7.95459 7.45459 3.2
      vertex 8.07103 7.32183 0
      vertex 8.07103 7.32183 3.2
    endloop
  endfacet
  facet normal 0.997859 -0.0654064 0
    outer loop
      vertex 5.65 6.5 3.2
      vertex 5.66155 6.67621 0
      vertex 5.66155 6.67621 3.2
    endloop
  endfacet
  facet normal 0.997859 -0.0654064 0
    outer loop
      vertex 5.66155 6.67621 0
      vertex 5.65 6.5 3.2
      vertex 5.65 6.5 0
    endloop
  endfacet
  facet normal 0.751804 0.659386 0
    outer loop
      vertex 6.04541 5.54541 3.2
      vertex 5.92897 5.67817 0
      vertex 5.92897 5.67817 3.2
    endloop
  endfacet
  facet normal 0.751804 0.659386 0
    outer loop
      vertex 5.92897 5.67817 0
      vertex 6.04541 5.54541 3.2
      vertex 6.04541 5.54541 0
    endloop
  endfacet
  facet normal 0.442314 -0.89686 0
    outer loop
      vertex 6.325 7.66913 0
      vertex 6.48338 7.74724 3.2
      vertex 6.325 7.66913 3.2
    endloop
  endfacet
  facet normal 0.442314 -0.89686 0
    outer loop
      vertex 6.48338 7.74724 3.2
      vertex 6.325 7.66913 0
      vertex 6.48338 7.74724 0
    endloop
  endfacet
  facet normal 0.896883 -0.442269 0
    outer loop
      vertex 5.75276 7.01662 3.2
      vertex 5.83086 7.175 0
      vertex 5.83086 7.175 3.2
    endloop
  endfacet
  facet normal 0.896883 -0.442269 0
    outer loop
      vertex 5.83086 7.175 0
      vertex 5.75276 7.01662 3.2
      vertex 5.75276 7.01662 0
    endloop
  endfacet
  facet normal -0.195081 -0.980787 0
    outer loop
      vertex 7.17621 7.83845 0
      vertex 7.34941 7.804 3.2
      vertex 7.17621 7.83845 3.2
    endloop
  endfacet
  facet normal -0.195081 -0.980787 -0
    outer loop
      vertex 7.34941 7.804 3.2
      vertex 7.17621 7.83845 0
      vertex 7.34941 7.804 0
    endloop
  endfacet
  facet normal -0.659386 -0.751804 0
    outer loop
      vertex 7.82183 7.57103 0
      vertex 7.95459 7.45459 3.2
      vertex 7.82183 7.57103 3.2
    endloop
  endfacet
  facet normal -0.659386 -0.751804 -0
    outer loop
      vertex 7.95459 7.45459 3.2
      vertex 7.82183 7.57103 0
      vertex 7.95459 7.45459 0
    endloop
  endfacet
  facet normal -0.659386 0.751804 0
    outer loop
      vertex 7.95459 5.54541 0
      vertex 7.82183 5.42897 3.2
      vertex 7.95459 5.54541 3.2
    endloop
  endfacet
  facet normal -0.659386 0.751804 0
    outer loop
      vertex 7.82183 5.42897 3.2
      vertex 7.95459 5.54541 0
      vertex 7.82183 5.42897 0
    endloop
  endfacet
  facet normal 0.831466 0.555575 0
    outer loop
      vertex 5.92897 5.67817 3.2
      vertex 5.83086 5.825 0
      vertex 5.83086 5.825 3.2
    endloop
  endfacet
  facet normal 0.831466 0.555575 0
    outer loop
      vertex 5.83086 5.825 0
      vertex 5.92897 5.67817 3.2
      vertex 5.92897 5.67817 0
    endloop
  endfacet
  facet normal 0.831466 -0.555575 0
    outer loop
      vertex 5.83086 7.175 3.2
      vertex 5.92897 7.32183 0
      vertex 5.92897 7.32183 3.2
    endloop
  endfacet
  facet normal 0.831466 -0.555575 0
    outer loop
      vertex 5.92897 7.32183 0
      vertex 5.83086 7.175 3.2
      vertex 5.83086 7.175 0
    endloop
  endfacet
  facet normal 0.0654064 -0.997859 0
    outer loop
      vertex 6.82379 7.83845 0
      vertex 7 7.85 3.2
      vertex 6.82379 7.83845 3.2
    endloop
  endfacet
  facet normal 0.0654064 -0.997859 0
    outer loop
      vertex 7 7.85 3.2
      vertex 6.82379 7.83845 0
      vertex 7 7.85 0
    endloop
  endfacet
  facet normal 0.980787 0.195081 0
    outer loop
      vertex 5.696 6.15059 3.2
      vertex 5.66155 6.32379 0
      vertex 5.66155 6.32379 3.2
    endloop
  endfacet
  facet normal 0.980787 0.195081 0
    outer loop
      vertex 5.66155 6.32379 0
      vertex 5.696 6.15059 3.2
      vertex 5.696 6.15059 0
    endloop
  endfacet
  facet normal -0.195081 0.980787 0
    outer loop
      vertex 7.34941 5.196 0
      vertex 7.17621 5.16155 3.2
      vertex 7.34941 5.196 3.2
    endloop
  endfacet
  facet normal -0.195081 0.980787 0
    outer loop
      vertex 7.17621 5.16155 3.2
      vertex 7.34941 5.196 0
      vertex 7.17621 5.16155 0
    endloop
  endfacet
  facet normal 0.195081 -0.980787 0
    outer loop
      vertex 6.65059 7.804 0
      vertex 6.82379 7.83845 3.2
      vertex 6.65059 7.804 3.2
    endloop
  endfacet
  facet normal 0.195081 -0.980787 0
    outer loop
      vertex 6.82379 7.83845 3.2
      vertex 6.65059 7.804 0
      vertex 6.82379 7.83845 0
    endloop
  endfacet
  facet normal 0.94693 -0.321439 0
    outer loop
      vertex 5.696 6.84941 3.2
      vertex 5.75276 7.01662 0
      vertex 5.75276 7.01662 3.2
    endloop
  endfacet
  facet normal 0.94693 -0.321439 0
    outer loop
      vertex 5.75276 7.01662 0
      vertex 5.696 6.84941 3.2
      vertex 5.696 6.84941 0
    endloop
  endfacet
  facet normal 0.751804 -0.659386 0
    outer loop
      vertex 5.92897 7.32183 3.2
      vertex 6.04541 7.45459 0
      vertex 6.04541 7.45459 3.2
    endloop
  endfacet
  facet normal 0.751804 -0.659386 0
    outer loop
      vertex 6.04541 7.45459 0
      vertex 5.92897 7.32183 3.2
      vertex 5.92897 7.32183 0
    endloop
  endfacet
  facet normal 0.321439 -0.94693 0
    outer loop
      vertex 6.48338 7.74724 0
      vertex 6.65059 7.804 3.2
      vertex 6.48338 7.74724 3.2
    endloop
  endfacet
  facet normal 0.321439 -0.94693 0
    outer loop
      vertex 6.65059 7.804 3.2
      vertex 6.48338 7.74724 0
      vertex 6.65059 7.804 0
    endloop
  endfacet
  facet normal 0.195081 0.980787 -0
    outer loop
      vertex 6.82379 5.16155 0
      vertex 6.65059 5.196 3.2
      vertex 6.82379 5.16155 3.2
    endloop
  endfacet
  facet normal 0.195081 0.980787 0
    outer loop
      vertex 6.65059 5.196 3.2
      vertex 6.82379 5.16155 0
      vertex 6.65059 5.196 0
    endloop
  endfacet
  facet normal -0.980787 0.195081 0
    outer loop
      vertex 8.304 6.15059 0
      vertex 8.33845 6.32379 3.2
      vertex 8.33845 6.32379 0
    endloop
  endfacet
  facet normal -0.980787 0.195081 0
    outer loop
      vertex 8.33845 6.32379 3.2
      vertex 8.304 6.15059 0
      vertex 8.304 6.15059 3.2
    endloop
  endfacet
  facet normal 0.659386 0.751804 -0
    outer loop
      vertex 6.17817 5.42897 0
      vertex 6.04541 5.54541 3.2
      vertex 6.17817 5.42897 3.2
    endloop
  endfacet
  facet normal 0.659386 0.751804 0
    outer loop
      vertex 6.04541 5.54541 3.2
      vertex 6.17817 5.42897 0
      vertex 6.04541 5.54541 0
    endloop
  endfacet
  facet normal 0.997859 0.0654064 0
    outer loop
      vertex 5.66155 6.32379 3.2
      vertex 5.65 6.5 0
      vertex 5.65 6.5 3.2
    endloop
  endfacet
  facet normal 0.997859 0.0654064 0
    outer loop
      vertex 5.65 6.5 0
      vertex 5.66155 6.32379 3.2
      vertex 5.66155 6.32379 0
    endloop
  endfacet
  facet normal 0.442269 0.896883 -0
    outer loop
      vertex 6.48338 5.25276 0
      vertex 6.325 5.33086 3.2
      vertex 6.48338 5.25276 3.2
    endloop
  endfacet
  facet normal 0.442269 0.896883 0
    outer loop
      vertex 6.325 5.33086 3.2
      vertex 6.48338 5.25276 0
      vertex 6.325 5.33086 0
    endloop
  endfacet
  facet normal -0.980787 -0.195081 0
    outer loop
      vertex 8.33845 55.6762 0
      vertex 8.304 55.8494 3.2
      vertex 8.304 55.8494 0
    endloop
  endfacet
  facet normal -0.980787 -0.195081 0
    outer loop
      vertex 8.304 55.8494 3.2
      vertex 8.33845 55.6762 0
      vertex 8.33845 55.6762 3.2
    endloop
  endfacet
  facet normal -0.997858 -0.0654101 0
    outer loop
      vertex 8.35 55.5 0
      vertex 8.33845 55.6762 3.2
      vertex 8.33845 55.6762 0
    endloop
  endfacet
  facet normal -0.997858 -0.0654101 0
    outer loop
      vertex 8.33845 55.6762 3.2
      vertex 8.35 55.5 0
      vertex 8.35 55.5 3.2
    endloop
  endfacet
  facet normal -0.946934 -0.321429 0
    outer loop
      vertex 8.304 55.8494 0
      vertex 8.25288 56 3.2
      vertex 8.25288 56 0
    endloop
  endfacet
  facet normal -0.946934 -0.321429 0
    outer loop
      vertex 8.25288 56 3.2
      vertex 8.304 55.8494 0
      vertex 8.304 55.8494 3.2
    endloop
  endfacet
  facet normal 0.946925 0.321456 0
    outer loop
      vertex 5.75276 54.9834 3.2
      vertex 5.696 55.1506 0
      vertex 5.696 55.1506 3.2
    endloop
  endfacet
  facet normal 0.946925 0.321456 0
    outer loop
      vertex 5.696 55.1506 0
      vertex 5.75276 54.9834 3.2
      vertex 5.75276 54.9834 0
    endloop
  endfacet
  facet normal -0.321642 0.946861 0
    outer loop
      vertex 7.51662 54.2528 0
      vertex 7.34941 54.196 3.2
      vertex 7.51662 54.2528 3.2
    endloop
  endfacet
  facet normal -0.321642 0.946861 0
    outer loop
      vertex 7.34941 54.196 3.2
      vertex 7.51662 54.2528 0
      vertex 7.34941 54.196 0
    endloop
  endfacet
  facet normal -0.980787 0.195081 0
    outer loop
      vertex 8.304 55.1506 0
      vertex 8.33845 55.3238 3.2
      vertex 8.33845 55.3238 0
    endloop
  endfacet
  facet normal -0.980787 0.195081 0
    outer loop
      vertex 8.33845 55.3238 3.2
      vertex 8.304 55.1506 0
      vertex 8.304 55.1506 3.2
    endloop
  endfacet
  facet normal -0.555536 0.831492 0
    outer loop
      vertex 7.82183 54.429 0
      vertex 7.675 54.3309 3.2
      vertex 7.82183 54.429 3.2
    endloop
  endfacet
  facet normal -0.555536 0.831492 0
    outer loop
      vertex 7.675 54.3309 3.2
      vertex 7.82183 54.429 0
      vertex 7.675 54.3309 0
    endloop
  endfacet
  facet normal 0.997858 0.0654101 0
    outer loop
      vertex 5.66155 55.3238 3.2
      vertex 5.65 55.5 0
      vertex 5.65 55.5 3.2
    endloop
  endfacet
  facet normal 0.997858 0.0654101 0
    outer loop
      vertex 5.65 55.5 0
      vertex 5.66155 55.3238 3.2
      vertex 5.66155 55.3238 0
    endloop
  endfacet
  facet normal 0.896905 0.442224 0
    outer loop
      vertex 5.83086 54.825 3.2
      vertex 5.75276 54.9834 0
      vertex 5.75276 54.9834 3.2
    endloop
  endfacet
  facet normal 0.896905 0.442224 0
    outer loop
      vertex 5.75276 54.9834 0
      vertex 5.83086 54.825 3.2
      vertex 5.83086 54.825 0
    endloop
  endfacet
  facet normal 0.321642 0.946861 -0
    outer loop
      vertex 6.65059 54.196 0
      vertex 6.48338 54.2528 3.2
      vertex 6.65059 54.196 3.2
    endloop
  endfacet
  facet normal 0.321642 0.946861 0
    outer loop
      vertex 6.48338 54.2528 3.2
      vertex 6.65059 54.196 0
      vertex 6.48338 54.2528 0
    endloop
  endfacet
  facet normal -0.195354 0.980733 0
    outer loop
      vertex 7.34941 54.196 0
      vertex 7.17621 54.1615 3.2
      vertex 7.34941 54.196 3.2
    endloop
  endfacet
  facet normal -0.195354 0.980733 0
    outer loop
      vertex 7.17621 54.1615 3.2
      vertex 7.34941 54.196 0
      vertex 7.17621 54.1615 0
    endloop
  endfacet
  facet normal -0.442269 0.896883 0
    outer loop
      vertex 7.675 54.3309 0
      vertex 7.51662 54.2528 3.2
      vertex 7.675 54.3309 3.2
    endloop
  endfacet
  facet normal -0.442269 0.896883 0
    outer loop
      vertex 7.51662 54.2528 3.2
      vertex 7.675 54.3309 0
      vertex 7.51662 54.2528 0
    endloop
  endfacet
  facet normal 0.980787 0.195081 0
    outer loop
      vertex 5.696 55.1506 3.2
      vertex 5.66155 55.3238 0
      vertex 5.66155 55.3238 3.2
    endloop
  endfacet
  facet normal 0.980787 0.195081 0
    outer loop
      vertex 5.66155 55.3238 0
      vertex 5.696 55.1506 3.2
      vertex 5.696 55.1506 0
    endloop
  endfacet
  facet normal -0.997858 0.0654101 0
    outer loop
      vertex 8.33845 55.3238 0
      vertex 8.35 55.5 3.2
      vertex 8.35 55.5 0
    endloop
  endfacet
  facet normal -0.997858 0.0654101 0
    outer loop
      vertex 8.35 55.5 3.2
      vertex 8.33845 55.3238 0
      vertex 8.33845 55.3238 3.2
    endloop
  endfacet
  facet normal 0.555536 0.831492 -0
    outer loop
      vertex 6.325 54.3309 0
      vertex 6.17817 54.429 3.2
      vertex 6.325 54.3309 3.2
    endloop
  endfacet
  facet normal 0.555536 0.831492 0
    outer loop
      vertex 6.17817 54.429 3.2
      vertex 6.325 54.3309 0
      vertex 6.17817 54.429 0
    endloop
  endfacet
  facet normal -0.751903 0.659274 0
    outer loop
      vertex 7.95459 54.5454 0
      vertex 8.07103 54.6782 3.2
      vertex 8.07103 54.6782 0
    endloop
  endfacet
  facet normal -0.751903 0.659274 0
    outer loop
      vertex 8.07103 54.6782 3.2
      vertex 7.95459 54.5454 0
      vertex 7.95459 54.5454 3.2
    endloop
  endfacet
  facet normal -0.83144 0.555615 0
    outer loop
      vertex 8.07103 54.6782 0
      vertex 8.16913 54.825 3.2
      vertex 8.16913 54.825 0
    endloop
  endfacet
  facet normal -0.83144 0.555615 0
    outer loop
      vertex 8.16913 54.825 3.2
      vertex 8.07103 54.6782 0
      vertex 8.07103 54.6782 3.2
    endloop
  endfacet
  facet normal 0.751903 0.659274 0
    outer loop
      vertex 6.04541 54.5454 3.2
      vertex 5.92897 54.6782 0
      vertex 5.92897 54.6782 3.2
    endloop
  endfacet
  facet normal 0.751903 0.659274 0
    outer loop
      vertex 5.92897 54.6782 0
      vertex 6.04541 54.5454 3.2
      vertex 6.04541 54.5454 0
    endloop
  endfacet
  facet normal 0.659258 0.751917 -0
    outer loop
      vertex 6.17817 54.429 0
      vertex 6.04541 54.5454 3.2
      vertex 6.17817 54.429 3.2
    endloop
  endfacet
  facet normal 0.659258 0.751917 0
    outer loop
      vertex 6.04541 54.5454 3.2
      vertex 6.17817 54.429 0
      vertex 6.04541 54.5454 0
    endloop
  endfacet
  facet normal -0.946925 0.321456 0
    outer loop
      vertex 8.24724 54.9834 0
      vertex 8.304 55.1506 3.2
      vertex 8.304 55.1506 0
    endloop
  endfacet
  facet normal -0.946925 0.321456 0
    outer loop
      vertex 8.304 55.1506 3.2
      vertex 8.24724 54.9834 0
      vertex 8.24724 54.9834 3.2
    endloop
  endfacet
  facet normal 0.831414 0.555654 0
    outer loop
      vertex 5.92897 54.6782 3.2
      vertex 5.83086 54.825 0
      vertex 5.83086 54.825 3.2
    endloop
  endfacet
  facet normal 0.831414 0.555654 0
    outer loop
      vertex 5.83086 54.825 0
      vertex 5.92897 54.6782 3.2
      vertex 5.92897 54.6782 0
    endloop
  endfacet
  facet normal -0.896882 0.442269 0
    outer loop
      vertex 8.16913 54.825 0
      vertex 8.24724 54.9834 3.2
      vertex 8.24724 54.9834 0
    endloop
  endfacet
  facet normal -0.896882 0.442269 0
    outer loop
      vertex 8.24724 54.9834 3.2
      vertex 8.16913 54.825 0
      vertex 8.16913 54.825 3.2
    endloop
  endfacet
  facet normal 0.195354 0.980733 -0
    outer loop
      vertex 6.82379 54.1615 0
      vertex 6.65059 54.196 3.2
      vertex 6.82379 54.1615 3.2
    endloop
  endfacet
  facet normal 0.195354 0.980733 0
    outer loop
      vertex 6.65059 54.196 3.2
      vertex 6.82379 54.1615 0
      vertex 6.65059 54.196 0
    endloop
  endfacet
  facet normal -0.0651245 0.997877 0
    outer loop
      vertex 7.17621 54.1615 0
      vertex 7 54.15 3.2
      vertex 7.17621 54.1615 3.2
    endloop
  endfacet
  facet normal -0.0651245 0.997877 0
    outer loop
      vertex 7 54.15 3.2
      vertex 7.17621 54.1615 0
      vertex 7 54.15 0
    endloop
  endfacet
  facet normal 0.442269 0.896883 -0
    outer loop
      vertex 6.48338 54.2528 0
      vertex 6.325 54.3309 3.2
      vertex 6.48338 54.2528 3.2
    endloop
  endfacet
  facet normal 0.442269 0.896883 0
    outer loop
      vertex 6.325 54.3309 3.2
      vertex 6.48338 54.2528 0
      vertex 6.325 54.3309 0
    endloop
  endfacet
  facet normal -0.659258 0.751917 0
    outer loop
      vertex 7.95459 54.5454 0
      vertex 7.82183 54.429 3.2
      vertex 7.95459 54.5454 3.2
    endloop
  endfacet
  facet normal -0.659258 0.751917 0
    outer loop
      vertex 7.82183 54.429 3.2
      vertex 7.95459 54.5454 0
      vertex 7.82183 54.429 0
    endloop
  endfacet
  facet normal 0.0651245 0.997877 -0
    outer loop
      vertex 7 54.15 0
      vertex 6.82379 54.1615 3.2
      vertex 7 54.15 3.2
    endloop
  endfacet
  facet normal 0.0651245 0.997877 0
    outer loop
      vertex 6.82379 54.1615 3.2
      vertex 7 54.15 0
      vertex 6.82379 54.1615 0
    endloop
  endfacet
  facet normal 0.980787 -0.195081 0
    outer loop
      vertex 5.66155 55.6762 3.2
      vertex 5.696 55.8494 0
      vertex 5.696 55.8494 3.2
    endloop
  endfacet
  facet normal 0.980787 -0.195081 0
    outer loop
      vertex 5.696 55.8494 0
      vertex 5.66155 55.6762 3.2
      vertex 5.66155 55.6762 0
    endloop
  endfacet
  facet normal 0.946934 -0.321429 0
    outer loop
      vertex 5.696 55.8494 3.2
      vertex 5.74712 56 0
      vertex 5.74712 56 3.2
    endloop
  endfacet
  facet normal 0.946934 -0.321429 0
    outer loop
      vertex 5.74712 56 0
      vertex 5.696 55.8494 3.2
      vertex 5.696 55.8494 0
    endloop
  endfacet
  facet normal 0.997858 -0.0654101 0
    outer loop
      vertex 5.65 55.5 3.2
      vertex 5.66155 55.6762 0
      vertex 5.66155 55.6762 3.2
    endloop
  endfacet
  facet normal 0.997858 -0.0654101 0
    outer loop
      vertex 5.66155 55.6762 0
      vertex 5.65 55.5 3.2
      vertex 5.65 55.5 0
    endloop
  endfacet
  facet normal -0.980841 -0.194809 0
    outer loop
      vertex 66.3384 6.67621 0
      vertex 66.304 6.84941 3.2
      vertex 66.304 6.84941 0
    endloop
  endfacet
  facet normal -0.980841 -0.194809 0
    outer loop
      vertex 66.304 6.84941 3.2
      vertex 66.3384 6.67621 0
      vertex 66.3384 6.67621 3.2
    endloop
  endfacet
  facet normal -0.99784 -0.0656884 0
    outer loop
      vertex 66.35 6.5 0
      vertex 66.3384 6.67621 3.2
      vertex 66.3384 6.67621 0
    endloop
  endfacet
  facet normal -0.99784 -0.0656884 0
    outer loop
      vertex 66.3384 6.67621 3.2
      vertex 66.35 6.5 0
      vertex 66.35 6.5 3.2
    endloop
  endfacet
  facet normal -0.946861 -0.321642 0
    outer loop
      vertex 66.304 6.84941 0
      vertex 66.2472 7.01662 3.2
      vertex 66.2472 7.01662 0
    endloop
  endfacet
  facet normal -0.946861 -0.321642 0
    outer loop
      vertex 66.2472 7.01662 3.2
      vertex 66.304 6.84941 0
      vertex 66.304 6.84941 3.2
    endloop
  endfacet
  facet normal -0.831492 -0.555536 0
    outer loop
      vertex 66.1691 7.175 0
      vertex 66.071 7.32183 3.2
      vertex 66.071 7.32183 0
    endloop
  endfacet
  facet normal -0.831492 -0.555536 0
    outer loop
      vertex 66.071 7.32183 3.2
      vertex 66.1691 7.175 0
      vertex 66.1691 7.175 3.2
    endloop
  endfacet
  facet normal 0.946861 0.321642 0
    outer loop
      vertex 63.7528 5.98338 3.2
      vertex 63.696 6.15059 0
      vertex 63.696 6.15059 3.2
    endloop
  endfacet
  facet normal 0.946861 0.321642 0
    outer loop
      vertex 63.696 6.15059 0
      vertex 63.7528 5.98338 3.2
      vertex 63.7528 5.98338 0
    endloop
  endfacet
  facet normal -0.321456 0.946925 0
    outer loop
      vertex 65.5166 5.25276 0
      vertex 65.3494 5.196 3.2
      vertex 65.5166 5.25276 3.2
    endloop
  endfacet
  facet normal -0.321456 0.946925 0
    outer loop
      vertex 65.3494 5.196 3.2
      vertex 65.5166 5.25276 0
      vertex 65.3494 5.196 0
    endloop
  endfacet
  facet normal -0.896883 -0.442269 0
    outer loop
      vertex 66.2472 7.01662 0
      vertex 66.1691 7.175 3.2
      vertex 66.1691 7.175 0
    endloop
  endfacet
  facet normal -0.896883 -0.442269 0
    outer loop
      vertex 66.1691 7.175 3.2
      vertex 66.2472 7.01662 0
      vertex 66.2472 7.01662 3.2
    endloop
  endfacet
  facet normal 0.555615 -0.83144 0
    outer loop
      vertex 64.1782 7.57103 0
      vertex 64.325 7.66913 3.2
      vertex 64.1782 7.57103 3.2
    endloop
  endfacet
  facet normal 0.555615 -0.83144 0
    outer loop
      vertex 64.325 7.66913 3.2
      vertex 64.1782 7.57103 0
      vertex 64.325 7.66913 0
    endloop
  endfacet
  facet normal -0.980841 0.194809 0
    outer loop
      vertex 66.304 6.15059 0
      vertex 66.3384 6.32379 3.2
      vertex 66.3384 6.32379 0
    endloop
  endfacet
  facet normal -0.980841 0.194809 0
    outer loop
      vertex 66.3384 6.32379 3.2
      vertex 66.304 6.15059 0
      vertex 66.304 6.15059 3.2
    endloop
  endfacet
  facet normal -0.321456 -0.946925 0
    outer loop
      vertex 65.3494 7.804 0
      vertex 65.5166 7.74724 3.2
      vertex 65.3494 7.804 3.2
    endloop
  endfacet
  facet normal -0.321456 -0.946925 -0
    outer loop
      vertex 65.5166 7.74724 3.2
      vertex 65.3494 7.804 0
      vertex 65.5166 7.74724 0
    endloop
  endfacet
  facet normal 0.659274 -0.751903 0
    outer loop
      vertex 64.0454 7.45459 0
      vertex 64.1782 7.57103 3.2
      vertex 64.0454 7.45459 3.2
    endloop
  endfacet
  facet normal 0.659274 -0.751903 0
    outer loop
      vertex 64.1782 7.57103 3.2
      vertex 64.0454 7.45459 0
      vertex 64.1782 7.57103 0
    endloop
  endfacet
  facet normal -0.555654 0.831414 0
    outer loop
      vertex 65.8218 5.42897 0
      vertex 65.675 5.33086 3.2
      vertex 65.8218 5.42897 3.2
    endloop
  endfacet
  facet normal -0.555654 0.831414 0
    outer loop
      vertex 65.675 5.33086 3.2
      vertex 65.8218 5.42897 0
      vertex 65.675 5.33086 0
    endloop
  endfacet
  facet normal 0.195081 -0.980787 0
    outer loop
      vertex 64.6506 7.804 0
      vertex 64.8238 7.83845 3.2
      vertex 64.6506 7.804 3.2
    endloop
  endfacet
  facet normal 0.195081 -0.980787 0
    outer loop
      vertex 64.8238 7.83845 3.2
      vertex 64.6506 7.804 0
      vertex 64.8238 7.83845 0
    endloop
  endfacet
  facet normal 0.997877 0.0651245 0
    outer loop
      vertex 63.6615 6.32379 3.2
      vertex 63.65 6.5 0
      vertex 63.65 6.5 3.2
    endloop
  endfacet
  facet normal 0.997877 0.0651245 0
    outer loop
      vertex 63.65 6.5 0
      vertex 63.6615 6.32379 3.2
      vertex 63.6615 6.32379 0
    endloop
  endfacet
  facet normal 0.896883 0.442269 0
    outer loop
      vertex 63.8309 5.825 3.2
      vertex 63.7528 5.98338 0
      vertex 63.7528 5.98338 3.2
    endloop
  endfacet
  facet normal 0.896883 0.442269 0
    outer loop
      vertex 63.7528 5.98338 0
      vertex 63.8309 5.825 3.2
      vertex 63.8309 5.825 0
    endloop
  endfacet
  facet normal -0.0654101 -0.997858 0
    outer loop
      vertex 65 7.85 0
      vertex 65.1762 7.83845 3.2
      vertex 65 7.85 3.2
    endloop
  endfacet
  facet normal -0.0654101 -0.997858 -0
    outer loop
      vertex 65.1762 7.83845 3.2
      vertex 65 7.85 0
      vertex 65.1762 7.83845 0
    endloop
  endfacet
  facet normal 0.321456 0.946925 -0
    outer loop
      vertex 64.6506 5.196 0
      vertex 64.4834 5.25276 3.2
      vertex 64.6506 5.196 3.2
    endloop
  endfacet
  facet normal 0.321456 0.946925 0
    outer loop
      vertex 64.4834 5.25276 3.2
      vertex 64.6506 5.196 0
      vertex 64.4834 5.25276 0
    endloop
  endfacet
  facet normal -0.195081 0.980787 0
    outer loop
      vertex 65.3494 5.196 0
      vertex 65.1762 5.16155 3.2
      vertex 65.3494 5.196 3.2
    endloop
  endfacet
  facet normal -0.195081 0.980787 0
    outer loop
      vertex 65.1762 5.16155 3.2
      vertex 65.3494 5.196 0
      vertex 65.1762 5.16155 0
    endloop
  endfacet
  facet normal 0.442269 -0.896882 0
    outer loop
      vertex 64.325 7.66913 0
      vertex 64.4834 7.74724 3.2
      vertex 64.325 7.66913 3.2
    endloop
  endfacet
  facet normal 0.442269 -0.896882 0
    outer loop
      vertex 64.4834 7.74724 3.2
      vertex 64.325 7.66913 0
      vertex 64.4834 7.74724 0
    endloop
  endfacet
  facet normal -0.442269 -0.896882 0
    outer loop
      vertex 65.5166 7.74724 0
      vertex 65.675 7.66913 3.2
      vertex 65.5166 7.74724 3.2
    endloop
  endfacet
  facet normal -0.442269 -0.896882 -0
    outer loop
      vertex 65.675 7.66913 3.2
      vertex 65.5166 7.74724 0
      vertex 65.675 7.66913 0
    endloop
  endfacet
  facet normal -0.442224 0.896905 0
    outer loop
      vertex 65.675 5.33086 0
      vertex 65.5166 5.25276 3.2
      vertex 65.675 5.33086 3.2
    endloop
  endfacet
  facet normal -0.442224 0.896905 0
    outer loop
      vertex 65.5166 5.25276 3.2
      vertex 65.675 5.33086 0
      vertex 65.5166 5.25276 0
    endloop
  endfacet
  facet normal 0.980733 0.195354 0
    outer loop
      vertex 63.696 6.15059 3.2
      vertex 63.6615 6.32379 0
      vertex 63.6615 6.32379 3.2
    endloop
  endfacet
  facet normal 0.980733 0.195354 0
    outer loop
      vertex 63.6615 6.32379 0
      vertex 63.696 6.15059 3.2
      vertex 63.696 6.15059 0
    endloop
  endfacet
  facet normal -0.99784 0.0656884 0
    outer loop
      vertex 66.3384 6.32379 0
      vertex 66.35 6.5 3.2
      vertex 66.35 6.5 0
    endloop
  endfacet
  facet normal -0.99784 0.0656884 0
    outer loop
      vertex 66.35 6.5 3.2
      vertex 66.3384 6.32379 0
      vertex 66.3384 6.32379 3.2
    endloop
  endfacet
  facet normal 0.555654 0.831414 -0
    outer loop
      vertex 64.325 5.33086 0
      vertex 64.1782 5.42897 3.2
      vertex 64.325 5.33086 3.2
    endloop
  endfacet
  facet normal 0.555654 0.831414 0
    outer loop
      vertex 64.1782 5.42897 3.2
      vertex 64.325 5.33086 0
      vertex 64.1782 5.42897 0
    endloop
  endfacet
  facet normal -0.751917 0.659258 0
    outer loop
      vertex 65.9546 5.54541 0
      vertex 66.071 5.67817 3.2
      vertex 66.071 5.67817 0
    endloop
  endfacet
  facet normal -0.751917 0.659258 0
    outer loop
      vertex 66.071 5.67817 3.2
      vertex 65.9546 5.54541 0
      vertex 65.9546 5.54541 3.2
    endloop
  endfacet
  facet normal -0.831492 0.555536 0
    outer loop
      vertex 66.071 5.67817 0
      vertex 66.1691 5.825 3.2
      vertex 66.1691 5.825 0
    endloop
  endfacet
  facet normal -0.831492 0.555536 0
    outer loop
      vertex 66.1691 5.825 3.2
      vertex 66.071 5.67817 0
      vertex 66.071 5.67817 3.2
    endloop
  endfacet
  facet normal 0.751917 0.659258 0
    outer loop
      vertex 64.0454 5.54541 3.2
      vertex 63.929 5.67817 0
      vertex 63.929 5.67817 3.2
    endloop
  endfacet
  facet normal 0.751917 0.659258 0
    outer loop
      vertex 63.929 5.67817 0
      vertex 64.0454 5.54541 3.2
      vertex 64.0454 5.54541 0
    endloop
  endfacet
  facet normal 0.751917 -0.659258 0
    outer loop
      vertex 63.929 7.32183 3.2
      vertex 64.0454 7.45459 0
      vertex 64.0454 7.45459 3.2
    endloop
  endfacet
  facet normal 0.751917 -0.659258 0
    outer loop
      vertex 64.0454 7.45459 0
      vertex 63.929 7.32183 3.2
      vertex 63.929 7.32183 0
    endloop
  endfacet
  facet normal 0.831492 -0.555536 0
    outer loop
      vertex 63.8309 7.175 3.2
      vertex 63.929 7.32183 0
      vertex 63.929 7.32183 3.2
    endloop
  endfacet
  facet normal 0.831492 -0.555536 0
    outer loop
      vertex 63.929 7.32183 0
      vertex 63.8309 7.175 3.2
      vertex 63.8309 7.175 0
    endloop
  endfacet
  facet normal -0.946861 0.321642 0
    outer loop
      vertex 66.2472 5.98338 0
      vertex 66.304 6.15059 3.2
      vertex 66.304 6.15059 0
    endloop
  endfacet
  facet normal -0.946861 0.321642 0
    outer loop
      vertex 66.304 6.15059 3.2
      vertex 66.2472 5.98338 0
      vertex 66.2472 5.98338 3.2
    endloop
  endfacet
  facet normal 0.831492 0.555536 0
    outer loop
      vertex 63.929 5.67817 3.2
      vertex 63.8309 5.825 0
      vertex 63.8309 5.825 3.2
    endloop
  endfacet
  facet normal 0.831492 0.555536 0
    outer loop
      vertex 63.8309 5.825 0
      vertex 63.929 5.67817 3.2
      vertex 63.929 5.67817 0
    endloop
  endfacet
  facet normal -0.896883 0.442269 0
    outer loop
      vertex 66.1691 5.825 0
      vertex 66.2472 5.98338 3.2
      vertex 66.2472 5.98338 0
    endloop
  endfacet
  facet normal -0.896883 0.442269 0
    outer loop
      vertex 66.2472 5.98338 3.2
      vertex 66.1691 5.825 0
      vertex 66.1691 5.825 3.2
    endloop
  endfacet
  facet normal 0.195081 0.980787 -0
    outer loop
      vertex 64.8238 5.16155 0
      vertex 64.6506 5.196 3.2
      vertex 64.8238 5.16155 3.2
    endloop
  endfacet
  facet normal 0.195081 0.980787 0
    outer loop
      vertex 64.6506 5.196 3.2
      vertex 64.8238 5.16155 0
      vertex 64.6506 5.196 0
    endloop
  endfacet
  facet normal -0.0654101 0.997858 0
    outer loop
      vertex 65.1762 5.16155 0
      vertex 65 5.15 3.2
      vertex 65.1762 5.16155 3.2
    endloop
  endfacet
  facet normal -0.0654101 0.997858 0
    outer loop
      vertex 65 5.15 3.2
      vertex 65.1762 5.16155 0
      vertex 65 5.15 0
    endloop
  endfacet
  facet normal 0.442224 0.896905 -0
    outer loop
      vertex 64.4834 5.25276 0
      vertex 64.325 5.33086 3.2
      vertex 64.4834 5.25276 3.2
    endloop
  endfacet
  facet normal 0.442224 0.896905 0
    outer loop
      vertex 64.325 5.33086 3.2
      vertex 64.4834 5.25276 0
      vertex 64.325 5.33086 0
    endloop
  endfacet
  facet normal -0.195081 -0.980787 0
    outer loop
      vertex 65.1762 7.83845 0
      vertex 65.3494 7.804 3.2
      vertex 65.1762 7.83845 3.2
    endloop
  endfacet
  facet normal -0.195081 -0.980787 -0
    outer loop
      vertex 65.3494 7.804 3.2
      vertex 65.1762 7.83845 0
      vertex 65.3494 7.804 0
    endloop
  endfacet
  facet normal -0.659274 0.751903 0
    outer loop
      vertex 65.9546 5.54541 0
      vertex 65.8218 5.42897 3.2
      vertex 65.9546 5.54541 3.2
    endloop
  endfacet
  facet normal -0.659274 0.751903 0
    outer loop
      vertex 65.8218 5.42897 3.2
      vertex 65.9546 5.54541 0
      vertex 65.8218 5.42897 0
    endloop
  endfacet
  facet normal -0.555615 -0.83144 0
    outer loop
      vertex 65.675 7.66913 0
      vertex 65.8218 7.57103 3.2
      vertex 65.675 7.66913 3.2
    endloop
  endfacet
  facet normal -0.555615 -0.83144 -0
    outer loop
      vertex 65.8218 7.57103 3.2
      vertex 65.675 7.66913 0
      vertex 65.8218 7.57103 0
    endloop
  endfacet
  facet normal 0.321456 -0.946925 0
    outer loop
      vertex 64.4834 7.74724 0
      vertex 64.6506 7.804 3.2
      vertex 64.4834 7.74724 3.2
    endloop
  endfacet
  facet normal 0.321456 -0.946925 0
    outer loop
      vertex 64.6506 7.804 3.2
      vertex 64.4834 7.74724 0
      vertex 64.6506 7.804 0
    endloop
  endfacet
  facet normal 0.0654101 0.997858 -0
    outer loop
      vertex 65 5.15 0
      vertex 64.8238 5.16155 3.2
      vertex 65 5.15 3.2
    endloop
  endfacet
  facet normal 0.0654101 0.997858 0
    outer loop
      vertex 64.8238 5.16155 3.2
      vertex 65 5.15 0
      vertex 64.8238 5.16155 0
    endloop
  endfacet
  facet normal 0.896883 -0.442269 0
    outer loop
      vertex 63.7528 7.01662 3.2
      vertex 63.8309 7.175 0
      vertex 63.8309 7.175 3.2
    endloop
  endfacet
  facet normal 0.896883 -0.442269 0
    outer loop
      vertex 63.8309 7.175 0
      vertex 63.7528 7.01662 3.2
      vertex 63.7528 7.01662 0
    endloop
  endfacet
  facet normal 0.980733 -0.195354 0
    outer loop
      vertex 63.6615 6.67621 3.2
      vertex 63.696 6.84941 0
      vertex 63.696 6.84941 3.2
    endloop
  endfacet
  facet normal 0.980733 -0.195354 0
    outer loop
      vertex 63.696 6.84941 0
      vertex 63.6615 6.67621 3.2
      vertex 63.6615 6.67621 0
    endloop
  endfacet
  facet normal -0.751917 -0.659258 0
    outer loop
      vertex 66.071 7.32183 0
      vertex 65.9546 7.45459 3.2
      vertex 65.9546 7.45459 0
    endloop
  endfacet
  facet normal -0.751917 -0.659258 0
    outer loop
      vertex 65.9546 7.45459 3.2
      vertex 66.071 7.32183 0
      vertex 66.071 7.32183 3.2
    endloop
  endfacet
  facet normal 0.659274 0.751903 -0
    outer loop
      vertex 64.1782 5.42897 0
      vertex 64.0454 5.54541 3.2
      vertex 64.1782 5.42897 3.2
    endloop
  endfacet
  facet normal 0.659274 0.751903 0
    outer loop
      vertex 64.0454 5.54541 3.2
      vertex 64.1782 5.42897 0
      vertex 64.0454 5.54541 0
    endloop
  endfacet
  facet normal -0.659274 -0.751903 0
    outer loop
      vertex 65.8218 7.57103 0
      vertex 65.9546 7.45459 3.2
      vertex 65.8218 7.57103 3.2
    endloop
  endfacet
  facet normal -0.659274 -0.751903 -0
    outer loop
      vertex 65.9546 7.45459 3.2
      vertex 65.8218 7.57103 0
      vertex 65.9546 7.45459 0
    endloop
  endfacet
  facet normal 0.0654101 -0.997858 0
    outer loop
      vertex 64.8238 7.83845 0
      vertex 65 7.85 3.2
      vertex 64.8238 7.83845 3.2
    endloop
  endfacet
  facet normal 0.0654101 -0.997858 0
    outer loop
      vertex 65 7.85 3.2
      vertex 64.8238 7.83845 0
      vertex 65 7.85 0
    endloop
  endfacet
  facet normal 0.946861 -0.321642 0
    outer loop
      vertex 63.696 6.84941 3.2
      vertex 63.7528 7.01662 0
      vertex 63.7528 7.01662 3.2
    endloop
  endfacet
  facet normal 0.946861 -0.321642 0
    outer loop
      vertex 63.7528 7.01662 0
      vertex 63.696 6.84941 3.2
      vertex 63.696 6.84941 0
    endloop
  endfacet
  facet normal 0.997877 -0.0651245 0
    outer loop
      vertex 63.65 6.5 3.2
      vertex 63.6615 6.67621 0
      vertex 63.6615 6.67621 3.2
    endloop
  endfacet
  facet normal 0.997877 -0.0651245 0
    outer loop
      vertex 63.6615 6.67621 0
      vertex 63.65 6.5 3.2
      vertex 63.65 6.5 0
    endloop
  endfacet
  facet normal -0.980841 -0.194809 0
    outer loop
      vertex 66.3384 55.6762 0
      vertex 66.304 55.8494 3.2
      vertex 66.304 55.8494 0
    endloop
  endfacet
  facet normal -0.980841 -0.194809 0
    outer loop
      vertex 66.304 55.8494 3.2
      vertex 66.3384 55.6762 0
      vertex 66.3384 55.6762 3.2
    endloop
  endfacet
  facet normal -0.99784 -0.0656921 0
    outer loop
      vertex 66.35 55.5 0
      vertex 66.3384 55.6762 3.2
      vertex 66.3384 55.6762 0
    endloop
  endfacet
  facet normal -0.99784 -0.0656921 0
    outer loop
      vertex 66.3384 55.6762 3.2
      vertex 66.35 55.5 0
      vertex 66.35 55.5 3.2
    endloop
  endfacet
  facet normal -0.946972 -0.321316 0
    outer loop
      vertex 66.304 55.8494 0
      vertex 66.2529 56 3.2
      vertex 66.2529 56 0
    endloop
  endfacet
  facet normal -0.946972 -0.321316 0
    outer loop
      vertex 66.2529 56 3.2
      vertex 66.304 55.8494 0
      vertex 66.304 55.8494 3.2
    endloop
  endfacet
  facet normal 0.946856 0.321659 0
    outer loop
      vertex 63.7528 54.9834 3.2
      vertex 63.696 55.1506 0
      vertex 63.696 55.1506 3.2
    endloop
  endfacet
  facet normal 0.946856 0.321659 0
    outer loop
      vertex 63.696 55.1506 0
      vertex 63.7528 54.9834 3.2
      vertex 63.7528 54.9834 0
    endloop
  endfacet
  facet normal -0.321659 0.946856 0
    outer loop
      vertex 65.5166 54.2528 0
      vertex 65.3494 54.196 3.2
      vertex 65.5166 54.2528 3.2
    endloop
  endfacet
  facet normal -0.321659 0.946856 0
    outer loop
      vertex 65.3494 54.196 3.2
      vertex 65.5166 54.2528 0
      vertex 65.3494 54.196 0
    endloop
  endfacet
  facet normal -0.980841 0.194809 0
    outer loop
      vertex 66.304 55.1506 0
      vertex 66.3384 55.3238 3.2
      vertex 66.3384 55.3238 0
    endloop
  endfacet
  facet normal -0.980841 0.194809 0
    outer loop
      vertex 66.3384 55.3238 3.2
      vertex 66.304 55.1506 0
      vertex 66.304 55.1506 3.2
    endloop
  endfacet
  facet normal -0.555615 0.83144 0
    outer loop
      vertex 65.8218 54.429 0
      vertex 65.675 54.3309 3.2
      vertex 65.8218 54.429 3.2
    endloop
  endfacet
  facet normal -0.555615 0.83144 0
    outer loop
      vertex 65.675 54.3309 3.2
      vertex 65.8218 54.429 0
      vertex 65.675 54.3309 0
    endloop
  endfacet
  facet normal 0.997877 0.0651282 0
    outer loop
      vertex 63.6615 55.3238 3.2
      vertex 63.65 55.5 0
      vertex 63.65 55.5 3.2
    endloop
  endfacet
  facet normal 0.997877 0.0651282 0
    outer loop
      vertex 63.65 55.5 0
      vertex 63.6615 55.3238 3.2
      vertex 63.6615 55.3238 0
    endloop
  endfacet
  facet normal 0.896905 0.442224 0
    outer loop
      vertex 63.8309 54.825 3.2
      vertex 63.7528 54.9834 0
      vertex 63.7528 54.9834 3.2
    endloop
  endfacet
  facet normal 0.896905 0.442224 0
    outer loop
      vertex 63.7528 54.9834 0
      vertex 63.8309 54.825 3.2
      vertex 63.8309 54.825 0
    endloop
  endfacet
  facet normal 0.321659 0.946856 -0
    outer loop
      vertex 64.6506 54.196 0
      vertex 64.4834 54.2528 3.2
      vertex 64.6506 54.196 3.2
    endloop
  endfacet
  facet normal 0.321659 0.946856 0
    outer loop
      vertex 64.4834 54.2528 3.2
      vertex 64.6506 54.196 0
      vertex 64.4834 54.2528 0
    endloop
  endfacet
  facet normal -0.195354 0.980733 0
    outer loop
      vertex 65.3494 54.196 0
      vertex 65.1762 54.1615 3.2
      vertex 65.3494 54.196 3.2
    endloop
  endfacet
  facet normal -0.195354 0.980733 0
    outer loop
      vertex 65.1762 54.1615 3.2
      vertex 65.3494 54.196 0
      vertex 65.1762 54.1615 0
    endloop
  endfacet
  facet normal -0.442224 0.896905 0
    outer loop
      vertex 65.675 54.3309 0
      vertex 65.5166 54.2528 3.2
      vertex 65.675 54.3309 3.2
    endloop
  endfacet
  facet normal -0.442224 0.896905 0
    outer loop
      vertex 65.5166 54.2528 3.2
      vertex 65.675 54.3309 0
      vertex 65.5166 54.2528 0
    endloop
  endfacet
  facet normal 0.980733 0.195354 0
    outer loop
      vertex 63.696 55.1506 3.2
      vertex 63.6615 55.3238 0
      vertex 63.6615 55.3238 3.2
    endloop
  endfacet
  facet normal 0.980733 0.195354 0
    outer loop
      vertex 63.6615 55.3238 0
      vertex 63.696 55.1506 3.2
      vertex 63.696 55.1506 0
    endloop
  endfacet
  facet normal -0.99784 0.0656921 0
    outer loop
      vertex 66.3384 55.3238 0
      vertex 66.35 55.5 3.2
      vertex 66.35 55.5 0
    endloop
  endfacet
  facet normal -0.99784 0.0656921 0
    outer loop
      vertex 66.35 55.5 3.2
      vertex 66.3384 55.3238 0
      vertex 66.3384 55.3238 3.2
    endloop
  endfacet
  facet normal 0.555615 0.83144 -0
    outer loop
      vertex 64.325 54.3309 0
      vertex 64.1782 54.429 3.2
      vertex 64.325 54.3309 3.2
    endloop
  endfacet
  facet normal 0.555615 0.83144 0
    outer loop
      vertex 64.1782 54.429 3.2
      vertex 64.325 54.3309 0
      vertex 64.1782 54.429 0
    endloop
  endfacet
  facet normal -0.752015 0.659146 0
    outer loop
      vertex 65.9546 54.5454 0
      vertex 66.071 54.6782 3.2
      vertex 66.071 54.6782 0
    endloop
  endfacet
  facet normal -0.752015 0.659146 0
    outer loop
      vertex 66.071 54.6782 3.2
      vertex 65.9546 54.5454 0
      vertex 65.9546 54.5454 3.2
    endloop
  endfacet
  facet normal -0.83144 0.555615 0
    outer loop
      vertex 66.071 54.6782 0
      vertex 66.1691 54.825 3.2
      vertex 66.1691 54.825 0
    endloop
  endfacet
  facet normal -0.83144 0.555615 0
    outer loop
      vertex 66.1691 54.825 3.2
      vertex 66.071 54.6782 0
      vertex 66.071 54.6782 3.2
    endloop
  endfacet
  facet normal 0.752015 0.659146 0
    outer loop
      vertex 64.0454 54.5454 3.2
      vertex 63.929 54.6782 0
      vertex 63.929 54.6782 3.2
    endloop
  endfacet
  facet normal 0.752015 0.659146 0
    outer loop
      vertex 63.929 54.6782 0
      vertex 64.0454 54.5454 3.2
      vertex 64.0454 54.5454 0
    endloop
  endfacet
  facet normal -0.946856 0.321659 0
    outer loop
      vertex 66.2472 54.9834 0
      vertex 66.304 55.1506 3.2
      vertex 66.304 55.1506 0
    endloop
  endfacet
  facet normal -0.946856 0.321659 0
    outer loop
      vertex 66.304 55.1506 3.2
      vertex 66.2472 54.9834 0
      vertex 66.2472 54.9834 3.2
    endloop
  endfacet
  facet normal 0.83144 0.555615 0
    outer loop
      vertex 63.929 54.6782 3.2
      vertex 63.8309 54.825 0
      vertex 63.8309 54.825 3.2
    endloop
  endfacet
  facet normal 0.83144 0.555615 0
    outer loop
      vertex 63.8309 54.825 0
      vertex 63.929 54.6782 3.2
      vertex 63.929 54.6782 0
    endloop
  endfacet
  facet normal -0.896905 0.442224 0
    outer loop
      vertex 66.1691 54.825 0
      vertex 66.2472 54.9834 3.2
      vertex 66.2472 54.9834 0
    endloop
  endfacet
  facet normal -0.896905 0.442224 0
    outer loop
      vertex 66.2472 54.9834 3.2
      vertex 66.1691 54.825 0
      vertex 66.1691 54.825 3.2
    endloop
  endfacet
  facet normal 0.195354 0.980733 -0
    outer loop
      vertex 64.8238 54.1615 0
      vertex 64.6506 54.196 3.2
      vertex 64.8238 54.1615 3.2
    endloop
  endfacet
  facet normal 0.195354 0.980733 0
    outer loop
      vertex 64.6506 54.196 3.2
      vertex 64.8238 54.1615 0
      vertex 64.6506 54.196 0
    endloop
  endfacet
  facet normal -0.0651282 0.997877 0
    outer loop
      vertex 65.1762 54.1615 0
      vertex 65 54.15 3.2
      vertex 65.1762 54.1615 3.2
    endloop
  endfacet
  facet normal -0.0651282 0.997877 0
    outer loop
      vertex 65 54.15 3.2
      vertex 65.1762 54.1615 0
      vertex 65 54.15 0
    endloop
  endfacet
  facet normal 0.442224 0.896905 -0
    outer loop
      vertex 64.4834 54.2528 0
      vertex 64.325 54.3309 3.2
      vertex 64.4834 54.2528 3.2
    endloop
  endfacet
  facet normal 0.442224 0.896905 0
    outer loop
      vertex 64.325 54.3309 3.2
      vertex 64.4834 54.2528 0
      vertex 64.325 54.3309 0
    endloop
  endfacet
  facet normal -0.659146 0.752015 0
    outer loop
      vertex 65.9546 54.5454 0
      vertex 65.8218 54.429 3.2
      vertex 65.9546 54.5454 3.2
    endloop
  endfacet
  facet normal -0.659146 0.752015 0
    outer loop
      vertex 65.8218 54.429 3.2
      vertex 65.9546 54.5454 0
      vertex 65.8218 54.429 0
    endloop
  endfacet
  facet normal 0.0651282 0.997877 -0
    outer loop
      vertex 65 54.15 0
      vertex 64.8238 54.1615 3.2
      vertex 65 54.15 3.2
    endloop
  endfacet
  facet normal 0.0651282 0.997877 0
    outer loop
      vertex 64.8238 54.1615 3.2
      vertex 65 54.15 0
      vertex 64.8238 54.1615 0
    endloop
  endfacet
  facet normal 0.980733 -0.195354 0
    outer loop
      vertex 63.6615 55.6762 3.2
      vertex 63.696 55.8494 0
      vertex 63.696 55.8494 3.2
    endloop
  endfacet
  facet normal 0.980733 -0.195354 0
    outer loop
      vertex 63.696 55.8494 0
      vertex 63.6615 55.6762 3.2
      vertex 63.6615 55.6762 0
    endloop
  endfacet
  facet normal 0.659146 0.752015 -0
    outer loop
      vertex 64.1782 54.429 0
      vertex 64.0454 54.5454 3.2
      vertex 64.1782 54.429 3.2
    endloop
  endfacet
  facet normal 0.659146 0.752015 0
    outer loop
      vertex 64.0454 54.5454 3.2
      vertex 64.1782 54.429 0
      vertex 64.0454 54.5454 0
    endloop
  endfacet
  facet normal 0.946972 -0.321316 0
    outer loop
      vertex 63.696 55.8494 3.2
      vertex 63.7471 56 0
      vertex 63.7471 56 3.2
    endloop
  endfacet
  facet normal 0.946972 -0.321316 0
    outer loop
      vertex 63.7471 56 0
      vertex 63.696 55.8494 3.2
      vertex 63.696 55.8494 0
    endloop
  endfacet
  facet normal 0.997877 -0.0651282 0
    outer loop
      vertex 63.65 55.5 3.2
      vertex 63.6615 55.6762 0
      vertex 63.6615 55.6762 3.2
    endloop
  endfacet
  facet normal 0.997877 -0.0651282 0
    outer loop
      vertex 63.6615 55.6762 0
      vertex 63.65 55.5 3.2
      vertex 63.65 55.5 0
    endloop
  endfacet
  facet normal 0.831483 0.55555 0
    outer loop
      vertex 2.05628 2.50853 3.2
      vertex 1.87824 2.775 0
      vertex 1.87824 2.775 3.2
    endloop
  endfacet
  facet normal 0.831483 0.55555 0
    outer loop
      vertex 1.87824 2.775 0
      vertex 2.05628 2.50853 3.2
      vertex 2.05628 2.50853 0
    endloop
  endfacet
  facet normal -0.980787 -0.195084 0
    outer loop
      vertex 6.42904 4.31979 0
      vertex 6.36652 4.63411 3.2
      vertex 6.36652 4.63411 0
    endloop
  endfacet
  facet normal -0.980787 -0.195084 0
    outer loop
      vertex 6.36652 4.63411 3.2
      vertex 6.42904 4.31979 0
      vertex 6.42904 4.31979 3.2
    endloop
  endfacet
  facet normal -0.997859 -0.0654027 0
    outer loop
      vertex 6.45 4 0
      vertex 6.42904 4.31979 3.2
      vertex 6.42904 4.31979 0
    endloop
  endfacet
  facet normal -0.997859 -0.0654027 0
    outer loop
      vertex 6.42904 4.31979 3.2
      vertex 6.45 4 0
      vertex 6.45 4 3.2
    endloop
  endfacet
  facet normal -0.442277 0.896879 0
    outer loop
      vertex 5.225 1.87824 0
      vertex 4.93757 1.7365 3.2
      vertex 5.225 1.87824 3.2
    endloop
  endfacet
  facet normal -0.442277 0.896879 0
    outer loop
      vertex 4.93757 1.7365 3.2
      vertex 5.225 1.87824 0
      vertex 4.93757 1.7365 0
    endloop
  endfacet
  facet normal 0.55555 0.831483 -0
    outer loop
      vertex 2.775 1.87824 0
      vertex 2.50853 2.05628 3.2
      vertex 2.775 1.87824 3.2
    endloop
  endfacet
  facet normal 0.55555 0.831483 0
    outer loop
      vertex 2.50853 2.05628 3.2
      vertex 2.775 1.87824 0
      vertex 2.50853 2.05628 0
    endloop
  endfacet
  facet normal -0.65935 -0.751836 0
    outer loop
      vertex 5.49146 5.94372 0
      vertex 5.73241 5.73241 3.2
      vertex 5.49146 5.94372 3.2
    endloop
  endfacet
  facet normal -0.65935 -0.751836 -0
    outer loop
      vertex 5.73241 5.73241 3.2
      vertex 5.49146 5.94372 0
      vertex 5.73241 5.73241 0
    endloop
  endfacet
  facet normal -0.896873 0.442289 0
    outer loop
      vertex 6.12176 2.775 0
      vertex 6.2635 3.06242 3.2
      vertex 6.2635 3.06242 0
    endloop
  endfacet
  facet normal -0.896873 0.442289 0
    outer loop
      vertex 6.2635 3.06242 3.2
      vertex 6.12176 2.775 0
      vertex 6.12176 2.775 3.2
    endloop
  endfacet
  facet normal 0.946925 0.321456 0
    outer loop
      vertex 1.7365 3.06242 3.2
      vertex 1.63348 3.36589 0
      vertex 1.63348 3.36589 3.2
    endloop
  endfacet
  facet normal 0.946925 0.321456 0
    outer loop
      vertex 1.63348 3.36589 0
      vertex 1.7365 3.06242 3.2
      vertex 1.7365 3.06242 0
    endloop
  endfacet
  facet normal 0.55555 -0.831483 0
    outer loop
      vertex 2.50853 5.94372 0
      vertex 2.775 6.12176 3.2
      vertex 2.50853 5.94372 3.2
    endloop
  endfacet
  facet normal 0.55555 -0.831483 0
    outer loop
      vertex 2.775 6.12176 3.2
      vertex 2.50853 5.94372 0
      vertex 2.775 6.12176 0
    endloop
  endfacet
  facet normal -0.946925 0.321456 0
    outer loop
      vertex 6.2635 3.06242 0
      vertex 6.36652 3.36589 3.2
      vertex 6.36652 3.36589 0
    endloop
  endfacet
  facet normal -0.946925 0.321456 0
    outer loop
      vertex 6.36652 3.36589 3.2
      vertex 6.2635 3.06242 0
      vertex 6.2635 3.06242 3.2
    endloop
  endfacet
  facet normal -0.321465 -0.946921 0
    outer loop
      vertex 4.63411 6.36652 0
      vertex 4.93757 6.2635 3.2
      vertex 4.63411 6.36652 3.2
    endloop
  endfacet
  facet normal -0.321465 -0.946921 -0
    outer loop
      vertex 4.93757 6.2635 3.2
      vertex 4.63411 6.36652 0
      vertex 4.93757 6.2635 0
    endloop
  endfacet
  facet normal -0.0654027 -0.997859 0
    outer loop
      vertex 4 6.45 0
      vertex 4.31979 6.42904 3.2
      vertex 4 6.45 3.2
    endloop
  endfacet
  facet normal -0.0654027 -0.997859 -0
    outer loop
      vertex 4.31979 6.42904 3.2
      vertex 4 6.45 0
      vertex 4.31979 6.42904 0
    endloop
  endfacet
  facet normal 0.659366 -0.751822 0
    outer loop
      vertex 2.26759 5.73241 0
      vertex 2.50853 5.94372 3.2
      vertex 2.26759 5.73241 3.2
    endloop
  endfacet
  facet normal 0.659366 -0.751822 0
    outer loop
      vertex 2.50853 5.94372 3.2
      vertex 2.26759 5.73241 0
      vertex 2.50853 5.94372 0
    endloop
  endfacet
  facet normal -0.751822 0.659366 0
    outer loop
      vertex 5.73241 2.26759 0
      vertex 5.94372 2.50853 3.2
      vertex 5.94372 2.50853 0
    endloop
  endfacet
  facet normal -0.751822 0.659366 0
    outer loop
      vertex 5.94372 2.50853 3.2
      vertex 5.73241 2.26759 0
      vertex 5.73241 2.26759 3.2
    endloop
  endfacet
  facet normal -0.195084 0.980787 0
    outer loop
      vertex 4.63411 1.63348 0
      vertex 4.31979 1.57096 3.2
      vertex 4.63411 1.63348 3.2
    endloop
  endfacet
  facet normal -0.195084 0.980787 0
    outer loop
      vertex 4.31979 1.57096 3.2
      vertex 4.63411 1.63348 0
      vertex 4.31979 1.57096 0
    endloop
  endfacet
  facet normal -0.831474 -0.555564 0
    outer loop
      vertex 6.12176 5.225 0
      vertex 5.94372 5.49146 3.2
      vertex 5.94372 5.49146 0
    endloop
  endfacet
  facet normal -0.831474 -0.555564 0
    outer loop
      vertex 5.94372 5.49146 3.2
      vertex 6.12176 5.225 0
      vertex 6.12176 5.225 3.2
    endloop
  endfacet
  facet normal 0.751836 -0.65935 0
    outer loop
      vertex 2.05628 5.49146 3.2
      vertex 2.26759 5.73241 0
      vertex 2.26759 5.73241 3.2
    endloop
  endfacet
  facet normal 0.751836 -0.65935 0
    outer loop
      vertex 2.26759 5.73241 0
      vertex 2.05628 5.49146 3.2
      vertex 2.05628 5.49146 0
    endloop
  endfacet
  facet normal 0.321456 0.946925 -0
    outer loop
      vertex 3.36589 1.63348 0
      vertex 3.06242 1.7365 3.2
      vertex 3.36589 1.63348 3.2
    endloop
  endfacet
  facet normal 0.321456 0.946925 0
    outer loop
      vertex 3.06242 1.7365 3.2
      vertex 3.36589 1.63348 0
      vertex 3.06242 1.7365 0
    endloop
  endfacet
  facet normal -0.321465 0.946921 0
    outer loop
      vertex 4.93757 1.7365 0
      vertex 4.63411 1.63348 3.2
      vertex 4.93757 1.7365 3.2
    endloop
  endfacet
  facet normal -0.321465 0.946921 0
    outer loop
      vertex 4.63411 1.63348 3.2
      vertex 4.93757 1.7365 0
      vertex 4.63411 1.63348 0
    endloop
  endfacet
  facet normal -0.442277 -0.896879 0
    outer loop
      vertex 4.93757 6.2635 0
      vertex 5.225 6.12176 3.2
      vertex 4.93757 6.2635 3.2
    endloop
  endfacet
  facet normal -0.442277 -0.896879 -0
    outer loop
      vertex 5.225 6.12176 3.2
      vertex 4.93757 6.2635 0
      vertex 5.225 6.12176 0
    endloop
  endfacet
  facet normal -0.555564 -0.831474 0
    outer loop
      vertex 5.225 6.12176 0
      vertex 5.49146 5.94372 3.2
      vertex 5.225 6.12176 3.2
    endloop
  endfacet
  facet normal -0.555564 -0.831474 -0
    outer loop
      vertex 5.49146 5.94372 3.2
      vertex 5.225 6.12176 0
      vertex 5.49146 5.94372 0
    endloop
  endfacet
  facet normal -0.555564 0.831474 0
    outer loop
      vertex 5.49146 2.05628 0
      vertex 5.225 1.87824 3.2
      vertex 5.49146 2.05628 3.2
    endloop
  endfacet
  facet normal -0.555564 0.831474 0
    outer loop
      vertex 5.225 1.87824 3.2
      vertex 5.49146 2.05628 0
      vertex 5.225 1.87824 0
    endloop
  endfacet
  facet normal 0.896879 -0.442277 0
    outer loop
      vertex 1.7365 4.93757 3.2
      vertex 1.87824 5.225 0
      vertex 1.87824 5.225 3.2
    endloop
  endfacet
  facet normal 0.896879 -0.442277 0
    outer loop
      vertex 1.87824 5.225 0
      vertex 1.7365 4.93757 3.2
      vertex 1.7365 4.93757 0
    endloop
  endfacet
  facet normal 0.997859 -0.0654027 0
    outer loop
      vertex 1.55 4 3.2
      vertex 1.57096 4.31979 0
      vertex 1.57096 4.31979 3.2
    endloop
  endfacet
  facet normal 0.997859 -0.0654027 0
    outer loop
      vertex 1.57096 4.31979 0
      vertex 1.55 4 3.2
      vertex 1.55 4 0
    endloop
  endfacet
  facet normal -0.65935 0.751836 0
    outer loop
      vertex 5.73241 2.26759 0
      vertex 5.49146 2.05628 3.2
      vertex 5.73241 2.26759 3.2
    endloop
  endfacet
  facet normal -0.65935 0.751836 0
    outer loop
      vertex 5.49146 2.05628 3.2
      vertex 5.73241 2.26759 0
      vertex 5.49146 2.05628 0
    endloop
  endfacet
  facet normal 0.195084 -0.980787 0
    outer loop
      vertex 3.36589 6.36652 0
      vertex 3.68021 6.42904 3.2
      vertex 3.36589 6.36652 3.2
    endloop
  endfacet
  facet normal 0.195084 -0.980787 0
    outer loop
      vertex 3.68021 6.42904 3.2
      vertex 3.36589 6.36652 0
      vertex 3.68021 6.42904 0
    endloop
  endfacet
  facet normal -0.980787 0.195084 0
    outer loop
      vertex 6.36652 3.36589 0
      vertex 6.42904 3.68021 3.2
      vertex 6.42904 3.68021 0
    endloop
  endfacet
  facet normal -0.980787 0.195084 0
    outer loop
      vertex 6.42904 3.68021 3.2
      vertex 6.36652 3.36589 0
      vertex 6.36652 3.36589 3.2
    endloop
  endfacet
  facet normal -0.997859 0.0654027 0
    outer loop
      vertex 6.42904 3.68021 0
      vertex 6.45 4 3.2
      vertex 6.45 4 0
    endloop
  endfacet
  facet normal -0.997859 0.0654027 0
    outer loop
      vertex 6.45 4 3.2
      vertex 6.42904 3.68021 0
      vertex 6.42904 3.68021 3.2
    endloop
  endfacet
  facet normal 0.896873 0.442289 0
    outer loop
      vertex 1.87824 2.775 3.2
      vertex 1.7365 3.06242 0
      vertex 1.7365 3.06242 3.2
    endloop
  endfacet
  facet normal 0.896873 0.442289 0
    outer loop
      vertex 1.7365 3.06242 0
      vertex 1.87824 2.775 3.2
      vertex 1.87824 2.775 0
    endloop
  endfacet
  facet normal 0.980787 -0.195084 0
    outer loop
      vertex 1.57096 4.31979 3.2
      vertex 1.63348 4.63411 0
      vertex 1.63348 4.63411 3.2
    endloop
  endfacet
  facet normal 0.980787 -0.195084 0
    outer loop
      vertex 1.63348 4.63411 0
      vertex 1.57096 4.31979 3.2
      vertex 1.57096 4.31979 0
    endloop
  endfacet
  facet normal -0.896879 -0.442277 0
    outer loop
      vertex 6.2635 4.93757 0
      vertex 6.12176 5.225 3.2
      vertex 6.12176 5.225 0
    endloop
  endfacet
  facet normal -0.896879 -0.442277 0
    outer loop
      vertex 6.12176 5.225 3.2
      vertex 6.2635 4.93757 0
      vertex 6.2635 4.93757 3.2
    endloop
  endfacet
  facet normal -0.0654027 0.997859 0
    outer loop
      vertex 4.31979 1.57096 0
      vertex 4 1.55 3.2
      vertex 4.31979 1.57096 3.2
    endloop
  endfacet
  facet normal -0.0654027 0.997859 0
    outer loop
      vertex 4 1.55 3.2
      vertex 4.31979 1.57096 0
      vertex 4 1.55 0
    endloop
  endfacet
  facet normal -0.831483 0.55555 0
    outer loop
      vertex 5.94372 2.50853 0
      vertex 6.12176 2.775 3.2
      vertex 6.12176 2.775 0
    endloop
  endfacet
  facet normal -0.831483 0.55555 0
    outer loop
      vertex 6.12176 2.775 3.2
      vertex 5.94372 2.50853 0
      vertex 5.94372 2.50853 3.2
    endloop
  endfacet
  facet normal 0.442289 -0.896873 0
    outer loop
      vertex 2.775 6.12176 0
      vertex 3.06242 6.2635 3.2
      vertex 2.775 6.12176 3.2
    endloop
  endfacet
  facet normal 0.442289 -0.896873 0
    outer loop
      vertex 3.06242 6.2635 3.2
      vertex 2.775 6.12176 0
      vertex 3.06242 6.2635 0
    endloop
  endfacet
  facet normal 0.0654027 -0.997859 0
    outer loop
      vertex 3.68021 6.42904 0
      vertex 4 6.45 3.2
      vertex 3.68021 6.42904 3.2
    endloop
  endfacet
  facet normal 0.0654027 -0.997859 0
    outer loop
      vertex 4 6.45 3.2
      vertex 3.68021 6.42904 0
      vertex 4 6.45 0
    endloop
  endfacet
  facet normal -0.751836 -0.65935 0
    outer loop
      vertex 5.94372 5.49146 0
      vertex 5.73241 5.73241 3.2
      vertex 5.73241 5.73241 0
    endloop
  endfacet
  facet normal -0.751836 -0.65935 0
    outer loop
      vertex 5.73241 5.73241 3.2
      vertex 5.94372 5.49146 0
      vertex 5.94372 5.49146 3.2
    endloop
  endfacet
  facet normal -0.946921 -0.321465 0
    outer loop
      vertex 6.36652 4.63411 0
      vertex 6.2635 4.93757 3.2
      vertex 6.2635 4.93757 0
    endloop
  endfacet
  facet normal -0.946921 -0.321465 0
    outer loop
      vertex 6.2635 4.93757 3.2
      vertex 6.36652 4.63411 0
      vertex 6.36652 4.63411 3.2
    endloop
  endfacet
  facet normal 0.321456 -0.946925 0
    outer loop
      vertex 3.06242 6.2635 0
      vertex 3.36589 6.36652 3.2
      vertex 3.06242 6.2635 3.2
    endloop
  endfacet
  facet normal 0.321456 -0.946925 0
    outer loop
      vertex 3.36589 6.36652 3.2
      vertex 3.06242 6.2635 0
      vertex 3.36589 6.36652 0
    endloop
  endfacet
  facet normal 0.997859 0.0654027 0
    outer loop
      vertex 1.57096 3.68021 3.2
      vertex 1.55 4 0
      vertex 1.55 4 3.2
    endloop
  endfacet
  facet normal 0.997859 0.0654027 0
    outer loop
      vertex 1.55 4 0
      vertex 1.57096 3.68021 3.2
      vertex 1.57096 3.68021 0
    endloop
  endfacet
  facet normal 0.980787 0.195084 0
    outer loop
      vertex 1.63348 3.36589 3.2
      vertex 1.57096 3.68021 0
      vertex 1.57096 3.68021 3.2
    endloop
  endfacet
  facet normal 0.980787 0.195084 0
    outer loop
      vertex 1.57096 3.68021 0
      vertex 1.63348 3.36589 3.2
      vertex 1.63348 3.36589 0
    endloop
  endfacet
  facet normal 0.831474 -0.555564 0
    outer loop
      vertex 1.87824 5.225 3.2
      vertex 2.05628 5.49146 0
      vertex 2.05628 5.49146 3.2
    endloop
  endfacet
  facet normal 0.831474 -0.555564 0
    outer loop
      vertex 2.05628 5.49146 0
      vertex 1.87824 5.225 3.2
      vertex 1.87824 5.225 0
    endloop
  endfacet
  facet normal 0.442289 0.896873 -0
    outer loop
      vertex 3.06242 1.7365 0
      vertex 2.775 1.87824 3.2
      vertex 3.06242 1.7365 3.2
    endloop
  endfacet
  facet normal 0.442289 0.896873 0
    outer loop
      vertex 2.775 1.87824 3.2
      vertex 3.06242 1.7365 0
      vertex 2.775 1.87824 0
    endloop
  endfacet
  facet normal 0.195084 0.980787 -0
    outer loop
      vertex 3.68021 1.57096 0
      vertex 3.36589 1.63348 3.2
      vertex 3.68021 1.57096 3.2
    endloop
  endfacet
  facet normal 0.195084 0.980787 0
    outer loop
      vertex 3.36589 1.63348 3.2
      vertex 3.68021 1.57096 0
      vertex 3.36589 1.63348 0
    endloop
  endfacet
  facet normal 0.946921 -0.321465 0
    outer loop
      vertex 1.63348 4.63411 3.2
      vertex 1.7365 4.93757 0
      vertex 1.7365 4.93757 3.2
    endloop
  endfacet
  facet normal 0.946921 -0.321465 0
    outer loop
      vertex 1.7365 4.93757 0
      vertex 1.63348 4.63411 3.2
      vertex 1.63348 4.63411 0
    endloop
  endfacet
  facet normal 0.751822 0.659366 0
    outer loop
      vertex 2.26759 2.26759 3.2
      vertex 2.05628 2.50853 0
      vertex 2.05628 2.50853 3.2
    endloop
  endfacet
  facet normal 0.751822 0.659366 0
    outer loop
      vertex 2.05628 2.50853 0
      vertex 2.26759 2.26759 3.2
      vertex 2.26759 2.26759 0
    endloop
  endfacet
  facet normal -0.195084 -0.980787 0
    outer loop
      vertex 4.31979 6.42904 0
      vertex 4.63411 6.36652 3.2
      vertex 4.31979 6.42904 3.2
    endloop
  endfacet
  facet normal -0.195084 -0.980787 -0
    outer loop
      vertex 4.63411 6.36652 3.2
      vertex 4.31979 6.42904 0
      vertex 4.63411 6.36652 0
    endloop
  endfacet
  facet normal 0.0654027 0.997859 -0
    outer loop
      vertex 4 1.55 0
      vertex 3.68021 1.57096 3.2
      vertex 4 1.55 3.2
    endloop
  endfacet
  facet normal 0.0654027 0.997859 0
    outer loop
      vertex 3.68021 1.57096 3.2
      vertex 4 1.55 0
      vertex 3.68021 1.57096 0
    endloop
  endfacet
  facet normal 0.659366 0.751822 -0
    outer loop
      vertex 2.50853 2.05628 0
      vertex 2.26759 2.26759 3.2
      vertex 2.50853 2.05628 3.2
    endloop
  endfacet
  facet normal 0.659366 0.751822 0
    outer loop
      vertex 2.26759 2.26759 3.2
      vertex 2.50853 2.05628 0
      vertex 2.26759 2.26759 0
    endloop
  endfacet
  facet normal 0.831512 0.555506 0
    outer loop
      vertex 2.05628 10.5085 3.2
      vertex 1.87824 10.775 0
      vertex 1.87824 10.775 3.2
    endloop
  endfacet
  facet normal 0.831512 0.555506 0
    outer loop
      vertex 1.87824 10.775 0
      vertex 2.05628 10.5085 3.2
      vertex 2.05628 10.5085 0
    endloop
  endfacet
  facet normal -0.980784 -0.195096 0
    outer loop
      vertex 6.42904 12.3198 0
      vertex 6.36652 12.6341 3.2
      vertex 6.36652 12.6341 0
    endloop
  endfacet
  facet normal -0.980784 -0.195096 0
    outer loop
      vertex 6.36652 12.6341 3.2
      vertex 6.42904 12.3198 0
      vertex 6.42904 12.3198 3.2
    endloop
  endfacet
  facet normal -0.997859 -0.0654006 0
    outer loop
      vertex 6.45 12 0
      vertex 6.42904 12.3198 3.2
      vertex 6.42904 12.3198 0
    endloop
  endfacet
  facet normal -0.997859 -0.0654006 0
    outer loop
      vertex 6.42904 12.3198 3.2
      vertex 6.45 12 0
      vertex 6.45 12 3.2
    endloop
  endfacet
  facet normal -0.442277 0.896879 0
    outer loop
      vertex 5.225 9.87824 0
      vertex 4.93757 9.7365 3.2
      vertex 5.225 9.87824 3.2
    endloop
  endfacet
  facet normal -0.442277 0.896879 0
    outer loop
      vertex 4.93757 9.7365 3.2
      vertex 5.225 9.87824 0
      vertex 4.93757 9.7365 0
    endloop
  endfacet
  facet normal 0.555593 0.831455 -0
    outer loop
      vertex 2.775 9.87824 0
      vertex 2.50853 10.0563 3.2
      vertex 2.775 9.87824 3.2
    endloop
  endfacet
  facet normal 0.555593 0.831455 0
    outer loop
      vertex 2.50853 10.0563 3.2
      vertex 2.775 9.87824 0
      vertex 2.50853 10.0563 0
    endloop
  endfacet
  facet normal -0.659333 -0.751851 0
    outer loop
      vertex 5.49146 13.9437 0
      vertex 5.73241 13.7324 3.2
      vertex 5.49146 13.9437 3.2
    endloop
  endfacet
  facet normal -0.659333 -0.751851 -0
    outer loop
      vertex 5.73241 13.7324 3.2
      vertex 5.49146 13.9437 0
      vertex 5.73241 13.7324 0
    endloop
  endfacet
  facet normal -0.89686 0.442314 0
    outer loop
      vertex 6.12176 10.775 0
      vertex 6.2635 11.0624 3.2
      vertex 6.2635 11.0624 0
    endloop
  endfacet
  facet normal -0.89686 0.442314 0
    outer loop
      vertex 6.2635 11.0624 3.2
      vertex 6.12176 10.775 0
      vertex 6.12176 10.775 3.2
    endloop
  endfacet
  facet normal 0.946934 0.321427 0
    outer loop
      vertex 1.7365 11.0624 3.2
      vertex 1.63348 11.3659 0
      vertex 1.63348 11.3659 3.2
    endloop
  endfacet
  facet normal 0.946934 0.321427 0
    outer loop
      vertex 1.63348 11.3659 0
      vertex 1.7365 11.0624 3.2
      vertex 1.7365 11.0624 0
    endloop
  endfacet
  facet normal 0.555679 -0.831397 0
    outer loop
      vertex 2.50853 13.9437 0
      vertex 2.775 14.1218 3.2
      vertex 2.50853 13.9437 3.2
    endloop
  endfacet
  facet normal 0.555679 -0.831397 0
    outer loop
      vertex 2.775 14.1218 3.2
      vertex 2.50853 13.9437 0
      vertex 2.775 14.1218 0
    endloop
  endfacet
  facet normal -0.946934 0.321427 0
    outer loop
      vertex 6.2635 11.0624 0
      vertex 6.36652 11.3659 3.2
      vertex 6.36652 11.3659 0
    endloop
  endfacet
  facet normal -0.946934 0.321427 0
    outer loop
      vertex 6.36652 11.3659 3.2
      vertex 6.2635 11.0624 0
      vertex 6.2635 11.0624 3.2
    endloop
  endfacet
  facet normal -0.321409 -0.94694 0
    outer loop
      vertex 4.63411 14.3665 0
      vertex 4.93757 14.2635 3.2
      vertex 4.63411 14.3665 3.2
    endloop
  endfacet
  facet normal -0.321409 -0.94694 -0
    outer loop
      vertex 4.93757 14.2635 3.2
      vertex 4.63411 14.3665 0
      vertex 4.93757 14.2635 0
    endloop
  endfacet
  facet normal -0.065527 -0.997851 0
    outer loop
      vertex 4 14.45 0
      vertex 4.31979 14.429 3.2
      vertex 4 14.45 3.2
    endloop
  endfacet
  facet normal -0.065527 -0.997851 -0
    outer loop
      vertex 4.31979 14.429 3.2
      vertex 4 14.45 0
      vertex 4.31979 14.429 0
    endloop
  endfacet
  facet normal 0.659348 -0.751838 0
    outer loop
      vertex 2.26759 13.7324 0
      vertex 2.50853 13.9437 3.2
      vertex 2.26759 13.7324 3.2
    endloop
  endfacet
  facet normal 0.659348 -0.751838 0
    outer loop
      vertex 2.50853 13.9437 3.2
      vertex 2.26759 13.7324 0
      vertex 2.50853 13.9437 0
    endloop
  endfacet
  facet normal -0.751768 0.659428 0
    outer loop
      vertex 5.73241 10.2676 0
      vertex 5.94372 10.5085 3.2
      vertex 5.94372 10.5085 0
    endloop
  endfacet
  facet normal -0.751768 0.659428 0
    outer loop
      vertex 5.94372 10.5085 3.2
      vertex 5.73241 10.2676 0
      vertex 5.73241 10.2676 3.2
    endloop
  endfacet
  facet normal -0.195084 0.980787 0
    outer loop
      vertex 4.63411 9.63348 0
      vertex 4.31979 9.57096 3.2
      vertex 4.63411 9.63348 3.2
    endloop
  endfacet
  facet normal -0.195084 0.980787 0
    outer loop
      vertex 4.31979 9.57096 3.2
      vertex 4.63411 9.63348 0
      vertex 4.31979 9.57096 0
    endloop
  endfacet
  facet normal -0.831512 -0.555506 0
    outer loop
      vertex 6.12176 13.225 0
      vertex 5.94372 13.4915 3.2
      vertex 5.94372 13.4915 0
    endloop
  endfacet
  facet normal -0.831512 -0.555506 0
    outer loop
      vertex 5.94372 13.4915 3.2
      vertex 6.12176 13.225 0
      vertex 6.12176 13.225 3.2
    endloop
  endfacet
  facet normal 0.751768 -0.659428 0
    outer loop
      vertex 2.05628 13.4915 3.2
      vertex 2.26759 13.7324 0
      vertex 2.26759 13.7324 3.2
    endloop
  endfacet
  facet normal 0.751768 -0.659428 0
    outer loop
      vertex 2.26759 13.7324 0
      vertex 2.05628 13.4915 3.2
      vertex 2.05628 13.4915 0
    endloop
  endfacet
  facet normal 0.321456 0.946925 -0
    outer loop
      vertex 3.36589 9.63348 0
      vertex 3.06242 9.7365 3.2
      vertex 3.36589 9.63348 3.2
    endloop
  endfacet
  facet normal 0.321456 0.946925 0
    outer loop
      vertex 3.06242 9.7365 3.2
      vertex 3.36589 9.63348 0
      vertex 3.06242 9.7365 0
    endloop
  endfacet
  facet normal -0.321465 0.946921 0
    outer loop
      vertex 4.93757 9.7365 0
      vertex 4.63411 9.63348 3.2
      vertex 4.93757 9.7365 3.2
    endloop
  endfacet
  facet normal -0.321465 0.946921 0
    outer loop
      vertex 4.63411 9.63348 3.2
      vertex 4.93757 9.7365 0
      vertex 4.63411 9.63348 0
    endloop
  endfacet
  facet normal -0.442176 -0.896928 0
    outer loop
      vertex 4.93757 14.2635 0
      vertex 5.225 14.1218 3.2
      vertex 4.93757 14.2635 3.2
    endloop
  endfacet
  facet normal -0.442176 -0.896928 -0
    outer loop
      vertex 5.225 14.1218 3.2
      vertex 4.93757 14.2635 0
      vertex 5.225 14.1218 0
    endloop
  endfacet
  facet normal -0.555693 -0.831387 0
    outer loop
      vertex 5.225 14.1218 0
      vertex 5.49146 13.9437 3.2
      vertex 5.225 14.1218 3.2
    endloop
  endfacet
  facet normal -0.555693 -0.831387 -0
    outer loop
      vertex 5.49146 13.9437 3.2
      vertex 5.225 14.1218 0
      vertex 5.49146 13.9437 0
    endloop
  endfacet
  facet normal -0.555607 0.831445 0
    outer loop
      vertex 5.49146 10.0563 0
      vertex 5.225 9.87824 3.2
      vertex 5.49146 10.0563 3.2
    endloop
  endfacet
  facet normal -0.555607 0.831445 0
    outer loop
      vertex 5.225 9.87824 3.2
      vertex 5.49146 10.0563 0
      vertex 5.225 9.87824 0
    endloop
  endfacet
  facet normal 0.89686 -0.442314 0
    outer loop
      vertex 1.7365 12.9376 3.2
      vertex 1.87824 13.225 0
      vertex 1.87824 13.225 3.2
    endloop
  endfacet
  facet normal 0.89686 -0.442314 0
    outer loop
      vertex 1.87824 13.225 0
      vertex 1.7365 12.9376 3.2
      vertex 1.7365 12.9376 0
    endloop
  endfacet
  facet normal -0.659333 0.751851 0
    outer loop
      vertex 5.73241 10.2676 0
      vertex 5.49146 10.0563 3.2
      vertex 5.73241 10.2676 3.2
    endloop
  endfacet
  facet normal -0.659333 0.751851 0
    outer loop
      vertex 5.49146 10.0563 3.2
      vertex 5.73241 10.2676 0
      vertex 5.49146 10.0563 0
    endloop
  endfacet
  facet normal 0.195024 -0.980798 0
    outer loop
      vertex 3.36589 14.3665 0
      vertex 3.68021 14.429 3.2
      vertex 3.36589 14.3665 3.2
    endloop
  endfacet
  facet normal 0.195024 -0.980798 0
    outer loop
      vertex 3.68021 14.429 3.2
      vertex 3.36589 14.3665 0
      vertex 3.68021 14.429 0
    endloop
  endfacet
  facet normal -0.980784 0.195096 0
    outer loop
      vertex 6.36652 11.3659 0
      vertex 6.42904 11.6802 3.2
      vertex 6.42904 11.6802 0
    endloop
  endfacet
  facet normal -0.980784 0.195096 0
    outer loop
      vertex 6.42904 11.6802 3.2
      vertex 6.36652 11.3659 0
      vertex 6.36652 11.3659 3.2
    endloop
  endfacet
  facet normal -0.997859 0.0654006 0
    outer loop
      vertex 6.42904 11.6802 0
      vertex 6.45 12 3.2
      vertex 6.45 12 0
    endloop
  endfacet
  facet normal -0.997859 0.0654006 0
    outer loop
      vertex 6.45 12 3.2
      vertex 6.42904 11.6802 0
      vertex 6.42904 11.6802 3.2
    endloop
  endfacet
  facet normal 0.89686 0.442314 0
    outer loop
      vertex 1.87824 10.775 3.2
      vertex 1.7365 11.0624 0
      vertex 1.7365 11.0624 3.2
    endloop
  endfacet
  facet normal 0.89686 0.442314 0
    outer loop
      vertex 1.7365 11.0624 0
      vertex 1.87824 10.775 3.2
      vertex 1.87824 10.775 0
    endloop
  endfacet
  facet normal 0.980784 -0.195096 0
    outer loop
      vertex 1.57096 12.3198 3.2
      vertex 1.63348 12.6341 0
      vertex 1.63348 12.6341 3.2
    endloop
  endfacet
  facet normal 0.980784 -0.195096 0
    outer loop
      vertex 1.63348 12.6341 0
      vertex 1.57096 12.3198 3.2
      vertex 1.57096 12.3198 0
    endloop
  endfacet
  facet normal -0.89686 -0.442314 0
    outer loop
      vertex 6.2635 12.9376 0
      vertex 6.12176 13.225 3.2
      vertex 6.12176 13.225 0
    endloop
  endfacet
  facet normal -0.89686 -0.442314 0
    outer loop
      vertex 6.12176 13.225 3.2
      vertex 6.2635 12.9376 0
      vertex 6.2635 12.9376 3.2
    endloop
  endfacet
  facet normal -0.0654027 0.997859 0
    outer loop
      vertex 4.31979 9.57096 0
      vertex 4 9.55 3.2
      vertex 4.31979 9.57096 3.2
    endloop
  endfacet
  facet normal -0.0654027 0.997859 0
    outer loop
      vertex 4 9.55 3.2
      vertex 4.31979 9.57096 0
      vertex 4 9.55 0
    endloop
  endfacet
  facet normal -0.831512 0.555506 0
    outer loop
      vertex 5.94372 10.5085 0
      vertex 6.12176 10.775 3.2
      vertex 6.12176 10.775 0
    endloop
  endfacet
  facet normal -0.831512 0.555506 0
    outer loop
      vertex 6.12176 10.775 3.2
      vertex 5.94372 10.5085 0
      vertex 5.94372 10.5085 3.2
    endloop
  endfacet
  facet normal 0.442189 -0.896922 0
    outer loop
      vertex 2.775 14.1218 0
      vertex 3.06242 14.2635 3.2
      vertex 2.775 14.1218 3.2
    endloop
  endfacet
  facet normal 0.442189 -0.896922 0
    outer loop
      vertex 3.06242 14.2635 3.2
      vertex 2.775 14.1218 0
      vertex 3.06242 14.2635 0
    endloop
  endfacet
  facet normal 0.065527 -0.997851 0
    outer loop
      vertex 3.68021 14.429 0
      vertex 4 14.45 3.2
      vertex 3.68021 14.429 3.2
    endloop
  endfacet
  facet normal 0.065527 -0.997851 0
    outer loop
      vertex 4 14.45 3.2
      vertex 3.68021 14.429 0
      vertex 4 14.45 0
    endloop
  endfacet
  facet normal -0.751768 -0.659428 0
    outer loop
      vertex 5.94372 13.4915 0
      vertex 5.73241 13.7324 3.2
      vertex 5.73241 13.7324 0
    endloop
  endfacet
  facet normal -0.751768 -0.659428 0
    outer loop
      vertex 5.73241 13.7324 3.2
      vertex 5.94372 13.4915 0
      vertex 5.94372 13.4915 3.2
    endloop
  endfacet
  facet normal -0.946934 -0.321427 0
    outer loop
      vertex 6.36652 12.6341 0
      vertex 6.2635 12.9376 3.2
      vertex 6.2635 12.9376 0
    endloop
  endfacet
  facet normal -0.946934 -0.321427 0
    outer loop
      vertex 6.2635 12.9376 3.2
      vertex 6.36652 12.6341 0
      vertex 6.36652 12.6341 3.2
    endloop
  endfacet
  facet normal 0.3214 -0.946944 0
    outer loop
      vertex 3.06242 14.2635 0
      vertex 3.36589 14.3665 3.2
      vertex 3.06242 14.2635 3.2
    endloop
  endfacet
  facet normal 0.3214 -0.946944 0
    outer loop
      vertex 3.36589 14.3665 3.2
      vertex 3.06242 14.2635 0
      vertex 3.36589 14.3665 0
    endloop
  endfacet
  facet normal 0.997859 0.0654006 0
    outer loop
      vertex 1.57096 11.6802 3.2
      vertex 1.55 12 0
      vertex 1.55 12 3.2
    endloop
  endfacet
  facet normal 0.997859 0.0654006 0
    outer loop
      vertex 1.55 12 0
      vertex 1.57096 11.6802 3.2
      vertex 1.57096 11.6802 0
    endloop
  endfacet
  facet normal 0.980784 0.195096 0
    outer loop
      vertex 1.63348 11.3659 3.2
      vertex 1.57096 11.6802 0
      vertex 1.57096 11.6802 3.2
    endloop
  endfacet
  facet normal 0.980784 0.195096 0
    outer loop
      vertex 1.57096 11.6802 0
      vertex 1.63348 11.3659 3.2
      vertex 1.63348 11.3659 0
    endloop
  endfacet
  facet normal 0.831512 -0.555506 0
    outer loop
      vertex 1.87824 13.225 3.2
      vertex 2.05628 13.4915 0
      vertex 2.05628 13.4915 3.2
    endloop
  endfacet
  facet normal 0.831512 -0.555506 0
    outer loop
      vertex 2.05628 13.4915 0
      vertex 1.87824 13.225 3.2
      vertex 1.87824 13.225 0
    endloop
  endfacet
  facet normal 0.442289 0.896873 -0
    outer loop
      vertex 3.06242 9.7365 0
      vertex 2.775 9.87824 3.2
      vertex 3.06242 9.7365 3.2
    endloop
  endfacet
  facet normal 0.442289 0.896873 0
    outer loop
      vertex 2.775 9.87824 3.2
      vertex 3.06242 9.7365 0
      vertex 2.775 9.87824 0
    endloop
  endfacet
  facet normal 0.195084 0.980787 -0
    outer loop
      vertex 3.68021 9.57096 0
      vertex 3.36589 9.63348 3.2
      vertex 3.68021 9.57096 3.2
    endloop
  endfacet
  facet normal 0.195084 0.980787 0
    outer loop
      vertex 3.36589 9.63348 3.2
      vertex 3.68021 9.57096 0
      vertex 3.36589 9.63348 0
    endloop
  endfacet
  facet normal 0.946934 -0.321427 0
    outer loop
      vertex 1.63348 12.6341 3.2
      vertex 1.7365 12.9376 0
      vertex 1.7365 12.9376 3.2
    endloop
  endfacet
  facet normal 0.946934 -0.321427 0
    outer loop
      vertex 1.7365 12.9376 0
      vertex 1.63348 12.6341 3.2
      vertex 1.63348 12.6341 0
    endloop
  endfacet
  facet normal 0.751768 0.659428 0
    outer loop
      vertex 2.26759 10.2676 3.2
      vertex 2.05628 10.5085 0
      vertex 2.05628 10.5085 3.2
    endloop
  endfacet
  facet normal 0.751768 0.659428 0
    outer loop
      vertex 2.05628 10.5085 0
      vertex 2.26759 10.2676 3.2
      vertex 2.26759 10.2676 0
    endloop
  endfacet
  facet normal 0.997859 -0.0654006 0
    outer loop
      vertex 1.55 12 3.2
      vertex 1.57096 12.3198 0
      vertex 1.57096 12.3198 3.2
    endloop
  endfacet
  facet normal 0.997859 -0.0654006 0
    outer loop
      vertex 1.57096 12.3198 0
      vertex 1.55 12 3.2
      vertex 1.55 12 0
    endloop
  endfacet
  facet normal -0.195024 -0.980798 0
    outer loop
      vertex 4.31979 14.429 0
      vertex 4.63411 14.3665 3.2
      vertex 4.31979 14.429 3.2
    endloop
  endfacet
  facet normal -0.195024 -0.980798 -0
    outer loop
      vertex 4.63411 14.3665 3.2
      vertex 4.31979 14.429 0
      vertex 4.63411 14.3665 0
    endloop
  endfacet
  facet normal 0.0654027 0.997859 -0
    outer loop
      vertex 4 9.55 0
      vertex 3.68021 9.57096 3.2
      vertex 4 9.55 3.2
    endloop
  endfacet
  facet normal 0.0654027 0.997859 0
    outer loop
      vertex 3.68021 9.57096 3.2
      vertex 4 9.55 0
      vertex 3.68021 9.57096 0
    endloop
  endfacet
  facet normal 0.659348 0.751838 -0
    outer loop
      vertex 2.50853 10.0563 0
      vertex 2.26759 10.2676 3.2
      vertex 2.50853 10.0563 3.2
    endloop
  endfacet
  facet normal 0.659348 0.751838 0
    outer loop
      vertex 2.26759 10.2676 3.2
      vertex 2.50853 10.0563 0
      vertex 2.26759 10.2676 0
    endloop
  endfacet
  facet normal 0.831512 0.555506 0
    outer loop
      vertex 2.05628 18.5085 3.2
      vertex 1.87824 18.775 0
      vertex 1.87824 18.775 3.2
    endloop
  endfacet
  facet normal 0.831512 0.555506 0
    outer loop
      vertex 1.87824 18.775 0
      vertex 2.05628 18.5085 3.2
      vertex 2.05628 18.5085 0
    endloop
  endfacet
  facet normal -0.980784 -0.195096 0
    outer loop
      vertex 6.42904 20.3198 0
      vertex 6.36652 20.6341 3.2
      vertex 6.36652 20.6341 0
    endloop
  endfacet
  facet normal -0.980784 -0.195096 0
    outer loop
      vertex 6.36652 20.6341 3.2
      vertex 6.42904 20.3198 0
      vertex 6.42904 20.3198 3.2
    endloop
  endfacet
  facet normal -0.997859 -0.0654006 0
    outer loop
      vertex 6.45 20 0
      vertex 6.42904 20.3198 3.2
      vertex 6.42904 20.3198 0
    endloop
  endfacet
  facet normal -0.997859 -0.0654006 0
    outer loop
      vertex 6.42904 20.3198 3.2
      vertex 6.45 20 0
      vertex 6.45 20 3.2
    endloop
  endfacet
  facet normal -0.442176 0.896928 0
    outer loop
      vertex 5.225 17.8782 0
      vertex 4.93757 17.7365 3.2
      vertex 5.225 17.8782 3.2
    endloop
  endfacet
  facet normal -0.442176 0.896928 0
    outer loop
      vertex 4.93757 17.7365 3.2
      vertex 5.225 17.8782 0
      vertex 4.93757 17.7365 0
    endloop
  endfacet
  facet normal 0.555679 0.831397 -0
    outer loop
      vertex 2.775 17.8782 0
      vertex 2.50853 18.0563 3.2
      vertex 2.775 17.8782 3.2
    endloop
  endfacet
  facet normal 0.555679 0.831397 0
    outer loop
      vertex 2.50853 18.0563 3.2
      vertex 2.775 17.8782 0
      vertex 2.50853 18.0563 0
    endloop
  endfacet
  facet normal -0.659333 -0.751851 0
    outer loop
      vertex 5.49146 21.9437 0
      vertex 5.73241 21.7324 3.2
      vertex 5.49146 21.9437 3.2
    endloop
  endfacet
  facet normal -0.659333 -0.751851 -0
    outer loop
      vertex 5.73241 21.7324 3.2
      vertex 5.49146 21.9437 0
      vertex 5.73241 21.7324 0
    endloop
  endfacet
  facet normal -0.89686 0.442314 0
    outer loop
      vertex 6.12176 18.775 0
      vertex 6.2635 19.0624 3.2
      vertex 6.2635 19.0624 0
    endloop
  endfacet
  facet normal -0.89686 0.442314 0
    outer loop
      vertex 6.2635 19.0624 3.2
      vertex 6.12176 18.775 0
      vertex 6.12176 18.775 3.2
    endloop
  endfacet
  facet normal 0.946934 0.321427 0
    outer loop
      vertex 1.7365 19.0624 3.2
      vertex 1.63348 19.3659 0
      vertex 1.63348 19.3659 3.2
    endloop
  endfacet
  facet normal 0.946934 0.321427 0
    outer loop
      vertex 1.63348 19.3659 0
      vertex 1.7365 19.0624 3.2
      vertex 1.7365 19.0624 0
    endloop
  endfacet
  facet normal 0.555679 -0.831397 0
    outer loop
      vertex 2.50853 21.9437 0
      vertex 2.775 22.1218 3.2
      vertex 2.50853 21.9437 3.2
    endloop
  endfacet
  facet normal 0.555679 -0.831397 0
    outer loop
      vertex 2.775 22.1218 3.2
      vertex 2.50853 21.9437 0
      vertex 2.775 22.1218 0
    endloop
  endfacet
  facet normal -0.946934 0.321427 0
    outer loop
      vertex 6.2635 19.0624 0
      vertex 6.36652 19.3659 3.2
      vertex 6.36652 19.3659 0
    endloop
  endfacet
  facet normal -0.946934 0.321427 0
    outer loop
      vertex 6.36652 19.3659 3.2
      vertex 6.2635 19.0624 0
      vertex 6.2635 19.0624 3.2
    endloop
  endfacet
  facet normal -0.321409 -0.94694 0
    outer loop
      vertex 4.63411 22.3665 0
      vertex 4.93757 22.2635 3.2
      vertex 4.63411 22.3665 3.2
    endloop
  endfacet
  facet normal -0.321409 -0.94694 -0
    outer loop
      vertex 4.93757 22.2635 3.2
      vertex 4.63411 22.3665 0
      vertex 4.93757 22.2635 0
    endloop
  endfacet
  facet normal -0.065527 -0.997851 0
    outer loop
      vertex 4 22.45 0
      vertex 4.31979 22.429 3.2
      vertex 4 22.45 3.2
    endloop
  endfacet
  facet normal -0.065527 -0.997851 -0
    outer loop
      vertex 4.31979 22.429 3.2
      vertex 4 22.45 0
      vertex 4.31979 22.429 0
    endloop
  endfacet
  facet normal 0.659348 -0.751838 0
    outer loop
      vertex 2.26759 21.7324 0
      vertex 2.50853 21.9437 3.2
      vertex 2.26759 21.7324 3.2
    endloop
  endfacet
  facet normal 0.659348 -0.751838 0
    outer loop
      vertex 2.50853 21.9437 3.2
      vertex 2.26759 21.7324 0
      vertex 2.50853 21.9437 0
    endloop
  endfacet
  facet normal -0.751768 0.659428 0
    outer loop
      vertex 5.73241 18.2676 0
      vertex 5.94372 18.5085 3.2
      vertex 5.94372 18.5085 0
    endloop
  endfacet
  facet normal -0.751768 0.659428 0
    outer loop
      vertex 5.94372 18.5085 3.2
      vertex 5.73241 18.2676 0
      vertex 5.73241 18.2676 3.2
    endloop
  endfacet
  facet normal -0.195024 0.980798 0
    outer loop
      vertex 4.63411 17.6335 0
      vertex 4.31979 17.571 3.2
      vertex 4.63411 17.6335 3.2
    endloop
  endfacet
  facet normal -0.195024 0.980798 0
    outer loop
      vertex 4.31979 17.571 3.2
      vertex 4.63411 17.6335 0
      vertex 4.31979 17.571 0
    endloop
  endfacet
  facet normal -0.831512 -0.555506 0
    outer loop
      vertex 6.12176 21.225 0
      vertex 5.94372 21.4915 3.2
      vertex 5.94372 21.4915 0
    endloop
  endfacet
  facet normal -0.831512 -0.555506 0
    outer loop
      vertex 5.94372 21.4915 3.2
      vertex 6.12176 21.225 0
      vertex 6.12176 21.225 3.2
    endloop
  endfacet
  facet normal 0.751768 -0.659428 0
    outer loop
      vertex 2.05628 21.4915 3.2
      vertex 2.26759 21.7324 0
      vertex 2.26759 21.7324 3.2
    endloop
  endfacet
  facet normal 0.751768 -0.659428 0
    outer loop
      vertex 2.26759 21.7324 0
      vertex 2.05628 21.4915 3.2
      vertex 2.05628 21.4915 0
    endloop
  endfacet
  facet normal 0.3214 0.946944 -0
    outer loop
      vertex 3.36589 17.6335 0
      vertex 3.06242 17.7365 3.2
      vertex 3.36589 17.6335 3.2
    endloop
  endfacet
  facet normal 0.3214 0.946944 0
    outer loop
      vertex 3.06242 17.7365 3.2
      vertex 3.36589 17.6335 0
      vertex 3.06242 17.7365 0
    endloop
  endfacet
  facet normal -0.321409 0.94694 0
    outer loop
      vertex 4.93757 17.7365 0
      vertex 4.63411 17.6335 3.2
      vertex 4.93757 17.7365 3.2
    endloop
  endfacet
  facet normal -0.321409 0.94694 0
    outer loop
      vertex 4.63411 17.6335 3.2
      vertex 4.93757 17.7365 0
      vertex 4.63411 17.6335 0
    endloop
  endfacet
  facet normal -0.442176 -0.896928 0
    outer loop
      vertex 4.93757 22.2635 0
      vertex 5.225 22.1218 3.2
      vertex 4.93757 22.2635 3.2
    endloop
  endfacet
  facet normal -0.442176 -0.896928 -0
    outer loop
      vertex 5.225 22.1218 3.2
      vertex 4.93757 22.2635 0
      vertex 5.225 22.1218 0
    endloop
  endfacet
  facet normal -0.555693 -0.831387 0
    outer loop
      vertex 5.225 22.1218 0
      vertex 5.49146 21.9437 3.2
      vertex 5.225 22.1218 3.2
    endloop
  endfacet
  facet normal -0.555693 -0.831387 -0
    outer loop
      vertex 5.49146 21.9437 3.2
      vertex 5.225 22.1218 0
      vertex 5.49146 21.9437 0
    endloop
  endfacet
  facet normal -0.555693 0.831387 0
    outer loop
      vertex 5.49146 18.0563 0
      vertex 5.225 17.8782 3.2
      vertex 5.49146 18.0563 3.2
    endloop
  endfacet
  facet normal -0.555693 0.831387 0
    outer loop
      vertex 5.225 17.8782 3.2
      vertex 5.49146 18.0563 0
      vertex 5.225 17.8782 0
    endloop
  endfacet
  facet normal 0.89686 -0.442314 0
    outer loop
      vertex 1.7365 20.9376 3.2
      vertex 1.87824 21.225 0
      vertex 1.87824 21.225 3.2
    endloop
  endfacet
  facet normal 0.89686 -0.442314 0
    outer loop
      vertex 1.87824 21.225 0
      vertex 1.7365 20.9376 3.2
      vertex 1.7365 20.9376 0
    endloop
  endfacet
  facet normal -0.659333 0.751851 0
    outer loop
      vertex 5.73241 18.2676 0
      vertex 5.49146 18.0563 3.2
      vertex 5.73241 18.2676 3.2
    endloop
  endfacet
  facet normal -0.659333 0.751851 0
    outer loop
      vertex 5.49146 18.0563 3.2
      vertex 5.73241 18.2676 0
      vertex 5.49146 18.0563 0
    endloop
  endfacet
  facet normal 0.195024 -0.980798 0
    outer loop
      vertex 3.36589 22.3665 0
      vertex 3.68021 22.429 3.2
      vertex 3.36589 22.3665 3.2
    endloop
  endfacet
  facet normal 0.195024 -0.980798 0
    outer loop
      vertex 3.68021 22.429 3.2
      vertex 3.36589 22.3665 0
      vertex 3.68021 22.429 0
    endloop
  endfacet
  facet normal -0.980784 0.195096 0
    outer loop
      vertex 6.36652 19.3659 0
      vertex 6.42904 19.6802 3.2
      vertex 6.42904 19.6802 0
    endloop
  endfacet
  facet normal -0.980784 0.195096 0
    outer loop
      vertex 6.42904 19.6802 3.2
      vertex 6.36652 19.3659 0
      vertex 6.36652 19.3659 3.2
    endloop
  endfacet
  facet normal -0.997859 0.0654006 0
    outer loop
      vertex 6.42904 19.6802 0
      vertex 6.45 20 3.2
      vertex 6.45 20 0
    endloop
  endfacet
  facet normal -0.997859 0.0654006 0
    outer loop
      vertex 6.45 20 3.2
      vertex 6.42904 19.6802 0
      vertex 6.42904 19.6802 3.2
    endloop
  endfacet
  facet normal 0.89686 0.442314 0
    outer loop
      vertex 1.87824 18.775 3.2
      vertex 1.7365 19.0624 0
      vertex 1.7365 19.0624 3.2
    endloop
  endfacet
  facet normal 0.89686 0.442314 0
    outer loop
      vertex 1.7365 19.0624 0
      vertex 1.87824 18.775 3.2
      vertex 1.87824 18.775 0
    endloop
  endfacet
  facet normal 0.980784 -0.195096 0
    outer loop
      vertex 1.57096 20.3198 3.2
      vertex 1.63348 20.6341 0
      vertex 1.63348 20.6341 3.2
    endloop
  endfacet
  facet normal 0.980784 -0.195096 0
    outer loop
      vertex 1.63348 20.6341 0
      vertex 1.57096 20.3198 3.2
      vertex 1.57096 20.3198 0
    endloop
  endfacet
  facet normal -0.89686 -0.442314 0
    outer loop
      vertex 6.2635 20.9376 0
      vertex 6.12176 21.225 3.2
      vertex 6.12176 21.225 0
    endloop
  endfacet
  facet normal -0.89686 -0.442314 0
    outer loop
      vertex 6.12176 21.225 3.2
      vertex 6.2635 20.9376 0
      vertex 6.2635 20.9376 3.2
    endloop
  endfacet
  facet normal -0.065527 0.997851 0
    outer loop
      vertex 4.31979 17.571 0
      vertex 4 17.55 3.2
      vertex 4.31979 17.571 3.2
    endloop
  endfacet
  facet normal -0.065527 0.997851 0
    outer loop
      vertex 4 17.55 3.2
      vertex 4.31979 17.571 0
      vertex 4 17.55 0
    endloop
  endfacet
  facet normal -0.831512 0.555506 0
    outer loop
      vertex 5.94372 18.5085 0
      vertex 6.12176 18.775 3.2
      vertex 6.12176 18.775 0
    endloop
  endfacet
  facet normal -0.831512 0.555506 0
    outer loop
      vertex 6.12176 18.775 3.2
      vertex 5.94372 18.5085 0
      vertex 5.94372 18.5085 3.2
    endloop
  endfacet
  facet normal 0.442189 -0.896922 0
    outer loop
      vertex 2.775 22.1218 0
      vertex 3.06242 22.2635 3.2
      vertex 2.775 22.1218 3.2
    endloop
  endfacet
  facet normal 0.442189 -0.896922 0
    outer loop
      vertex 3.06242 22.2635 3.2
      vertex 2.775 22.1218 0
      vertex 3.06242 22.2635 0
    endloop
  endfacet
  facet normal 0.065527 -0.997851 0
    outer loop
      vertex 3.68021 22.429 0
      vertex 4 22.45 3.2
      vertex 3.68021 22.429 3.2
    endloop
  endfacet
  facet normal 0.065527 -0.997851 0
    outer loop
      vertex 4 22.45 3.2
      vertex 3.68021 22.429 0
      vertex 4 22.45 0
    endloop
  endfacet
  facet normal -0.751768 -0.659428 0
    outer loop
      vertex 5.94372 21.4915 0
      vertex 5.73241 21.7324 3.2
      vertex 5.73241 21.7324 0
    endloop
  endfacet
  facet normal -0.751768 -0.659428 0
    outer loop
      vertex 5.73241 21.7324 3.2
      vertex 5.94372 21.4915 0
      vertex 5.94372 21.4915 3.2
    endloop
  endfacet
  facet normal -0.946934 -0.321427 0
    outer loop
      vertex 6.36652 20.6341 0
      vertex 6.2635 20.9376 3.2
      vertex 6.2635 20.9376 0
    endloop
  endfacet
  facet normal -0.946934 -0.321427 0
    outer loop
      vertex 6.2635 20.9376 3.2
      vertex 6.36652 20.6341 0
      vertex 6.36652 20.6341 3.2
    endloop
  endfacet
  facet normal 0.3214 -0.946944 0
    outer loop
      vertex 3.06242 22.2635 0
      vertex 3.36589 22.3665 3.2
      vertex 3.06242 22.2635 3.2
    endloop
  endfacet
  facet normal 0.3214 -0.946944 0
    outer loop
      vertex 3.36589 22.3665 3.2
      vertex 3.06242 22.2635 0
      vertex 3.36589 22.3665 0
    endloop
  endfacet
  facet normal 0.997859 0.0654006 0
    outer loop
      vertex 1.57096 19.6802 3.2
      vertex 1.55 20 0
      vertex 1.55 20 3.2
    endloop
  endfacet
  facet normal 0.997859 0.0654006 0
    outer loop
      vertex 1.55 20 0
      vertex 1.57096 19.6802 3.2
      vertex 1.57096 19.6802 0
    endloop
  endfacet
  facet normal 0.980784 0.195096 0
    outer loop
      vertex 1.63348 19.3659 3.2
      vertex 1.57096 19.6802 0
      vertex 1.57096 19.6802 3.2
    endloop
  endfacet
  facet normal 0.980784 0.195096 0
    outer loop
      vertex 1.57096 19.6802 0
      vertex 1.63348 19.3659 3.2
      vertex 1.63348 19.3659 0
    endloop
  endfacet
  facet normal 0.831512 -0.555506 0
    outer loop
      vertex 1.87824 21.225 3.2
      vertex 2.05628 21.4915 0
      vertex 2.05628 21.4915 3.2
    endloop
  endfacet
  facet normal 0.831512 -0.555506 0
    outer loop
      vertex 2.05628 21.4915 0
      vertex 1.87824 21.225 3.2
      vertex 1.87824 21.225 0
    endloop
  endfacet
  facet normal 0.442189 0.896922 -0
    outer loop
      vertex 3.06242 17.7365 0
      vertex 2.775 17.8782 3.2
      vertex 3.06242 17.7365 3.2
    endloop
  endfacet
  facet normal 0.442189 0.896922 0
    outer loop
      vertex 2.775 17.8782 3.2
      vertex 3.06242 17.7365 0
      vertex 2.775 17.8782 0
    endloop
  endfacet
  facet normal 0.195024 0.980798 -0
    outer loop
      vertex 3.68021 17.571 0
      vertex 3.36589 17.6335 3.2
      vertex 3.68021 17.571 3.2
    endloop
  endfacet
  facet normal 0.195024 0.980798 0
    outer loop
      vertex 3.36589 17.6335 3.2
      vertex 3.68021 17.571 0
      vertex 3.36589 17.6335 0
    endloop
  endfacet
  facet normal 0.946934 -0.321427 0
    outer loop
      vertex 1.63348 20.6341 3.2
      vertex 1.7365 20.9376 0
      vertex 1.7365 20.9376 3.2
    endloop
  endfacet
  facet normal 0.946934 -0.321427 0
    outer loop
      vertex 1.7365 20.9376 0
      vertex 1.63348 20.6341 3.2
      vertex 1.63348 20.6341 0
    endloop
  endfacet
  facet normal 0.751768 0.659428 0
    outer loop
      vertex 2.26759 18.2676 3.2
      vertex 2.05628 18.5085 0
      vertex 2.05628 18.5085 3.2
    endloop
  endfacet
  facet normal 0.751768 0.659428 0
    outer loop
      vertex 2.05628 18.5085 0
      vertex 2.26759 18.2676 3.2
      vertex 2.26759 18.2676 0
    endloop
  endfacet
  facet normal 0.997859 -0.0654006 0
    outer loop
      vertex 1.55 20 3.2
      vertex 1.57096 20.3198 0
      vertex 1.57096 20.3198 3.2
    endloop
  endfacet
  facet normal 0.997859 -0.0654006 0
    outer loop
      vertex 1.57096 20.3198 0
      vertex 1.55 20 3.2
      vertex 1.55 20 0
    endloop
  endfacet
  facet normal -0.195024 -0.980798 0
    outer loop
      vertex 4.31979 22.429 0
      vertex 4.63411 22.3665 3.2
      vertex 4.31979 22.429 3.2
    endloop
  endfacet
  facet normal -0.195024 -0.980798 -0
    outer loop
      vertex 4.63411 22.3665 3.2
      vertex 4.31979 22.429 0
      vertex 4.63411 22.3665 0
    endloop
  endfacet
  facet normal 0.065527 0.997851 -0
    outer loop
      vertex 4 17.55 0
      vertex 3.68021 17.571 3.2
      vertex 4 17.55 3.2
    endloop
  endfacet
  facet normal 0.065527 0.997851 0
    outer loop
      vertex 3.68021 17.571 3.2
      vertex 4 17.55 0
      vertex 3.68021 17.571 0
    endloop
  endfacet
  facet normal 0.659348 0.751838 -0
    outer loop
      vertex 2.50853 18.0563 0
      vertex 2.26759 18.2676 3.2
      vertex 2.50853 18.0563 3.2
    endloop
  endfacet
  facet normal 0.659348 0.751838 0
    outer loop
      vertex 2.26759 18.2676 3.2
      vertex 2.50853 18.0563 0
      vertex 2.26759 18.2676 0
    endloop
  endfacet
  facet normal 0.831512 0.555506 0
    outer loop
      vertex 2.05628 26.5085 3.2
      vertex 1.87824 26.775 0
      vertex 1.87824 26.775 3.2
    endloop
  endfacet
  facet normal 0.831512 0.555506 0
    outer loop
      vertex 1.87824 26.775 0
      vertex 2.05628 26.5085 3.2
      vertex 2.05628 26.5085 0
    endloop
  endfacet
  facet normal -0.980784 -0.195096 0
    outer loop
      vertex 6.42904 28.3198 0
      vertex 6.36652 28.6341 3.2
      vertex 6.36652 28.6341 0
    endloop
  endfacet
  facet normal -0.980784 -0.195096 0
    outer loop
      vertex 6.36652 28.6341 3.2
      vertex 6.42904 28.3198 0
      vertex 6.42904 28.3198 3.2
    endloop
  endfacet
  facet normal -0.997859 -0.0654006 0
    outer loop
      vertex 6.45 28 0
      vertex 6.42904 28.3198 3.2
      vertex 6.42904 28.3198 0
    endloop
  endfacet
  facet normal -0.997859 -0.0654006 0
    outer loop
      vertex 6.42904 28.3198 3.2
      vertex 6.45 28 0
      vertex 6.45 28 3.2
    endloop
  endfacet
  facet normal -0.442176 0.896928 0
    outer loop
      vertex 5.225 25.8782 0
      vertex 4.93757 25.7365 3.2
      vertex 5.225 25.8782 3.2
    endloop
  endfacet
  facet normal -0.442176 0.896928 0
    outer loop
      vertex 4.93757 25.7365 3.2
      vertex 5.225 25.8782 0
      vertex 4.93757 25.7365 0
    endloop
  endfacet
  facet normal 0.555679 0.831397 -0
    outer loop
      vertex 2.775 25.8782 0
      vertex 2.50853 26.0563 3.2
      vertex 2.775 25.8782 3.2
    endloop
  endfacet
  facet normal 0.555679 0.831397 0
    outer loop
      vertex 2.50853 26.0563 3.2
      vertex 2.775 25.8782 0
      vertex 2.50853 26.0563 0
    endloop
  endfacet
  facet normal -0.659333 -0.751851 0
    outer loop
      vertex 5.49146 29.9437 0
      vertex 5.73241 29.7324 3.2
      vertex 5.49146 29.9437 3.2
    endloop
  endfacet
  facet normal -0.659333 -0.751851 -0
    outer loop
      vertex 5.73241 29.7324 3.2
      vertex 5.49146 29.9437 0
      vertex 5.73241 29.7324 0
    endloop
  endfacet
  facet normal -0.89686 0.442314 0
    outer loop
      vertex 6.12176 26.775 0
      vertex 6.2635 27.0624 3.2
      vertex 6.2635 27.0624 0
    endloop
  endfacet
  facet normal -0.89686 0.442314 0
    outer loop
      vertex 6.2635 27.0624 3.2
      vertex 6.12176 26.775 0
      vertex 6.12176 26.775 3.2
    endloop
  endfacet
  facet normal 0.946934 0.321427 0
    outer loop
      vertex 1.7365 27.0624 3.2
      vertex 1.63348 27.3659 0
      vertex 1.63348 27.3659 3.2
    endloop
  endfacet
  facet normal 0.946934 0.321427 0
    outer loop
      vertex 1.63348 27.3659 0
      vertex 1.7365 27.0624 3.2
      vertex 1.7365 27.0624 0
    endloop
  endfacet
  facet normal 0.555679 -0.831397 0
    outer loop
      vertex 2.50853 29.9437 0
      vertex 2.775 30.1218 3.2
      vertex 2.50853 29.9437 3.2
    endloop
  endfacet
  facet normal 0.555679 -0.831397 0
    outer loop
      vertex 2.775 30.1218 3.2
      vertex 2.50853 29.9437 0
      vertex 2.775 30.1218 0
    endloop
  endfacet
  facet normal -0.946934 0.321427 0
    outer loop
      vertex 6.2635 27.0624 0
      vertex 6.36652 27.3659 3.2
      vertex 6.36652 27.3659 0
    endloop
  endfacet
  facet normal -0.946934 0.321427 0
    outer loop
      vertex 6.36652 27.3659 3.2
      vertex 6.2635 27.0624 0
      vertex 6.2635 27.0624 3.2
    endloop
  endfacet
  facet normal -0.321409 -0.94694 0
    outer loop
      vertex 4.63411 30.3665 0
      vertex 4.93757 30.2635 3.2
      vertex 4.63411 30.3665 3.2
    endloop
  endfacet
  facet normal -0.321409 -0.94694 -0
    outer loop
      vertex 4.93757 30.2635 3.2
      vertex 4.63411 30.3665 0
      vertex 4.93757 30.2635 0
    endloop
  endfacet
  facet normal -0.065527 -0.997851 0
    outer loop
      vertex 4 30.45 0
      vertex 4.31979 30.429 3.2
      vertex 4 30.45 3.2
    endloop
  endfacet
  facet normal -0.065527 -0.997851 -0
    outer loop
      vertex 4.31979 30.429 3.2
      vertex 4 30.45 0
      vertex 4.31979 30.429 0
    endloop
  endfacet
  facet normal 0.659348 -0.751838 0
    outer loop
      vertex 2.26759 29.7324 0
      vertex 2.50853 29.9437 3.2
      vertex 2.26759 29.7324 3.2
    endloop
  endfacet
  facet normal 0.659348 -0.751838 0
    outer loop
      vertex 2.50853 29.9437 3.2
      vertex 2.26759 29.7324 0
      vertex 2.50853 29.9437 0
    endloop
  endfacet
  facet normal -0.751768 0.659428 0
    outer loop
      vertex 5.73241 26.2676 0
      vertex 5.94372 26.5085 3.2
      vertex 5.94372 26.5085 0
    endloop
  endfacet
  facet normal -0.751768 0.659428 0
    outer loop
      vertex 5.94372 26.5085 3.2
      vertex 5.73241 26.2676 0
      vertex 5.73241 26.2676 3.2
    endloop
  endfacet
  facet normal -0.195024 0.980798 0
    outer loop
      vertex 4.63411 25.6335 0
      vertex 4.31979 25.571 3.2
      vertex 4.63411 25.6335 3.2
    endloop
  endfacet
  facet normal -0.195024 0.980798 0
    outer loop
      vertex 4.31979 25.571 3.2
      vertex 4.63411 25.6335 0
      vertex 4.31979 25.571 0
    endloop
  endfacet
  facet normal -0.831512 -0.555506 0
    outer loop
      vertex 6.12176 29.225 0
      vertex 5.94372 29.4915 3.2
      vertex 5.94372 29.4915 0
    endloop
  endfacet
  facet normal -0.831512 -0.555506 0
    outer loop
      vertex 5.94372 29.4915 3.2
      vertex 6.12176 29.225 0
      vertex 6.12176 29.225 3.2
    endloop
  endfacet
  facet normal 0.751768 -0.659428 0
    outer loop
      vertex 2.05628 29.4915 3.2
      vertex 2.26759 29.7324 0
      vertex 2.26759 29.7324 3.2
    endloop
  endfacet
  facet normal 0.751768 -0.659428 0
    outer loop
      vertex 2.26759 29.7324 0
      vertex 2.05628 29.4915 3.2
      vertex 2.05628 29.4915 0
    endloop
  endfacet
  facet normal 0.3214 0.946944 -0
    outer loop
      vertex 3.36589 25.6335 0
      vertex 3.06242 25.7365 3.2
      vertex 3.36589 25.6335 3.2
    endloop
  endfacet
  facet normal 0.3214 0.946944 0
    outer loop
      vertex 3.06242 25.7365 3.2
      vertex 3.36589 25.6335 0
      vertex 3.06242 25.7365 0
    endloop
  endfacet
  facet normal -0.321409 0.94694 0
    outer loop
      vertex 4.93757 25.7365 0
      vertex 4.63411 25.6335 3.2
      vertex 4.93757 25.7365 3.2
    endloop
  endfacet
  facet normal -0.321409 0.94694 0
    outer loop
      vertex 4.63411 25.6335 3.2
      vertex 4.93757 25.7365 0
      vertex 4.63411 25.6335 0
    endloop
  endfacet
  facet normal -0.442176 -0.896928 0
    outer loop
      vertex 4.93757 30.2635 0
      vertex 5.225 30.1218 3.2
      vertex 4.93757 30.2635 3.2
    endloop
  endfacet
  facet normal -0.442176 -0.896928 -0
    outer loop
      vertex 5.225 30.1218 3.2
      vertex 4.93757 30.2635 0
      vertex 5.225 30.1218 0
    endloop
  endfacet
  facet normal -0.555693 -0.831387 0
    outer loop
      vertex 5.225 30.1218 0
      vertex 5.49146 29.9437 3.2
      vertex 5.225 30.1218 3.2
    endloop
  endfacet
  facet normal -0.555693 -0.831387 -0
    outer loop
      vertex 5.49146 29.9437 3.2
      vertex 5.225 30.1218 0
      vertex 5.49146 29.9437 0
    endloop
  endfacet
  facet normal -0.555693 0.831387 0
    outer loop
      vertex 5.49146 26.0563 0
      vertex 5.225 25.8782 3.2
      vertex 5.49146 26.0563 3.2
    endloop
  endfacet
  facet normal -0.555693 0.831387 0
    outer loop
      vertex 5.225 25.8782 3.2
      vertex 5.49146 26.0563 0
      vertex 5.225 25.8782 0
    endloop
  endfacet
  facet normal 0.89686 -0.442314 0
    outer loop
      vertex 1.7365 28.9376 3.2
      vertex 1.87824 29.225 0
      vertex 1.87824 29.225 3.2
    endloop
  endfacet
  facet normal 0.89686 -0.442314 0
    outer loop
      vertex 1.87824 29.225 0
      vertex 1.7365 28.9376 3.2
      vertex 1.7365 28.9376 0
    endloop
  endfacet
  facet normal -0.659333 0.751851 0
    outer loop
      vertex 5.73241 26.2676 0
      vertex 5.49146 26.0563 3.2
      vertex 5.73241 26.2676 3.2
    endloop
  endfacet
  facet normal -0.659333 0.751851 0
    outer loop
      vertex 5.49146 26.0563 3.2
      vertex 5.73241 26.2676 0
      vertex 5.49146 26.0563 0
    endloop
  endfacet
  facet normal 0.195024 -0.980798 0
    outer loop
      vertex 3.36589 30.3665 0
      vertex 3.68021 30.429 3.2
      vertex 3.36589 30.3665 3.2
    endloop
  endfacet
  facet normal 0.195024 -0.980798 0
    outer loop
      vertex 3.68021 30.429 3.2
      vertex 3.36589 30.3665 0
      vertex 3.68021 30.429 0
    endloop
  endfacet
  facet normal -0.980784 0.195096 0
    outer loop
      vertex 6.36652 27.3659 0
      vertex 6.42904 27.6802 3.2
      vertex 6.42904 27.6802 0
    endloop
  endfacet
  facet normal -0.980784 0.195096 0
    outer loop
      vertex 6.42904 27.6802 3.2
      vertex 6.36652 27.3659 0
      vertex 6.36652 27.3659 3.2
    endloop
  endfacet
  facet normal -0.997859 0.0654006 0
    outer loop
      vertex 6.42904 27.6802 0
      vertex 6.45 28 3.2
      vertex 6.45 28 0
    endloop
  endfacet
  facet normal -0.997859 0.0654006 0
    outer loop
      vertex 6.45 28 3.2
      vertex 6.42904 27.6802 0
      vertex 6.42904 27.6802 3.2
    endloop
  endfacet
  facet normal 0.89686 0.442314 0
    outer loop
      vertex 1.87824 26.775 3.2
      vertex 1.7365 27.0624 0
      vertex 1.7365 27.0624 3.2
    endloop
  endfacet
  facet normal 0.89686 0.442314 0
    outer loop
      vertex 1.7365 27.0624 0
      vertex 1.87824 26.775 3.2
      vertex 1.87824 26.775 0
    endloop
  endfacet
  facet normal 0.980784 -0.195096 0
    outer loop
      vertex 1.57096 28.3198 3.2
      vertex 1.63348 28.6341 0
      vertex 1.63348 28.6341 3.2
    endloop
  endfacet
  facet normal 0.980784 -0.195096 0
    outer loop
      vertex 1.63348 28.6341 0
      vertex 1.57096 28.3198 3.2
      vertex 1.57096 28.3198 0
    endloop
  endfacet
  facet normal -0.89686 -0.442314 0
    outer loop
      vertex 6.2635 28.9376 0
      vertex 6.12176 29.225 3.2
      vertex 6.12176 29.225 0
    endloop
  endfacet
  facet normal -0.89686 -0.442314 0
    outer loop
      vertex 6.12176 29.225 3.2
      vertex 6.2635 28.9376 0
      vertex 6.2635 28.9376 3.2
    endloop
  endfacet
  facet normal -0.065527 0.997851 0
    outer loop
      vertex 4.31979 25.571 0
      vertex 4 25.55 3.2
      vertex 4.31979 25.571 3.2
    endloop
  endfacet
  facet normal -0.065527 0.997851 0
    outer loop
      vertex 4 25.55 3.2
      vertex 4.31979 25.571 0
      vertex 4 25.55 0
    endloop
  endfacet
  facet normal -0.831512 0.555506 0
    outer loop
      vertex 5.94372 26.5085 0
      vertex 6.12176 26.775 3.2
      vertex 6.12176 26.775 0
    endloop
  endfacet
  facet normal -0.831512 0.555506 0
    outer loop
      vertex 6.12176 26.775 3.2
      vertex 5.94372 26.5085 0
      vertex 5.94372 26.5085 3.2
    endloop
  endfacet
  facet normal 0.442189 -0.896922 0
    outer loop
      vertex 2.775 30.1218 0
      vertex 3.06242 30.2635 3.2
      vertex 2.775 30.1218 3.2
    endloop
  endfacet
  facet normal 0.442189 -0.896922 0
    outer loop
      vertex 3.06242 30.2635 3.2
      vertex 2.775 30.1218 0
      vertex 3.06242 30.2635 0
    endloop
  endfacet
  facet normal 0.065527 -0.997851 0
    outer loop
      vertex 3.68021 30.429 0
      vertex 4 30.45 3.2
      vertex 3.68021 30.429 3.2
    endloop
  endfacet
  facet normal 0.065527 -0.997851 0
    outer loop
      vertex 4 30.45 3.2
      vertex 3.68021 30.429 0
      vertex 4 30.45 0
    endloop
  endfacet
  facet normal -0.751768 -0.659428 0
    outer loop
      vertex 5.94372 29.4915 0
      vertex 5.73241 29.7324 3.2
      vertex 5.73241 29.7324 0
    endloop
  endfacet
  facet normal -0.751768 -0.659428 0
    outer loop
      vertex 5.73241 29.7324 3.2
      vertex 5.94372 29.4915 0
      vertex 5.94372 29.4915 3.2
    endloop
  endfacet
  facet normal -0.946934 -0.321427 0
    outer loop
      vertex 6.36652 28.6341 0
      vertex 6.2635 28.9376 3.2
      vertex 6.2635 28.9376 0
    endloop
  endfacet
  facet normal -0.946934 -0.321427 0
    outer loop
      vertex 6.2635 28.9376 3.2
      vertex 6.36652 28.6341 0
      vertex 6.36652 28.6341 3.2
    endloop
  endfacet
  facet normal 0.3214 -0.946944 0
    outer loop
      vertex 3.06242 30.2635 0
      vertex 3.36589 30.3665 3.2
      vertex 3.06242 30.2635 3.2
    endloop
  endfacet
  facet normal 0.3214 -0.946944 0
    outer loop
      vertex 3.36589 30.3665 3.2
      vertex 3.06242 30.2635 0
      vertex 3.36589 30.3665 0
    endloop
  endfacet
  facet normal 0.997859 0.0654006 0
    outer loop
      vertex 1.57096 27.6802 3.2
      vertex 1.55 28 0
      vertex 1.55 28 3.2
    endloop
  endfacet
  facet normal 0.997859 0.0654006 0
    outer loop
      vertex 1.55 28 0
      vertex 1.57096 27.6802 3.2
      vertex 1.57096 27.6802 0
    endloop
  endfacet
  facet normal 0.980784 0.195096 0
    outer loop
      vertex 1.63348 27.3659 3.2
      vertex 1.57096 27.6802 0
      vertex 1.57096 27.6802 3.2
    endloop
  endfacet
  facet normal 0.980784 0.195096 0
    outer loop
      vertex 1.57096 27.6802 0
      vertex 1.63348 27.3659 3.2
      vertex 1.63348 27.3659 0
    endloop
  endfacet
  facet normal 0.831512 -0.555506 0
    outer loop
      vertex 1.87824 29.225 3.2
      vertex 2.05628 29.4915 0
      vertex 2.05628 29.4915 3.2
    endloop
  endfacet
  facet normal 0.831512 -0.555506 0
    outer loop
      vertex 2.05628 29.4915 0
      vertex 1.87824 29.225 3.2
      vertex 1.87824 29.225 0
    endloop
  endfacet
  facet normal 0.442189 0.896922 -0
    outer loop
      vertex 3.06242 25.7365 0
      vertex 2.775 25.8782 3.2
      vertex 3.06242 25.7365 3.2
    endloop
  endfacet
  facet normal 0.442189 0.896922 0
    outer loop
      vertex 2.775 25.8782 3.2
      vertex 3.06242 25.7365 0
      vertex 2.775 25.8782 0
    endloop
  endfacet
  facet normal 0.195024 0.980798 -0
    outer loop
      vertex 3.68021 25.571 0
      vertex 3.36589 25.6335 3.2
      vertex 3.68021 25.571 3.2
    endloop
  endfacet
  facet normal 0.195024 0.980798 0
    outer loop
      vertex 3.36589 25.6335 3.2
      vertex 3.68021 25.571 0
      vertex 3.36589 25.6335 0
    endloop
  endfacet
  facet normal 0.946934 -0.321427 0
    outer loop
      vertex 1.63348 28.6341 3.2
      vertex 1.7365 28.9376 0
      vertex 1.7365 28.9376 3.2
    endloop
  endfacet
  facet normal 0.946934 -0.321427 0
    outer loop
      vertex 1.7365 28.9376 0
      vertex 1.63348 28.6341 3.2
      vertex 1.63348 28.6341 0
    endloop
  endfacet
  facet normal 0.751768 0.659428 0
    outer loop
      vertex 2.26759 26.2676 3.2
      vertex 2.05628 26.5085 0
      vertex 2.05628 26.5085 3.2
    endloop
  endfacet
  facet normal 0.751768 0.659428 0
    outer loop
      vertex 2.05628 26.5085 0
      vertex 2.26759 26.2676 3.2
      vertex 2.26759 26.2676 0
    endloop
  endfacet
  facet normal 0.997859 -0.0654006 0
    outer loop
      vertex 1.55 28 3.2
      vertex 1.57096 28.3198 0
      vertex 1.57096 28.3198 3.2
    endloop
  endfacet
  facet normal 0.997859 -0.0654006 0
    outer loop
      vertex 1.57096 28.3198 0
      vertex 1.55 28 3.2
      vertex 1.55 28 0
    endloop
  endfacet
  facet normal -0.195024 -0.980798 0
    outer loop
      vertex 4.31979 30.429 0
      vertex 4.63411 30.3665 3.2
      vertex 4.31979 30.429 3.2
    endloop
  endfacet
  facet normal -0.195024 -0.980798 -0
    outer loop
      vertex 4.63411 30.3665 3.2
      vertex 4.31979 30.429 0
      vertex 4.63411 30.3665 0
    endloop
  endfacet
  facet normal 0.065527 0.997851 -0
    outer loop
      vertex 4 25.55 0
      vertex 3.68021 25.571 3.2
      vertex 4 25.55 3.2
    endloop
  endfacet
  facet normal 0.065527 0.997851 0
    outer loop
      vertex 3.68021 25.571 3.2
      vertex 4 25.55 0
      vertex 3.68021 25.571 0
    endloop
  endfacet
  facet normal 0.659348 0.751838 -0
    outer loop
      vertex 2.50853 26.0563 0
      vertex 2.26759 26.2676 3.2
      vertex 2.50853 26.0563 3.2
    endloop
  endfacet
  facet normal 0.659348 0.751838 0
    outer loop
      vertex 2.26759 26.2676 3.2
      vertex 2.50853 26.0563 0
      vertex 2.26759 26.2676 0
    endloop
  endfacet
  facet normal 0.831512 0.555506 0
    outer loop
      vertex 2.05628 34.5085 3.2
      vertex 1.87824 34.775 0
      vertex 1.87824 34.775 3.2
    endloop
  endfacet
  facet normal 0.831512 0.555506 0
    outer loop
      vertex 1.87824 34.775 0
      vertex 2.05628 34.5085 3.2
      vertex 2.05628 34.5085 0
    endloop
  endfacet
  facet normal -0.980784 -0.195096 0
    outer loop
      vertex 6.42904 36.3198 0
      vertex 6.36652 36.6341 3.2
      vertex 6.36652 36.6341 0
    endloop
  endfacet
  facet normal -0.980784 -0.195096 0
    outer loop
      vertex 6.36652 36.6341 3.2
      vertex 6.42904 36.3198 0
      vertex 6.42904 36.3198 3.2
    endloop
  endfacet
  facet normal -0.997859 -0.0654006 0
    outer loop
      vertex 6.45 36 0
      vertex 6.42904 36.3198 3.2
      vertex 6.42904 36.3198 0
    endloop
  endfacet
  facet normal -0.997859 -0.0654006 0
    outer loop
      vertex 6.42904 36.3198 3.2
      vertex 6.45 36 0
      vertex 6.45 36 3.2
    endloop
  endfacet
  facet normal -0.442176 0.896928 0
    outer loop
      vertex 5.225 33.8782 0
      vertex 4.93757 33.7365 3.2
      vertex 5.225 33.8782 3.2
    endloop
  endfacet
  facet normal -0.442176 0.896928 0
    outer loop
      vertex 4.93757 33.7365 3.2
      vertex 5.225 33.8782 0
      vertex 4.93757 33.7365 0
    endloop
  endfacet
  facet normal 0.555679 0.831397 -0
    outer loop
      vertex 2.775 33.8782 0
      vertex 2.50853 34.0563 3.2
      vertex 2.775 33.8782 3.2
    endloop
  endfacet
  facet normal 0.555679 0.831397 0
    outer loop
      vertex 2.50853 34.0563 3.2
      vertex 2.775 33.8782 0
      vertex 2.50853 34.0563 0
    endloop
  endfacet
  facet normal -0.659333 -0.751851 0
    outer loop
      vertex 5.49146 37.9437 0
      vertex 5.73241 37.7324 3.2
      vertex 5.49146 37.9437 3.2
    endloop
  endfacet
  facet normal -0.659333 -0.751851 -0
    outer loop
      vertex 5.73241 37.7324 3.2
      vertex 5.49146 37.9437 0
      vertex 5.73241 37.7324 0
    endloop
  endfacet
  facet normal -0.89686 0.442314 0
    outer loop
      vertex 6.12176 34.775 0
      vertex 6.2635 35.0624 3.2
      vertex 6.2635 35.0624 0
    endloop
  endfacet
  facet normal -0.89686 0.442314 0
    outer loop
      vertex 6.2635 35.0624 3.2
      vertex 6.12176 34.775 0
      vertex 6.12176 34.775 3.2
    endloop
  endfacet
  facet normal 0.946934 0.321427 0
    outer loop
      vertex 1.7365 35.0624 3.2
      vertex 1.63348 35.3659 0
      vertex 1.63348 35.3659 3.2
    endloop
  endfacet
  facet normal 0.946934 0.321427 0
    outer loop
      vertex 1.63348 35.3659 0
      vertex 1.7365 35.0624 3.2
      vertex 1.7365 35.0624 0
    endloop
  endfacet
  facet normal 0.555679 -0.831397 0
    outer loop
      vertex 2.50853 37.9437 0
      vertex 2.775 38.1218 3.2
      vertex 2.50853 37.9437 3.2
    endloop
  endfacet
  facet normal 0.555679 -0.831397 0
    outer loop
      vertex 2.775 38.1218 3.2
      vertex 2.50853 37.9437 0
      vertex 2.775 38.1218 0
    endloop
  endfacet
  facet normal -0.946934 0.321427 0
    outer loop
      vertex 6.2635 35.0624 0
      vertex 6.36652 35.3659 3.2
      vertex 6.36652 35.3659 0
    endloop
  endfacet
  facet normal -0.946934 0.321427 0
    outer loop
      vertex 6.36652 35.3659 3.2
      vertex 6.2635 35.0624 0
      vertex 6.2635 35.0624 3.2
    endloop
  endfacet
  facet normal -0.321409 -0.94694 0
    outer loop
      vertex 4.63411 38.3665 0
      vertex 4.93757 38.2635 3.2
      vertex 4.63411 38.3665 3.2
    endloop
  endfacet
  facet normal -0.321409 -0.94694 -0
    outer loop
      vertex 4.93757 38.2635 3.2
      vertex 4.63411 38.3665 0
      vertex 4.93757 38.2635 0
    endloop
  endfacet
  facet normal -0.065527 -0.997851 0
    outer loop
      vertex 4 38.45 0
      vertex 4.31979 38.429 3.2
      vertex 4 38.45 3.2
    endloop
  endfacet
  facet normal -0.065527 -0.997851 -0
    outer loop
      vertex 4.31979 38.429 3.2
      vertex 4 38.45 0
      vertex 4.31979 38.429 0
    endloop
  endfacet
  facet normal 0.659348 -0.751838 0
    outer loop
      vertex 2.26759 37.7324 0
      vertex 2.50853 37.9437 3.2
      vertex 2.26759 37.7324 3.2
    endloop
  endfacet
  facet normal 0.659348 -0.751838 0
    outer loop
      vertex 2.50853 37.9437 3.2
      vertex 2.26759 37.7324 0
      vertex 2.50853 37.9437 0
    endloop
  endfacet
  facet normal -0.751768 0.659428 0
    outer loop
      vertex 5.73241 34.2676 0
      vertex 5.94372 34.5085 3.2
      vertex 5.94372 34.5085 0
    endloop
  endfacet
  facet normal -0.751768 0.659428 0
    outer loop
      vertex 5.94372 34.5085 3.2
      vertex 5.73241 34.2676 0
      vertex 5.73241 34.2676 3.2
    endloop
  endfacet
  facet normal -0.195024 0.980798 0
    outer loop
      vertex 4.63411 33.6335 0
      vertex 4.31979 33.571 3.2
      vertex 4.63411 33.6335 3.2
    endloop
  endfacet
  facet normal -0.195024 0.980798 0
    outer loop
      vertex 4.31979 33.571 3.2
      vertex 4.63411 33.6335 0
      vertex 4.31979 33.571 0
    endloop
  endfacet
  facet normal -0.831512 -0.555506 0
    outer loop
      vertex 6.12176 37.225 0
      vertex 5.94372 37.4915 3.2
      vertex 5.94372 37.4915 0
    endloop
  endfacet
  facet normal -0.831512 -0.555506 0
    outer loop
      vertex 5.94372 37.4915 3.2
      vertex 6.12176 37.225 0
      vertex 6.12176 37.225 3.2
    endloop
  endfacet
  facet normal 0.751768 -0.659428 0
    outer loop
      vertex 2.05628 37.4915 3.2
      vertex 2.26759 37.7324 0
      vertex 2.26759 37.7324 3.2
    endloop
  endfacet
  facet normal 0.751768 -0.659428 0
    outer loop
      vertex 2.26759 37.7324 0
      vertex 2.05628 37.4915 3.2
      vertex 2.05628 37.4915 0
    endloop
  endfacet
  facet normal 0.3214 0.946944 -0
    outer loop
      vertex 3.36589 33.6335 0
      vertex 3.06242 33.7365 3.2
      vertex 3.36589 33.6335 3.2
    endloop
  endfacet
  facet normal 0.3214 0.946944 0
    outer loop
      vertex 3.06242 33.7365 3.2
      vertex 3.36589 33.6335 0
      vertex 3.06242 33.7365 0
    endloop
  endfacet
  facet normal -0.321409 0.94694 0
    outer loop
      vertex 4.93757 33.7365 0
      vertex 4.63411 33.6335 3.2
      vertex 4.93757 33.7365 3.2
    endloop
  endfacet
  facet normal -0.321409 0.94694 0
    outer loop
      vertex 4.63411 33.6335 3.2
      vertex 4.93757 33.7365 0
      vertex 4.63411 33.6335 0
    endloop
  endfacet
  facet normal -0.442176 -0.896928 0
    outer loop
      vertex 4.93757 38.2635 0
      vertex 5.225 38.1218 3.2
      vertex 4.93757 38.2635 3.2
    endloop
  endfacet
  facet normal -0.442176 -0.896928 -0
    outer loop
      vertex 5.225 38.1218 3.2
      vertex 4.93757 38.2635 0
      vertex 5.225 38.1218 0
    endloop
  endfacet
  facet normal -0.555693 -0.831387 0
    outer loop
      vertex 5.225 38.1218 0
      vertex 5.49146 37.9437 3.2
      vertex 5.225 38.1218 3.2
    endloop
  endfacet
  facet normal -0.555693 -0.831387 -0
    outer loop
      vertex 5.49146 37.9437 3.2
      vertex 5.225 38.1218 0
      vertex 5.49146 37.9437 0
    endloop
  endfacet
  facet normal -0.555693 0.831387 0
    outer loop
      vertex 5.49146 34.0563 0
      vertex 5.225 33.8782 3.2
      vertex 5.49146 34.0563 3.2
    endloop
  endfacet
  facet normal -0.555693 0.831387 0
    outer loop
      vertex 5.225 33.8782 3.2
      vertex 5.49146 34.0563 0
      vertex 5.225 33.8782 0
    endloop
  endfacet
  facet normal 0.89686 -0.442314 0
    outer loop
      vertex 1.7365 36.9376 3.2
      vertex 1.87824 37.225 0
      vertex 1.87824 37.225 3.2
    endloop
  endfacet
  facet normal 0.89686 -0.442314 0
    outer loop
      vertex 1.87824 37.225 0
      vertex 1.7365 36.9376 3.2
      vertex 1.7365 36.9376 0
    endloop
  endfacet
  facet normal -0.659333 0.751851 0
    outer loop
      vertex 5.73241 34.2676 0
      vertex 5.49146 34.0563 3.2
      vertex 5.73241 34.2676 3.2
    endloop
  endfacet
  facet normal -0.659333 0.751851 0
    outer loop
      vertex 5.49146 34.0563 3.2
      vertex 5.73241 34.2676 0
      vertex 5.49146 34.0563 0
    endloop
  endfacet
  facet normal 0.195024 -0.980798 0
    outer loop
      vertex 3.36589 38.3665 0
      vertex 3.68021 38.429 3.2
      vertex 3.36589 38.3665 3.2
    endloop
  endfacet
  facet normal 0.195024 -0.980798 0
    outer loop
      vertex 3.68021 38.429 3.2
      vertex 3.36589 38.3665 0
      vertex 3.68021 38.429 0
    endloop
  endfacet
  facet normal -0.980784 0.195096 0
    outer loop
      vertex 6.36652 35.3659 0
      vertex 6.42904 35.6802 3.2
      vertex 6.42904 35.6802 0
    endloop
  endfacet
  facet normal -0.980784 0.195096 0
    outer loop
      vertex 6.42904 35.6802 3.2
      vertex 6.36652 35.3659 0
      vertex 6.36652 35.3659 3.2
    endloop
  endfacet
  facet normal -0.997859 0.0654006 0
    outer loop
      vertex 6.42904 35.6802 0
      vertex 6.45 36 3.2
      vertex 6.45 36 0
    endloop
  endfacet
  facet normal -0.997859 0.0654006 0
    outer loop
      vertex 6.45 36 3.2
      vertex 6.42904 35.6802 0
      vertex 6.42904 35.6802 3.2
    endloop
  endfacet
  facet normal 0.89686 0.442314 0
    outer loop
      vertex 1.87824 34.775 3.2
      vertex 1.7365 35.0624 0
      vertex 1.7365 35.0624 3.2
    endloop
  endfacet
  facet normal 0.89686 0.442314 0
    outer loop
      vertex 1.7365 35.0624 0
      vertex 1.87824 34.775 3.2
      vertex 1.87824 34.775 0
    endloop
  endfacet
  facet normal 0.980784 -0.195096 0
    outer loop
      vertex 1.57096 36.3198 3.2
      vertex 1.63348 36.6341 0
      vertex 1.63348 36.6341 3.2
    endloop
  endfacet
  facet normal 0.980784 -0.195096 0
    outer loop
      vertex 1.63348 36.6341 0
      vertex 1.57096 36.3198 3.2
      vertex 1.57096 36.3198 0
    endloop
  endfacet
  facet normal -0.89686 -0.442314 0
    outer loop
      vertex 6.2635 36.9376 0
      vertex 6.12176 37.225 3.2
      vertex 6.12176 37.225 0
    endloop
  endfacet
  facet normal -0.89686 -0.442314 0
    outer loop
      vertex 6.12176 37.225 3.2
      vertex 6.2635 36.9376 0
      vertex 6.2635 36.9376 3.2
    endloop
  endfacet
  facet normal -0.065527 0.997851 0
    outer loop
      vertex 4.31979 33.571 0
      vertex 4 33.55 3.2
      vertex 4.31979 33.571 3.2
    endloop
  endfacet
  facet normal -0.065527 0.997851 0
    outer loop
      vertex 4 33.55 3.2
      vertex 4.31979 33.571 0
      vertex 4 33.55 0
    endloop
  endfacet
  facet normal -0.831512 0.555506 0
    outer loop
      vertex 5.94372 34.5085 0
      vertex 6.12176 34.775 3.2
      vertex 6.12176 34.775 0
    endloop
  endfacet
  facet normal -0.831512 0.555506 0
    outer loop
      vertex 6.12176 34.775 3.2
      vertex 5.94372 34.5085 0
      vertex 5.94372 34.5085 3.2
    endloop
  endfacet
  facet normal 0.442189 -0.896922 0
    outer loop
      vertex 2.775 38.1218 0
      vertex 3.06242 38.2635 3.2
      vertex 2.775 38.1218 3.2
    endloop
  endfacet
  facet normal 0.442189 -0.896922 0
    outer loop
      vertex 3.06242 38.2635 3.2
      vertex 2.775 38.1218 0
      vertex 3.06242 38.2635 0
    endloop
  endfacet
  facet normal 0.065527 -0.997851 0
    outer loop
      vertex 3.68021 38.429 0
      vertex 4 38.45 3.2
      vertex 3.68021 38.429 3.2
    endloop
  endfacet
  facet normal 0.065527 -0.997851 0
    outer loop
      vertex 4 38.45 3.2
      vertex 3.68021 38.429 0
      vertex 4 38.45 0
    endloop
  endfacet
  facet normal -0.751768 -0.659428 0
    outer loop
      vertex 5.94372 37.4915 0
      vertex 5.73241 37.7324 3.2
      vertex 5.73241 37.7324 0
    endloop
  endfacet
  facet normal -0.751768 -0.659428 0
    outer loop
      vertex 5.73241 37.7324 3.2
      vertex 5.94372 37.4915 0
      vertex 5.94372 37.4915 3.2
    endloop
  endfacet
  facet normal -0.946934 -0.321427 0
    outer loop
      vertex 6.36652 36.6341 0
      vertex 6.2635 36.9376 3.2
      vertex 6.2635 36.9376 0
    endloop
  endfacet
  facet normal -0.946934 -0.321427 0
    outer loop
      vertex 6.2635 36.9376 3.2
      vertex 6.36652 36.6341 0
      vertex 6.36652 36.6341 3.2
    endloop
  endfacet
  facet normal 0.3214 -0.946944 0
    outer loop
      vertex 3.06242 38.2635 0
      vertex 3.36589 38.3665 3.2
      vertex 3.06242 38.2635 3.2
    endloop
  endfacet
  facet normal 0.3214 -0.946944 0
    outer loop
      vertex 3.36589 38.3665 3.2
      vertex 3.06242 38.2635 0
      vertex 3.36589 38.3665 0
    endloop
  endfacet
  facet normal 0.997859 0.0654006 0
    outer loop
      vertex 1.57096 35.6802 3.2
      vertex 1.55 36 0
      vertex 1.55 36 3.2
    endloop
  endfacet
  facet normal 0.997859 0.0654006 0
    outer loop
      vertex 1.55 36 0
      vertex 1.57096 35.6802 3.2
      vertex 1.57096 35.6802 0
    endloop
  endfacet
  facet normal 0.980784 0.195096 0
    outer loop
      vertex 1.63348 35.3659 3.2
      vertex 1.57096 35.6802 0
      vertex 1.57096 35.6802 3.2
    endloop
  endfacet
  facet normal 0.980784 0.195096 0
    outer loop
      vertex 1.57096 35.6802 0
      vertex 1.63348 35.3659 3.2
      vertex 1.63348 35.3659 0
    endloop
  endfacet
  facet normal 0.831512 -0.555506 0
    outer loop
      vertex 1.87824 37.225 3.2
      vertex 2.05628 37.4915 0
      vertex 2.05628 37.4915 3.2
    endloop
  endfacet
  facet normal 0.831512 -0.555506 0
    outer loop
      vertex 2.05628 37.4915 0
      vertex 1.87824 37.225 3.2
      vertex 1.87824 37.225 0
    endloop
  endfacet
  facet normal 0.442189 0.896922 -0
    outer loop
      vertex 3.06242 33.7365 0
      vertex 2.775 33.8782 3.2
      vertex 3.06242 33.7365 3.2
    endloop
  endfacet
  facet normal 0.442189 0.896922 0
    outer loop
      vertex 2.775 33.8782 3.2
      vertex 3.06242 33.7365 0
      vertex 2.775 33.8782 0
    endloop
  endfacet
  facet normal 0.195024 0.980798 -0
    outer loop
      vertex 3.68021 33.571 0
      vertex 3.36589 33.6335 3.2
      vertex 3.68021 33.571 3.2
    endloop
  endfacet
  facet normal 0.195024 0.980798 0
    outer loop
      vertex 3.36589 33.6335 3.2
      vertex 3.68021 33.571 0
      vertex 3.36589 33.6335 0
    endloop
  endfacet
  facet normal 0.946934 -0.321427 0
    outer loop
      vertex 1.63348 36.6341 3.2
      vertex 1.7365 36.9376 0
      vertex 1.7365 36.9376 3.2
    endloop
  endfacet
  facet normal 0.946934 -0.321427 0
    outer loop
      vertex 1.7365 36.9376 0
      vertex 1.63348 36.6341 3.2
      vertex 1.63348 36.6341 0
    endloop
  endfacet
  facet normal 0.751768 0.659428 0
    outer loop
      vertex 2.26759 34.2676 3.2
      vertex 2.05628 34.5085 0
      vertex 2.05628 34.5085 3.2
    endloop
  endfacet
  facet normal 0.751768 0.659428 0
    outer loop
      vertex 2.05628 34.5085 0
      vertex 2.26759 34.2676 3.2
      vertex 2.26759 34.2676 0
    endloop
  endfacet
  facet normal 0.997859 -0.0654006 0
    outer loop
      vertex 1.55 36 3.2
      vertex 1.57096 36.3198 0
      vertex 1.57096 36.3198 3.2
    endloop
  endfacet
  facet normal 0.997859 -0.0654006 0
    outer loop
      vertex 1.57096 36.3198 0
      vertex 1.55 36 3.2
      vertex 1.55 36 0
    endloop
  endfacet
  facet normal -0.195024 -0.980798 0
    outer loop
      vertex 4.31979 38.429 0
      vertex 4.63411 38.3665 3.2
      vertex 4.31979 38.429 3.2
    endloop
  endfacet
  facet normal -0.195024 -0.980798 -0
    outer loop
      vertex 4.63411 38.3665 3.2
      vertex 4.31979 38.429 0
      vertex 4.63411 38.3665 0
    endloop
  endfacet
  facet normal 0.065527 0.997851 -0
    outer loop
      vertex 4 33.55 0
      vertex 3.68021 33.571 3.2
      vertex 4 33.55 3.2
    endloop
  endfacet
  facet normal 0.065527 0.997851 0
    outer loop
      vertex 3.68021 33.571 3.2
      vertex 4 33.55 0
      vertex 3.68021 33.571 0
    endloop
  endfacet
  facet normal 0.659348 0.751838 -0
    outer loop
      vertex 2.50853 34.0563 0
      vertex 2.26759 34.2676 3.2
      vertex 2.50853 34.0563 3.2
    endloop
  endfacet
  facet normal 0.659348 0.751838 0
    outer loop
      vertex 2.26759 34.2676 3.2
      vertex 2.50853 34.0563 0
      vertex 2.26759 34.2676 0
    endloop
  endfacet
  facet normal 0.831512 0.555506 0
    outer loop
      vertex 2.05628 42.5085 3.2
      vertex 1.87824 42.775 0
      vertex 1.87824 42.775 3.2
    endloop
  endfacet
  facet normal 0.831512 0.555506 0
    outer loop
      vertex 1.87824 42.775 0
      vertex 2.05628 42.5085 3.2
      vertex 2.05628 42.5085 0
    endloop
  endfacet
  facet normal -0.980784 -0.195096 0
    outer loop
      vertex 6.42904 44.3198 0
      vertex 6.36652 44.6341 3.2
      vertex 6.36652 44.6341 0
    endloop
  endfacet
  facet normal -0.980784 -0.195096 0
    outer loop
      vertex 6.36652 44.6341 3.2
      vertex 6.42904 44.3198 0
      vertex 6.42904 44.3198 3.2
    endloop
  endfacet
  facet normal -0.997859 -0.0654006 0
    outer loop
      vertex 6.45 44 0
      vertex 6.42904 44.3198 3.2
      vertex 6.42904 44.3198 0
    endloop
  endfacet
  facet normal -0.997859 -0.0654006 0
    outer loop
      vertex 6.42904 44.3198 3.2
      vertex 6.45 44 0
      vertex 6.45 44 3.2
    endloop
  endfacet
  facet normal -0.442176 0.896928 0
    outer loop
      vertex 5.225 41.8782 0
      vertex 4.93757 41.7365 3.2
      vertex 5.225 41.8782 3.2
    endloop
  endfacet
  facet normal -0.442176 0.896928 0
    outer loop
      vertex 4.93757 41.7365 3.2
      vertex 5.225 41.8782 0
      vertex 4.93757 41.7365 0
    endloop
  endfacet
  facet normal 0.555679 0.831397 -0
    outer loop
      vertex 2.775 41.8782 0
      vertex 2.50853 42.0563 3.2
      vertex 2.775 41.8782 3.2
    endloop
  endfacet
  facet normal 0.555679 0.831397 0
    outer loop
      vertex 2.50853 42.0563 3.2
      vertex 2.775 41.8782 0
      vertex 2.50853 42.0563 0
    endloop
  endfacet
  facet normal -0.659333 -0.751851 0
    outer loop
      vertex 5.49146 45.9437 0
      vertex 5.73241 45.7324 3.2
      vertex 5.49146 45.9437 3.2
    endloop
  endfacet
  facet normal -0.659333 -0.751851 -0
    outer loop
      vertex 5.73241 45.7324 3.2
      vertex 5.49146 45.9437 0
      vertex 5.73241 45.7324 0
    endloop
  endfacet
  facet normal -0.89686 0.442314 0
    outer loop
      vertex 6.12176 42.775 0
      vertex 6.2635 43.0624 3.2
      vertex 6.2635 43.0624 0
    endloop
  endfacet
  facet normal -0.89686 0.442314 0
    outer loop
      vertex 6.2635 43.0624 3.2
      vertex 6.12176 42.775 0
      vertex 6.12176 42.775 3.2
    endloop
  endfacet
  facet normal 0.946934 0.321427 0
    outer loop
      vertex 1.7365 43.0624 3.2
      vertex 1.63348 43.3659 0
      vertex 1.63348 43.3659 3.2
    endloop
  endfacet
  facet normal 0.946934 0.321427 0
    outer loop
      vertex 1.63348 43.3659 0
      vertex 1.7365 43.0624 3.2
      vertex 1.7365 43.0624 0
    endloop
  endfacet
  facet normal 0.555679 -0.831397 0
    outer loop
      vertex 2.50853 45.9437 0
      vertex 2.775 46.1218 3.2
      vertex 2.50853 45.9437 3.2
    endloop
  endfacet
  facet normal 0.555679 -0.831397 0
    outer loop
      vertex 2.775 46.1218 3.2
      vertex 2.50853 45.9437 0
      vertex 2.775 46.1218 0
    endloop
  endfacet
  facet normal -0.946934 0.321427 0
    outer loop
      vertex 6.2635 43.0624 0
      vertex 6.36652 43.3659 3.2
      vertex 6.36652 43.3659 0
    endloop
  endfacet
  facet normal -0.946934 0.321427 0
    outer loop
      vertex 6.36652 43.3659 3.2
      vertex 6.2635 43.0624 0
      vertex 6.2635 43.0624 3.2
    endloop
  endfacet
  facet normal -0.321409 -0.94694 0
    outer loop
      vertex 4.63411 46.3665 0
      vertex 4.93757 46.2635 3.2
      vertex 4.63411 46.3665 3.2
    endloop
  endfacet
  facet normal -0.321409 -0.94694 -0
    outer loop
      vertex 4.93757 46.2635 3.2
      vertex 4.63411 46.3665 0
      vertex 4.93757 46.2635 0
    endloop
  endfacet
  facet normal -0.065527 -0.997851 0
    outer loop
      vertex 4 46.45 0
      vertex 4.31979 46.429 3.2
      vertex 4 46.45 3.2
    endloop
  endfacet
  facet normal -0.065527 -0.997851 -0
    outer loop
      vertex 4.31979 46.429 3.2
      vertex 4 46.45 0
      vertex 4.31979 46.429 0
    endloop
  endfacet
  facet normal 0.659348 -0.751838 0
    outer loop
      vertex 2.26759 45.7324 0
      vertex 2.50853 45.9437 3.2
      vertex 2.26759 45.7324 3.2
    endloop
  endfacet
  facet normal 0.659348 -0.751838 0
    outer loop
      vertex 2.50853 45.9437 3.2
      vertex 2.26759 45.7324 0
      vertex 2.50853 45.9437 0
    endloop
  endfacet
  facet normal -0.751768 0.659428 0
    outer loop
      vertex 5.73241 42.2676 0
      vertex 5.94372 42.5085 3.2
      vertex 5.94372 42.5085 0
    endloop
  endfacet
  facet normal -0.751768 0.659428 0
    outer loop
      vertex 5.94372 42.5085 3.2
      vertex 5.73241 42.2676 0
      vertex 5.73241 42.2676 3.2
    endloop
  endfacet
  facet normal -0.195024 0.980798 0
    outer loop
      vertex 4.63411 41.6335 0
      vertex 4.31979 41.571 3.2
      vertex 4.63411 41.6335 3.2
    endloop
  endfacet
  facet normal -0.195024 0.980798 0
    outer loop
      vertex 4.31979 41.571 3.2
      vertex 4.63411 41.6335 0
      vertex 4.31979 41.571 0
    endloop
  endfacet
  facet normal -0.831512 -0.555506 0
    outer loop
      vertex 6.12176 45.225 0
      vertex 5.94372 45.4915 3.2
      vertex 5.94372 45.4915 0
    endloop
  endfacet
  facet normal -0.831512 -0.555506 0
    outer loop
      vertex 5.94372 45.4915 3.2
      vertex 6.12176 45.225 0
      vertex 6.12176 45.225 3.2
    endloop
  endfacet
  facet normal 0.751768 -0.659428 0
    outer loop
      vertex 2.05628 45.4915 3.2
      vertex 2.26759 45.7324 0
      vertex 2.26759 45.7324 3.2
    endloop
  endfacet
  facet normal 0.751768 -0.659428 0
    outer loop
      vertex 2.26759 45.7324 0
      vertex 2.05628 45.4915 3.2
      vertex 2.05628 45.4915 0
    endloop
  endfacet
  facet normal 0.3214 0.946944 -0
    outer loop
      vertex 3.36589 41.6335 0
      vertex 3.06242 41.7365 3.2
      vertex 3.36589 41.6335 3.2
    endloop
  endfacet
  facet normal 0.3214 0.946944 0
    outer loop
      vertex 3.06242 41.7365 3.2
      vertex 3.36589 41.6335 0
      vertex 3.06242 41.7365 0
    endloop
  endfacet
  facet normal -0.321409 0.94694 0
    outer loop
      vertex 4.93757 41.7365 0
      vertex 4.63411 41.6335 3.2
      vertex 4.93757 41.7365 3.2
    endloop
  endfacet
  facet normal -0.321409 0.94694 0
    outer loop
      vertex 4.63411 41.6335 3.2
      vertex 4.93757 41.7365 0
      vertex 4.63411 41.6335 0
    endloop
  endfacet
  facet normal -0.442176 -0.896928 0
    outer loop
      vertex 4.93757 46.2635 0
      vertex 5.225 46.1218 3.2
      vertex 4.93757 46.2635 3.2
    endloop
  endfacet
  facet normal -0.442176 -0.896928 -0
    outer loop
      vertex 5.225 46.1218 3.2
      vertex 4.93757 46.2635 0
      vertex 5.225 46.1218 0
    endloop
  endfacet
  facet normal -0.555693 -0.831387 0
    outer loop
      vertex 5.225 46.1218 0
      vertex 5.49146 45.9437 3.2
      vertex 5.225 46.1218 3.2
    endloop
  endfacet
  facet normal -0.555693 -0.831387 -0
    outer loop
      vertex 5.49146 45.9437 3.2
      vertex 5.225 46.1218 0
      vertex 5.49146 45.9437 0
    endloop
  endfacet
  facet normal -0.555693 0.831387 0
    outer loop
      vertex 5.49146 42.0563 0
      vertex 5.225 41.8782 3.2
      vertex 5.49146 42.0563 3.2
    endloop
  endfacet
  facet normal -0.555693 0.831387 0
    outer loop
      vertex 5.225 41.8782 3.2
      vertex 5.49146 42.0563 0
      vertex 5.225 41.8782 0
    endloop
  endfacet
  facet normal 0.89686 -0.442314 0
    outer loop
      vertex 1.7365 44.9376 3.2
      vertex 1.87824 45.225 0
      vertex 1.87824 45.225 3.2
    endloop
  endfacet
  facet normal 0.89686 -0.442314 0
    outer loop
      vertex 1.87824 45.225 0
      vertex 1.7365 44.9376 3.2
      vertex 1.7365 44.9376 0
    endloop
  endfacet
  facet normal 0.997859 -0.0654006 0
    outer loop
      vertex 1.55 44 3.2
      vertex 1.57096 44.3198 0
      vertex 1.57096 44.3198 3.2
    endloop
  endfacet
  facet normal 0.997859 -0.0654006 0
    outer loop
      vertex 1.57096 44.3198 0
      vertex 1.55 44 3.2
      vertex 1.55 44 0
    endloop
  endfacet
  facet normal -0.659333 0.751851 0
    outer loop
      vertex 5.73241 42.2676 0
      vertex 5.49146 42.0563 3.2
      vertex 5.73241 42.2676 3.2
    endloop
  endfacet
  facet normal -0.659333 0.751851 0
    outer loop
      vertex 5.49146 42.0563 3.2
      vertex 5.73241 42.2676 0
      vertex 5.49146 42.0563 0
    endloop
  endfacet
  facet normal 0.195024 -0.980798 0
    outer loop
      vertex 3.36589 46.3665 0
      vertex 3.68021 46.429 3.2
      vertex 3.36589 46.3665 3.2
    endloop
  endfacet
  facet normal 0.195024 -0.980798 0
    outer loop
      vertex 3.68021 46.429 3.2
      vertex 3.36589 46.3665 0
      vertex 3.68021 46.429 0
    endloop
  endfacet
  facet normal -0.980784 0.195096 0
    outer loop
      vertex 6.36652 43.3659 0
      vertex 6.42904 43.6802 3.2
      vertex 6.42904 43.6802 0
    endloop
  endfacet
  facet normal -0.980784 0.195096 0
    outer loop
      vertex 6.42904 43.6802 3.2
      vertex 6.36652 43.3659 0
      vertex 6.36652 43.3659 3.2
    endloop
  endfacet
  facet normal -0.997859 0.0654006 0
    outer loop
      vertex 6.42904 43.6802 0
      vertex 6.45 44 3.2
      vertex 6.45 44 0
    endloop
  endfacet
  facet normal -0.997859 0.0654006 0
    outer loop
      vertex 6.45 44 3.2
      vertex 6.42904 43.6802 0
      vertex 6.42904 43.6802 3.2
    endloop
  endfacet
  facet normal 0.89686 0.442314 0
    outer loop
      vertex 1.87824 42.775 3.2
      vertex 1.7365 43.0624 0
      vertex 1.7365 43.0624 3.2
    endloop
  endfacet
  facet normal 0.89686 0.442314 0
    outer loop
      vertex 1.7365 43.0624 0
      vertex 1.87824 42.775 3.2
      vertex 1.87824 42.775 0
    endloop
  endfacet
  facet normal 0.980784 -0.195096 0
    outer loop
      vertex 1.57096 44.3198 3.2
      vertex 1.63348 44.6341 0
      vertex 1.63348 44.6341 3.2
    endloop
  endfacet
  facet normal 0.980784 -0.195096 0
    outer loop
      vertex 1.63348 44.6341 0
      vertex 1.57096 44.3198 3.2
      vertex 1.57096 44.3198 0
    endloop
  endfacet
  facet normal -0.89686 -0.442314 0
    outer loop
      vertex 6.2635 44.9376 0
      vertex 6.12176 45.225 3.2
      vertex 6.12176 45.225 0
    endloop
  endfacet
  facet normal -0.89686 -0.442314 0
    outer loop
      vertex 6.12176 45.225 3.2
      vertex 6.2635 44.9376 0
      vertex 6.2635 44.9376 3.2
    endloop
  endfacet
  facet normal -0.065527 0.997851 0
    outer loop
      vertex 4.31979 41.571 0
      vertex 4 41.55 3.2
      vertex 4.31979 41.571 3.2
    endloop
  endfacet
  facet normal -0.065527 0.997851 0
    outer loop
      vertex 4 41.55 3.2
      vertex 4.31979 41.571 0
      vertex 4 41.55 0
    endloop
  endfacet
  facet normal -0.831512 0.555506 0
    outer loop
      vertex 5.94372 42.5085 0
      vertex 6.12176 42.775 3.2
      vertex 6.12176 42.775 0
    endloop
  endfacet
  facet normal -0.831512 0.555506 0
    outer loop
      vertex 6.12176 42.775 3.2
      vertex 5.94372 42.5085 0
      vertex 5.94372 42.5085 3.2
    endloop
  endfacet
  facet normal 0.442189 -0.896922 0
    outer loop
      vertex 2.775 46.1218 0
      vertex 3.06242 46.2635 3.2
      vertex 2.775 46.1218 3.2
    endloop
  endfacet
  facet normal 0.442189 -0.896922 0
    outer loop
      vertex 3.06242 46.2635 3.2
      vertex 2.775 46.1218 0
      vertex 3.06242 46.2635 0
    endloop
  endfacet
  facet normal 0.065527 -0.997851 0
    outer loop
      vertex 3.68021 46.429 0
      vertex 4 46.45 3.2
      vertex 3.68021 46.429 3.2
    endloop
  endfacet
  facet normal 0.065527 -0.997851 0
    outer loop
      vertex 4 46.45 3.2
      vertex 3.68021 46.429 0
      vertex 4 46.45 0
    endloop
  endfacet
  facet normal -0.751768 -0.659428 0
    outer loop
      vertex 5.94372 45.4915 0
      vertex 5.73241 45.7324 3.2
      vertex 5.73241 45.7324 0
    endloop
  endfacet
  facet normal -0.751768 -0.659428 0
    outer loop
      vertex 5.73241 45.7324 3.2
      vertex 5.94372 45.4915 0
      vertex 5.94372 45.4915 3.2
    endloop
  endfacet
  facet normal -0.946934 -0.321427 0
    outer loop
      vertex 6.36652 44.6341 0
      vertex 6.2635 44.9376 3.2
      vertex 6.2635 44.9376 0
    endloop
  endfacet
  facet normal -0.946934 -0.321427 0
    outer loop
      vertex 6.2635 44.9376 3.2
      vertex 6.36652 44.6341 0
      vertex 6.36652 44.6341 3.2
    endloop
  endfacet
  facet normal 0.3214 -0.946944 0
    outer loop
      vertex 3.06242 46.2635 0
      vertex 3.36589 46.3665 3.2
      vertex 3.06242 46.2635 3.2
    endloop
  endfacet
  facet normal 0.3214 -0.946944 0
    outer loop
      vertex 3.36589 46.3665 3.2
      vertex 3.06242 46.2635 0
      vertex 3.36589 46.3665 0
    endloop
  endfacet
  facet normal 0.997859 0.0654006 0
    outer loop
      vertex 1.57096 43.6802 3.2
      vertex 1.55 44 0
      vertex 1.55 44 3.2
    endloop
  endfacet
  facet normal 0.997859 0.0654006 0
    outer loop
      vertex 1.55 44 0
      vertex 1.57096 43.6802 3.2
      vertex 1.57096 43.6802 0
    endloop
  endfacet
  facet normal 0.980784 0.195096 0
    outer loop
      vertex 1.63348 43.3659 3.2
      vertex 1.57096 43.6802 0
      vertex 1.57096 43.6802 3.2
    endloop
  endfacet
  facet normal 0.980784 0.195096 0
    outer loop
      vertex 1.57096 43.6802 0
      vertex 1.63348 43.3659 3.2
      vertex 1.63348 43.3659 0
    endloop
  endfacet
  facet normal 0.831512 -0.555506 0
    outer loop
      vertex 1.87824 45.225 3.2
      vertex 2.05628 45.4915 0
      vertex 2.05628 45.4915 3.2
    endloop
  endfacet
  facet normal 0.831512 -0.555506 0
    outer loop
      vertex 2.05628 45.4915 0
      vertex 1.87824 45.225 3.2
      vertex 1.87824 45.225 0
    endloop
  endfacet
  facet normal 0.442189 0.896922 -0
    outer loop
      vertex 3.06242 41.7365 0
      vertex 2.775 41.8782 3.2
      vertex 3.06242 41.7365 3.2
    endloop
  endfacet
  facet normal 0.442189 0.896922 0
    outer loop
      vertex 2.775 41.8782 3.2
      vertex 3.06242 41.7365 0
      vertex 2.775 41.8782 0
    endloop
  endfacet
  facet normal 0.195024 0.980798 -0
    outer loop
      vertex 3.68021 41.571 0
      vertex 3.36589 41.6335 3.2
      vertex 3.68021 41.571 3.2
    endloop
  endfacet
  facet normal 0.195024 0.980798 0
    outer loop
      vertex 3.36589 41.6335 3.2
      vertex 3.68021 41.571 0
      vertex 3.36589 41.6335 0
    endloop
  endfacet
  facet normal 0.946934 -0.321427 0
    outer loop
      vertex 1.63348 44.6341 3.2
      vertex 1.7365 44.9376 0
      vertex 1.7365 44.9376 3.2
    endloop
  endfacet
  facet normal 0.946934 -0.321427 0
    outer loop
      vertex 1.7365 44.9376 0
      vertex 1.63348 44.6341 3.2
      vertex 1.63348 44.6341 0
    endloop
  endfacet
  facet normal 0.751768 0.659428 0
    outer loop
      vertex 2.26759 42.2676 3.2
      vertex 2.05628 42.5085 0
      vertex 2.05628 42.5085 3.2
    endloop
  endfacet
  facet normal 0.751768 0.659428 0
    outer loop
      vertex 2.05628 42.5085 0
      vertex 2.26759 42.2676 3.2
      vertex 2.26759 42.2676 0
    endloop
  endfacet
  facet normal -0.195024 -0.980798 0
    outer loop
      vertex 4.31979 46.429 0
      vertex 4.63411 46.3665 3.2
      vertex 4.31979 46.429 3.2
    endloop
  endfacet
  facet normal -0.195024 -0.980798 -0
    outer loop
      vertex 4.63411 46.3665 3.2
      vertex 4.31979 46.429 0
      vertex 4.63411 46.3665 0
    endloop
  endfacet
  facet normal 0.065527 0.997851 -0
    outer loop
      vertex 4 41.55 0
      vertex 3.68021 41.571 3.2
      vertex 4 41.55 3.2
    endloop
  endfacet
  facet normal 0.065527 0.997851 0
    outer loop
      vertex 3.68021 41.571 3.2
      vertex 4 41.55 0
      vertex 3.68021 41.571 0
    endloop
  endfacet
  facet normal 0.659348 0.751838 -0
    outer loop
      vertex 2.50853 42.0563 0
      vertex 2.26759 42.2676 3.2
      vertex 2.50853 42.0563 3.2
    endloop
  endfacet
  facet normal 0.659348 0.751838 0
    outer loop
      vertex 2.26759 42.2676 3.2
      vertex 2.50853 42.0563 0
      vertex 2.26759 42.2676 0
    endloop
  endfacet
  facet normal 0.831512 0.555506 0
    outer loop
      vertex 2.05628 50.5085 3.2
      vertex 1.87824 50.775 0
      vertex 1.87824 50.775 3.2
    endloop
  endfacet
  facet normal 0.831512 0.555506 0
    outer loop
      vertex 1.87824 50.775 0
      vertex 2.05628 50.5085 3.2
      vertex 2.05628 50.5085 0
    endloop
  endfacet
  facet normal -0.980784 -0.195096 0
    outer loop
      vertex 6.42904 52.3198 0
      vertex 6.36652 52.6341 3.2
      vertex 6.36652 52.6341 0
    endloop
  endfacet
  facet normal -0.980784 -0.195096 0
    outer loop
      vertex 6.36652 52.6341 3.2
      vertex 6.42904 52.3198 0
      vertex 6.42904 52.3198 3.2
    endloop
  endfacet
  facet normal -0.997859 -0.0654006 0
    outer loop
      vertex 6.45 52 0
      vertex 6.42904 52.3198 3.2
      vertex 6.42904 52.3198 0
    endloop
  endfacet
  facet normal -0.997859 -0.0654006 0
    outer loop
      vertex 6.42904 52.3198 3.2
      vertex 6.45 52 0
      vertex 6.45 52 3.2
    endloop
  endfacet
  facet normal -0.442176 0.896928 0
    outer loop
      vertex 5.225 49.8782 0
      vertex 4.93757 49.7365 3.2
      vertex 5.225 49.8782 3.2
    endloop
  endfacet
  facet normal -0.442176 0.896928 0
    outer loop
      vertex 4.93757 49.7365 3.2
      vertex 5.225 49.8782 0
      vertex 4.93757 49.7365 0
    endloop
  endfacet
  facet normal 0.555679 0.831397 -0
    outer loop
      vertex 2.775 49.8782 0
      vertex 2.50853 50.0563 3.2
      vertex 2.775 49.8782 3.2
    endloop
  endfacet
  facet normal 0.555679 0.831397 0
    outer loop
      vertex 2.50853 50.0563 3.2
      vertex 2.775 49.8782 0
      vertex 2.50853 50.0563 0
    endloop
  endfacet
  facet normal -0.659333 -0.751851 0
    outer loop
      vertex 5.49146 53.9437 0
      vertex 5.73241 53.7324 3.2
      vertex 5.49146 53.9437 3.2
    endloop
  endfacet
  facet normal -0.659333 -0.751851 -0
    outer loop
      vertex 5.73241 53.7324 3.2
      vertex 5.49146 53.9437 0
      vertex 5.73241 53.7324 0
    endloop
  endfacet
  facet normal -0.89686 0.442314 0
    outer loop
      vertex 6.12176 50.775 0
      vertex 6.2635 51.0624 3.2
      vertex 6.2635 51.0624 0
    endloop
  endfacet
  facet normal -0.89686 0.442314 0
    outer loop
      vertex 6.2635 51.0624 3.2
      vertex 6.12176 50.775 0
      vertex 6.12176 50.775 3.2
    endloop
  endfacet
  facet normal 0.946934 0.321427 0
    outer loop
      vertex 1.7365 51.0624 3.2
      vertex 1.63348 51.3659 0
      vertex 1.63348 51.3659 3.2
    endloop
  endfacet
  facet normal 0.946934 0.321427 0
    outer loop
      vertex 1.63348 51.3659 0
      vertex 1.7365 51.0624 3.2
      vertex 1.7365 51.0624 0
    endloop
  endfacet
  facet normal 0.555679 -0.831397 0
    outer loop
      vertex 2.50853 53.9437 0
      vertex 2.775 54.1218 3.2
      vertex 2.50853 53.9437 3.2
    endloop
  endfacet
  facet normal 0.555679 -0.831397 0
    outer loop
      vertex 2.775 54.1218 3.2
      vertex 2.50853 53.9437 0
      vertex 2.775 54.1218 0
    endloop
  endfacet
  facet normal -0.946934 0.321427 0
    outer loop
      vertex 6.2635 51.0624 0
      vertex 6.36652 51.3659 3.2
      vertex 6.36652 51.3659 0
    endloop
  endfacet
  facet normal -0.946934 0.321427 0
    outer loop
      vertex 6.36652 51.3659 3.2
      vertex 6.2635 51.0624 0
      vertex 6.2635 51.0624 3.2
    endloop
  endfacet
  facet normal -0.321409 -0.94694 0
    outer loop
      vertex 4.63411 54.3665 0
      vertex 4.93757 54.2635 3.2
      vertex 4.63411 54.3665 3.2
    endloop
  endfacet
  facet normal -0.321409 -0.94694 -0
    outer loop
      vertex 4.93757 54.2635 3.2
      vertex 4.63411 54.3665 0
      vertex 4.93757 54.2635 0
    endloop
  endfacet
  facet normal -0.065527 -0.997851 0
    outer loop
      vertex 4 54.45 0
      vertex 4.31979 54.429 3.2
      vertex 4 54.45 3.2
    endloop
  endfacet
  facet normal -0.065527 -0.997851 -0
    outer loop
      vertex 4.31979 54.429 3.2
      vertex 4 54.45 0
      vertex 4.31979 54.429 0
    endloop
  endfacet
  facet normal 0.659348 -0.751838 0
    outer loop
      vertex 2.26759 53.7324 0
      vertex 2.50853 53.9437 3.2
      vertex 2.26759 53.7324 3.2
    endloop
  endfacet
  facet normal 0.659348 -0.751838 0
    outer loop
      vertex 2.50853 53.9437 3.2
      vertex 2.26759 53.7324 0
      vertex 2.50853 53.9437 0
    endloop
  endfacet
  facet normal -0.751768 0.659428 0
    outer loop
      vertex 5.73241 50.2676 0
      vertex 5.94372 50.5085 3.2
      vertex 5.94372 50.5085 0
    endloop
  endfacet
  facet normal -0.751768 0.659428 0
    outer loop
      vertex 5.94372 50.5085 3.2
      vertex 5.73241 50.2676 0
      vertex 5.73241 50.2676 3.2
    endloop
  endfacet
  facet normal -0.195024 0.980798 0
    outer loop
      vertex 4.63411 49.6335 0
      vertex 4.31979 49.571 3.2
      vertex 4.63411 49.6335 3.2
    endloop
  endfacet
  facet normal -0.195024 0.980798 0
    outer loop
      vertex 4.31979 49.571 3.2
      vertex 4.63411 49.6335 0
      vertex 4.31979 49.571 0
    endloop
  endfacet
  facet normal -0.831512 -0.555506 0
    outer loop
      vertex 6.12176 53.225 0
      vertex 5.94372 53.4915 3.2
      vertex 5.94372 53.4915 0
    endloop
  endfacet
  facet normal -0.831512 -0.555506 0
    outer loop
      vertex 5.94372 53.4915 3.2
      vertex 6.12176 53.225 0
      vertex 6.12176 53.225 3.2
    endloop
  endfacet
  facet normal 0.751768 -0.659428 0
    outer loop
      vertex 2.05628 53.4915 3.2
      vertex 2.26759 53.7324 0
      vertex 2.26759 53.7324 3.2
    endloop
  endfacet
  facet normal 0.751768 -0.659428 0
    outer loop
      vertex 2.26759 53.7324 0
      vertex 2.05628 53.4915 3.2
      vertex 2.05628 53.4915 0
    endloop
  endfacet
  facet normal 0.3214 0.946944 -0
    outer loop
      vertex 3.36589 49.6335 0
      vertex 3.06242 49.7365 3.2
      vertex 3.36589 49.6335 3.2
    endloop
  endfacet
  facet normal 0.3214 0.946944 0
    outer loop
      vertex 3.06242 49.7365 3.2
      vertex 3.36589 49.6335 0
      vertex 3.06242 49.7365 0
    endloop
  endfacet
  facet normal -0.321409 0.94694 0
    outer loop
      vertex 4.93757 49.7365 0
      vertex 4.63411 49.6335 3.2
      vertex 4.93757 49.7365 3.2
    endloop
  endfacet
  facet normal -0.321409 0.94694 0
    outer loop
      vertex 4.63411 49.6335 3.2
      vertex 4.93757 49.7365 0
      vertex 4.63411 49.6335 0
    endloop
  endfacet
  facet normal -0.442176 -0.896928 0
    outer loop
      vertex 4.93757 54.2635 0
      vertex 5.225 54.1218 3.2
      vertex 4.93757 54.2635 3.2
    endloop
  endfacet
  facet normal -0.442176 -0.896928 -0
    outer loop
      vertex 5.225 54.1218 3.2
      vertex 4.93757 54.2635 0
      vertex 5.225 54.1218 0
    endloop
  endfacet
  facet normal -0.555693 -0.831387 0
    outer loop
      vertex 5.225 54.1218 0
      vertex 5.49146 53.9437 3.2
      vertex 5.225 54.1218 3.2
    endloop
  endfacet
  facet normal -0.555693 -0.831387 -0
    outer loop
      vertex 5.49146 53.9437 3.2
      vertex 5.225 54.1218 0
      vertex 5.49146 53.9437 0
    endloop
  endfacet
  facet normal -0.555693 0.831387 0
    outer loop
      vertex 5.49146 50.0563 0
      vertex 5.225 49.8782 3.2
      vertex 5.49146 50.0563 3.2
    endloop
  endfacet
  facet normal -0.555693 0.831387 0
    outer loop
      vertex 5.225 49.8782 3.2
      vertex 5.49146 50.0563 0
      vertex 5.225 49.8782 0
    endloop
  endfacet
  facet normal 0.89686 -0.442314 0
    outer loop
      vertex 1.7365 52.9376 3.2
      vertex 1.87824 53.225 0
      vertex 1.87824 53.225 3.2
    endloop
  endfacet
  facet normal 0.89686 -0.442314 0
    outer loop
      vertex 1.87824 53.225 0
      vertex 1.7365 52.9376 3.2
      vertex 1.7365 52.9376 0
    endloop
  endfacet
  facet normal 0.997859 -0.0654006 0
    outer loop
      vertex 1.55 52 3.2
      vertex 1.57096 52.3198 0
      vertex 1.57096 52.3198 3.2
    endloop
  endfacet
  facet normal 0.997859 -0.0654006 0
    outer loop
      vertex 1.57096 52.3198 0
      vertex 1.55 52 3.2
      vertex 1.55 52 0
    endloop
  endfacet
  facet normal -0.659333 0.751851 0
    outer loop
      vertex 5.73241 50.2676 0
      vertex 5.49146 50.0563 3.2
      vertex 5.73241 50.2676 3.2
    endloop
  endfacet
  facet normal -0.659333 0.751851 0
    outer loop
      vertex 5.49146 50.0563 3.2
      vertex 5.73241 50.2676 0
      vertex 5.49146 50.0563 0
    endloop
  endfacet
  facet normal 0.195024 -0.980798 0
    outer loop
      vertex 3.36589 54.3665 0
      vertex 3.68021 54.429 3.2
      vertex 3.36589 54.3665 3.2
    endloop
  endfacet
  facet normal 0.195024 -0.980798 0
    outer loop
      vertex 3.68021 54.429 3.2
      vertex 3.36589 54.3665 0
      vertex 3.68021 54.429 0
    endloop
  endfacet
  facet normal -0.980784 0.195096 0
    outer loop
      vertex 6.36652 51.3659 0
      vertex 6.42904 51.6802 3.2
      vertex 6.42904 51.6802 0
    endloop
  endfacet
  facet normal -0.980784 0.195096 0
    outer loop
      vertex 6.42904 51.6802 3.2
      vertex 6.36652 51.3659 0
      vertex 6.36652 51.3659 3.2
    endloop
  endfacet
  facet normal -0.997859 0.0654006 0
    outer loop
      vertex 6.42904 51.6802 0
      vertex 6.45 52 3.2
      vertex 6.45 52 0
    endloop
  endfacet
  facet normal -0.997859 0.0654006 0
    outer loop
      vertex 6.45 52 3.2
      vertex 6.42904 51.6802 0
      vertex 6.42904 51.6802 3.2
    endloop
  endfacet
  facet normal 0.89686 0.442314 0
    outer loop
      vertex 1.87824 50.775 3.2
      vertex 1.7365 51.0624 0
      vertex 1.7365 51.0624 3.2
    endloop
  endfacet
  facet normal 0.89686 0.442314 0
    outer loop
      vertex 1.7365 51.0624 0
      vertex 1.87824 50.775 3.2
      vertex 1.87824 50.775 0
    endloop
  endfacet
  facet normal 0.980784 -0.195096 0
    outer loop
      vertex 1.57096 52.3198 3.2
      vertex 1.63348 52.6341 0
      vertex 1.63348 52.6341 3.2
    endloop
  endfacet
  facet normal 0.980784 -0.195096 0
    outer loop
      vertex 1.63348 52.6341 0
      vertex 1.57096 52.3198 3.2
      vertex 1.57096 52.3198 0
    endloop
  endfacet
  facet normal -0.89686 -0.442314 0
    outer loop
      vertex 6.2635 52.9376 0
      vertex 6.12176 53.225 3.2
      vertex 6.12176 53.225 0
    endloop
  endfacet
  facet normal -0.89686 -0.442314 0
    outer loop
      vertex 6.12176 53.225 3.2
      vertex 6.2635 52.9376 0
      vertex 6.2635 52.9376 3.2
    endloop
  endfacet
  facet normal -0.065527 0.997851 0
    outer loop
      vertex 4.31979 49.571 0
      vertex 4 49.55 3.2
      vertex 4.31979 49.571 3.2
    endloop
  endfacet
  facet normal -0.065527 0.997851 0
    outer loop
      vertex 4 49.55 3.2
      vertex 4.31979 49.571 0
      vertex 4 49.55 0
    endloop
  endfacet
  facet normal -0.831512 0.555506 0
    outer loop
      vertex 5.94372 50.5085 0
      vertex 6.12176 50.775 3.2
      vertex 6.12176 50.775 0
    endloop
  endfacet
  facet normal -0.831512 0.555506 0
    outer loop
      vertex 6.12176 50.775 3.2
      vertex 5.94372 50.5085 0
      vertex 5.94372 50.5085 3.2
    endloop
  endfacet
  facet normal 0.442189 -0.896922 0
    outer loop
      vertex 2.775 54.1218 0
      vertex 3.06242 54.2635 3.2
      vertex 2.775 54.1218 3.2
    endloop
  endfacet
  facet normal 0.442189 -0.896922 0
    outer loop
      vertex 3.06242 54.2635 3.2
      vertex 2.775 54.1218 0
      vertex 3.06242 54.2635 0
    endloop
  endfacet
  facet normal 0.065527 -0.997851 0
    outer loop
      vertex 3.68021 54.429 0
      vertex 4 54.45 3.2
      vertex 3.68021 54.429 3.2
    endloop
  endfacet
  facet normal 0.065527 -0.997851 0
    outer loop
      vertex 4 54.45 3.2
      vertex 3.68021 54.429 0
      vertex 4 54.45 0
    endloop
  endfacet
  facet normal -0.751768 -0.659428 0
    outer loop
      vertex 5.94372 53.4915 0
      vertex 5.73241 53.7324 3.2
      vertex 5.73241 53.7324 0
    endloop
  endfacet
  facet normal -0.751768 -0.659428 0
    outer loop
      vertex 5.73241 53.7324 3.2
      vertex 5.94372 53.4915 0
      vertex 5.94372 53.4915 3.2
    endloop
  endfacet
  facet normal -0.946934 -0.321427 0
    outer loop
      vertex 6.36652 52.6341 0
      vertex 6.2635 52.9376 3.2
      vertex 6.2635 52.9376 0
    endloop
  endfacet
  facet normal -0.946934 -0.321427 0
    outer loop
      vertex 6.2635 52.9376 3.2
      vertex 6.36652 52.6341 0
      vertex 6.36652 52.6341 3.2
    endloop
  endfacet
  facet normal 0.3214 -0.946944 0
    outer loop
      vertex 3.06242 54.2635 0
      vertex 3.36589 54.3665 3.2
      vertex 3.06242 54.2635 3.2
    endloop
  endfacet
  facet normal 0.3214 -0.946944 0
    outer loop
      vertex 3.36589 54.3665 3.2
      vertex 3.06242 54.2635 0
      vertex 3.36589 54.3665 0
    endloop
  endfacet
  facet normal 0.997859 0.0654006 0
    outer loop
      vertex 1.57096 51.6802 3.2
      vertex 1.55 52 0
      vertex 1.55 52 3.2
    endloop
  endfacet
  facet normal 0.997859 0.0654006 0
    outer loop
      vertex 1.55 52 0
      vertex 1.57096 51.6802 3.2
      vertex 1.57096 51.6802 0
    endloop
  endfacet
  facet normal 0.980784 0.195096 0
    outer loop
      vertex 1.63348 51.3659 3.2
      vertex 1.57096 51.6802 0
      vertex 1.57096 51.6802 3.2
    endloop
  endfacet
  facet normal 0.980784 0.195096 0
    outer loop
      vertex 1.57096 51.6802 0
      vertex 1.63348 51.3659 3.2
      vertex 1.63348 51.3659 0
    endloop
  endfacet
  facet normal 0.831512 -0.555506 0
    outer loop
      vertex 1.87824 53.225 3.2
      vertex 2.05628 53.4915 0
      vertex 2.05628 53.4915 3.2
    endloop
  endfacet
  facet normal 0.831512 -0.555506 0
    outer loop
      vertex 2.05628 53.4915 0
      vertex 1.87824 53.225 3.2
      vertex 1.87824 53.225 0
    endloop
  endfacet
  facet normal 0.442189 0.896922 -0
    outer loop
      vertex 3.06242 49.7365 0
      vertex 2.775 49.8782 3.2
      vertex 3.06242 49.7365 3.2
    endloop
  endfacet
  facet normal 0.442189 0.896922 0
    outer loop
      vertex 2.775 49.8782 3.2
      vertex 3.06242 49.7365 0
      vertex 2.775 49.8782 0
    endloop
  endfacet
  facet normal 0.195024 0.980798 -0
    outer loop
      vertex 3.68021 49.571 0
      vertex 3.36589 49.6335 3.2
      vertex 3.68021 49.571 3.2
    endloop
  endfacet
  facet normal 0.195024 0.980798 0
    outer loop
      vertex 3.36589 49.6335 3.2
      vertex 3.68021 49.571 0
      vertex 3.36589 49.6335 0
    endloop
  endfacet
  facet normal 0.946934 -0.321427 0
    outer loop
      vertex 1.63348 52.6341 3.2
      vertex 1.7365 52.9376 0
      vertex 1.7365 52.9376 3.2
    endloop
  endfacet
  facet normal 0.946934 -0.321427 0
    outer loop
      vertex 1.7365 52.9376 0
      vertex 1.63348 52.6341 3.2
      vertex 1.63348 52.6341 0
    endloop
  endfacet
  facet normal 0.751768 0.659428 0
    outer loop
      vertex 2.26759 50.2676 3.2
      vertex 2.05628 50.5085 0
      vertex 2.05628 50.5085 3.2
    endloop
  endfacet
  facet normal 0.751768 0.659428 0
    outer loop
      vertex 2.05628 50.5085 0
      vertex 2.26759 50.2676 3.2
      vertex 2.26759 50.2676 0
    endloop
  endfacet
  facet normal -0.195024 -0.980798 0
    outer loop
      vertex 4.31979 54.429 0
      vertex 4.63411 54.3665 3.2
      vertex 4.31979 54.429 3.2
    endloop
  endfacet
  facet normal -0.195024 -0.980798 -0
    outer loop
      vertex 4.63411 54.3665 3.2
      vertex 4.31979 54.429 0
      vertex 4.63411 54.3665 0
    endloop
  endfacet
  facet normal 0.065527 0.997851 -0
    outer loop
      vertex 4 49.55 0
      vertex 3.68021 49.571 3.2
      vertex 4 49.55 3.2
    endloop
  endfacet
  facet normal 0.065527 0.997851 0
    outer loop
      vertex 3.68021 49.571 3.2
      vertex 4 49.55 0
      vertex 3.68021 49.571 0
    endloop
  endfacet
  facet normal 0.659348 0.751838 -0
    outer loop
      vertex 2.50853 50.0563 0
      vertex 2.26759 50.2676 3.2
      vertex 2.50853 50.0563 3.2
    endloop
  endfacet
  facet normal 0.659348 0.751838 0
    outer loop
      vertex 2.26759 50.2676 3.2
      vertex 2.50853 50.0563 0
      vertex 2.26759 50.2676 0
    endloop
  endfacet
  facet normal 0.831455 0.555593 0
    outer loop
      vertex 10.0563 2.50853 3.2
      vertex 9.87824 2.775 0
      vertex 9.87824 2.775 3.2
    endloop
  endfacet
  facet normal 0.831455 0.555593 0
    outer loop
      vertex 9.87824 2.775 0
      vertex 10.0563 2.50853 3.2
      vertex 10.0563 2.50853 0
    endloop
  endfacet
  facet normal -0.980798 -0.195024 0
    outer loop
      vertex 14.429 4.31979 0
      vertex 14.3665 4.63411 3.2
      vertex 14.3665 4.63411 0
    endloop
  endfacet
  facet normal -0.980798 -0.195024 0
    outer loop
      vertex 14.3665 4.63411 3.2
      vertex 14.429 4.31979 0
      vertex 14.429 4.31979 3.2
    endloop
  endfacet
  facet normal -0.997851 -0.065527 0
    outer loop
      vertex 14.45 4 0
      vertex 14.429 4.31979 3.2
      vertex 14.429 4.31979 0
    endloop
  endfacet
  facet normal -0.997851 -0.065527 0
    outer loop
      vertex 14.429 4.31979 3.2
      vertex 14.45 4 0
      vertex 14.45 4 3.2
    endloop
  endfacet
  facet normal -0.442314 0.89686 0
    outer loop
      vertex 13.225 1.87824 0
      vertex 12.9376 1.7365 3.2
      vertex 13.225 1.87824 3.2
    endloop
  endfacet
  facet normal -0.442314 0.89686 0
    outer loop
      vertex 12.9376 1.7365 3.2
      vertex 13.225 1.87824 0
      vertex 12.9376 1.7365 0
    endloop
  endfacet
  facet normal 0.555506 0.831512 -0
    outer loop
      vertex 10.775 1.87824 0
      vertex 10.5085 2.05628 3.2
      vertex 10.775 1.87824 3.2
    endloop
  endfacet
  facet normal 0.555506 0.831512 0
    outer loop
      vertex 10.5085 2.05628 3.2
      vertex 10.775 1.87824 0
      vertex 10.5085 2.05628 0
    endloop
  endfacet
  facet normal -0.659428 -0.751768 0
    outer loop
      vertex 13.4915 5.94372 0
      vertex 13.7324 5.73241 3.2
      vertex 13.4915 5.94372 3.2
    endloop
  endfacet
  facet normal -0.659428 -0.751768 -0
    outer loop
      vertex 13.7324 5.73241 3.2
      vertex 13.4915 5.94372 0
      vertex 13.7324 5.73241 0
    endloop
  endfacet
  facet normal -0.896922 0.442189 0
    outer loop
      vertex 14.1218 2.775 0
      vertex 14.2635 3.06242 3.2
      vertex 14.2635 3.06242 0
    endloop
  endfacet
  facet normal -0.896922 0.442189 0
    outer loop
      vertex 14.2635 3.06242 3.2
      vertex 14.1218 2.775 0
      vertex 14.1218 2.775 3.2
    endloop
  endfacet
  facet normal 0.946925 0.321456 0
    outer loop
      vertex 9.7365 3.06242 3.2
      vertex 9.63348 3.36589 0
      vertex 9.63348 3.36589 3.2
    endloop
  endfacet
  facet normal 0.946925 0.321456 0
    outer loop
      vertex 9.63348 3.36589 0
      vertex 9.7365 3.06242 3.2
      vertex 9.7365 3.06242 0
    endloop
  endfacet
  facet normal 0.555506 -0.831512 0
    outer loop
      vertex 10.5085 5.94372 0
      vertex 10.775 6.12176 3.2
      vertex 10.5085 5.94372 3.2
    endloop
  endfacet
  facet normal 0.555506 -0.831512 0
    outer loop
      vertex 10.775 6.12176 3.2
      vertex 10.5085 5.94372 0
      vertex 10.775 6.12176 0
    endloop
  endfacet
  facet normal -0.946944 0.3214 0
    outer loop
      vertex 14.2635 3.06242 0
      vertex 14.3665 3.36589 3.2
      vertex 14.3665 3.36589 0
    endloop
  endfacet
  facet normal -0.946944 0.3214 0
    outer loop
      vertex 14.3665 3.36589 3.2
      vertex 14.2635 3.06242 0
      vertex 14.2635 3.06242 3.2
    endloop
  endfacet
  facet normal -0.321427 -0.946934 0
    outer loop
      vertex 12.6341 6.36652 0
      vertex 12.9376 6.2635 3.2
      vertex 12.6341 6.36652 3.2
    endloop
  endfacet
  facet normal -0.321427 -0.946934 -0
    outer loop
      vertex 12.9376 6.2635 3.2
      vertex 12.6341 6.36652 0
      vertex 12.9376 6.2635 0
    endloop
  endfacet
  facet normal -0.0654006 -0.997859 0
    outer loop
      vertex 12 6.45 0
      vertex 12.3198 6.42904 3.2
      vertex 12 6.45 3.2
    endloop
  endfacet
  facet normal -0.0654006 -0.997859 -0
    outer loop
      vertex 12.3198 6.42904 3.2
      vertex 12 6.45 0
      vertex 12.3198 6.42904 0
    endloop
  endfacet
  facet normal 0.659428 -0.751768 0
    outer loop
      vertex 10.2676 5.73241 0
      vertex 10.5085 5.94372 3.2
      vertex 10.2676 5.73241 3.2
    endloop
  endfacet
  facet normal 0.659428 -0.751768 0
    outer loop
      vertex 10.5085 5.94372 3.2
      vertex 10.2676 5.73241 0
      vertex 10.5085 5.94372 0
    endloop
  endfacet
  facet normal -0.751838 0.659348 0
    outer loop
      vertex 13.7324 2.26759 0
      vertex 13.9437 2.50853 3.2
      vertex 13.9437 2.50853 0
    endloop
  endfacet
  facet normal -0.751838 0.659348 0
    outer loop
      vertex 13.9437 2.50853 3.2
      vertex 13.7324 2.26759 0
      vertex 13.7324 2.26759 3.2
    endloop
  endfacet
  facet normal -0.195096 0.980784 0
    outer loop
      vertex 12.6341 1.63348 0
      vertex 12.3198 1.57096 3.2
      vertex 12.6341 1.63348 3.2
    endloop
  endfacet
  facet normal -0.195096 0.980784 0
    outer loop
      vertex 12.3198 1.57096 3.2
      vertex 12.6341 1.63348 0
      vertex 12.3198 1.57096 0
    endloop
  endfacet
  facet normal -0.831387 -0.555693 0
    outer loop
      vertex 14.1218 5.225 0
      vertex 13.9437 5.49146 3.2
      vertex 13.9437 5.49146 0
    endloop
  endfacet
  facet normal -0.831387 -0.555693 0
    outer loop
      vertex 13.9437 5.49146 3.2
      vertex 14.1218 5.225 0
      vertex 14.1218 5.225 3.2
    endloop
  endfacet
  facet normal 0.751851 -0.659333 0
    outer loop
      vertex 10.0563 5.49146 3.2
      vertex 10.2676 5.73241 0
      vertex 10.2676 5.73241 3.2
    endloop
  endfacet
  facet normal 0.751851 -0.659333 0
    outer loop
      vertex 10.2676 5.73241 0
      vertex 10.0563 5.49146 3.2
      vertex 10.0563 5.49146 0
    endloop
  endfacet
  facet normal 0.321427 0.946934 -0
    outer loop
      vertex 11.3659 1.63348 0
      vertex 11.0624 1.7365 3.2
      vertex 11.3659 1.63348 3.2
    endloop
  endfacet
  facet normal 0.321427 0.946934 0
    outer loop
      vertex 11.0624 1.7365 3.2
      vertex 11.3659 1.63348 0
      vertex 11.0624 1.7365 0
    endloop
  endfacet
  facet normal -0.321427 0.946934 0
    outer loop
      vertex 12.9376 1.7365 0
      vertex 12.6341 1.63348 3.2
      vertex 12.9376 1.7365 3.2
    endloop
  endfacet
  facet normal -0.321427 0.946934 0
    outer loop
      vertex 12.6341 1.63348 3.2
      vertex 12.9376 1.7365 0
      vertex 12.6341 1.63348 0
    endloop
  endfacet
  facet normal -0.442314 -0.89686 0
    outer loop
      vertex 12.9376 6.2635 0
      vertex 13.225 6.12176 3.2
      vertex 12.9376 6.2635 3.2
    endloop
  endfacet
  facet normal -0.442314 -0.89686 -0
    outer loop
      vertex 13.225 6.12176 3.2
      vertex 12.9376 6.2635 0
      vertex 13.225 6.12176 0
    endloop
  endfacet
  facet normal -0.555506 -0.831512 0
    outer loop
      vertex 13.225 6.12176 0
      vertex 13.4915 5.94372 3.2
      vertex 13.225 6.12176 3.2
    endloop
  endfacet
  facet normal -0.555506 -0.831512 -0
    outer loop
      vertex 13.4915 5.94372 3.2
      vertex 13.225 6.12176 0
      vertex 13.4915 5.94372 0
    endloop
  endfacet
  facet normal -0.555506 0.831512 0
    outer loop
      vertex 13.4915 2.05628 0
      vertex 13.225 1.87824 3.2
      vertex 13.4915 2.05628 3.2
    endloop
  endfacet
  facet normal -0.555506 0.831512 0
    outer loop
      vertex 13.225 1.87824 3.2
      vertex 13.4915 2.05628 0
      vertex 13.225 1.87824 0
    endloop
  endfacet
  facet normal 0.896879 -0.442277 0
    outer loop
      vertex 9.7365 4.93757 3.2
      vertex 9.87824 5.225 0
      vertex 9.87824 5.225 3.2
    endloop
  endfacet
  facet normal 0.896879 -0.442277 0
    outer loop
      vertex 9.87824 5.225 0
      vertex 9.7365 4.93757 3.2
      vertex 9.7365 4.93757 0
    endloop
  endfacet
  facet normal -0.659428 0.751768 0
    outer loop
      vertex 13.7324 2.26759 0
      vertex 13.4915 2.05628 3.2
      vertex 13.7324 2.26759 3.2
    endloop
  endfacet
  facet normal -0.659428 0.751768 0
    outer loop
      vertex 13.4915 2.05628 3.2
      vertex 13.7324 2.26759 0
      vertex 13.4915 2.05628 0
    endloop
  endfacet
  facet normal 0.195096 -0.980784 0
    outer loop
      vertex 11.3659 6.36652 0
      vertex 11.6802 6.42904 3.2
      vertex 11.3659 6.36652 3.2
    endloop
  endfacet
  facet normal 0.195096 -0.980784 0
    outer loop
      vertex 11.6802 6.42904 3.2
      vertex 11.3659 6.36652 0
      vertex 11.6802 6.42904 0
    endloop
  endfacet
  facet normal -0.980798 0.195024 0
    outer loop
      vertex 14.3665 3.36589 0
      vertex 14.429 3.68021 3.2
      vertex 14.429 3.68021 0
    endloop
  endfacet
  facet normal -0.980798 0.195024 0
    outer loop
      vertex 14.429 3.68021 3.2
      vertex 14.3665 3.36589 0
      vertex 14.3665 3.36589 3.2
    endloop
  endfacet
  facet normal -0.997851 0.065527 0
    outer loop
      vertex 14.429 3.68021 0
      vertex 14.45 4 3.2
      vertex 14.45 4 0
    endloop
  endfacet
  facet normal -0.997851 0.065527 0
    outer loop
      vertex 14.45 4 3.2
      vertex 14.429 3.68021 0
      vertex 14.429 3.68021 3.2
    endloop
  endfacet
  facet normal 0.896873 0.442289 0
    outer loop
      vertex 9.87824 2.775 3.2
      vertex 9.7365 3.06242 0
      vertex 9.7365 3.06242 3.2
    endloop
  endfacet
  facet normal 0.896873 0.442289 0
    outer loop
      vertex 9.7365 3.06242 0
      vertex 9.87824 2.775 3.2
      vertex 9.87824 2.775 0
    endloop
  endfacet
  facet normal 0.980787 -0.195084 0
    outer loop
      vertex 9.57096 4.31979 3.2
      vertex 9.63348 4.63411 0
      vertex 9.63348 4.63411 3.2
    endloop
  endfacet
  facet normal 0.980787 -0.195084 0
    outer loop
      vertex 9.63348 4.63411 0
      vertex 9.57096 4.31979 3.2
      vertex 9.57096 4.31979 0
    endloop
  endfacet
  facet normal -0.896928 -0.442176 0
    outer loop
      vertex 14.2635 4.93757 0
      vertex 14.1218 5.225 3.2
      vertex 14.1218 5.225 0
    endloop
  endfacet
  facet normal -0.896928 -0.442176 0
    outer loop
      vertex 14.1218 5.225 3.2
      vertex 14.2635 4.93757 0
      vertex 14.2635 4.93757 3.2
    endloop
  endfacet
  facet normal -0.0654006 0.997859 0
    outer loop
      vertex 12.3198 1.57096 0
      vertex 12 1.55 3.2
      vertex 12.3198 1.57096 3.2
    endloop
  endfacet
  facet normal -0.0654006 0.997859 0
    outer loop
      vertex 12 1.55 3.2
      vertex 12.3198 1.57096 0
      vertex 12 1.55 0
    endloop
  endfacet
  facet normal -0.831397 0.555679 0
    outer loop
      vertex 13.9437 2.50853 0
      vertex 14.1218 2.775 3.2
      vertex 14.1218 2.775 0
    endloop
  endfacet
  facet normal -0.831397 0.555679 0
    outer loop
      vertex 14.1218 2.775 3.2
      vertex 13.9437 2.50853 0
      vertex 13.9437 2.50853 3.2
    endloop
  endfacet
  facet normal 0.442314 -0.89686 0
    outer loop
      vertex 10.775 6.12176 0
      vertex 11.0624 6.2635 3.2
      vertex 10.775 6.12176 3.2
    endloop
  endfacet
  facet normal 0.442314 -0.89686 0
    outer loop
      vertex 11.0624 6.2635 3.2
      vertex 10.775 6.12176 0
      vertex 11.0624 6.2635 0
    endloop
  endfacet
  facet normal 0.0654006 -0.997859 0
    outer loop
      vertex 11.6802 6.42904 0
      vertex 12 6.45 3.2
      vertex 11.6802 6.42904 3.2
    endloop
  endfacet
  facet normal 0.0654006 -0.997859 0
    outer loop
      vertex 12 6.45 3.2
      vertex 11.6802 6.42904 0
      vertex 12 6.45 0
    endloop
  endfacet
  facet normal 0.195096 0.980784 -0
    outer loop
      vertex 11.6802 1.57096 0
      vertex 11.3659 1.63348 3.2
      vertex 11.6802 1.57096 3.2
    endloop
  endfacet
  facet normal 0.195096 0.980784 0
    outer loop
      vertex 11.3659 1.63348 3.2
      vertex 11.6802 1.57096 0
      vertex 11.3659 1.63348 0
    endloop
  endfacet
  facet normal -0.751851 -0.659333 0
    outer loop
      vertex 13.9437 5.49146 0
      vertex 13.7324 5.73241 3.2
      vertex 13.7324 5.73241 0
    endloop
  endfacet
  facet normal -0.751851 -0.659333 0
    outer loop
      vertex 13.7324 5.73241 3.2
      vertex 13.9437 5.49146 0
      vertex 13.9437 5.49146 3.2
    endloop
  endfacet
  facet normal -0.94694 -0.321409 0
    outer loop
      vertex 14.3665 4.63411 0
      vertex 14.2635 4.93757 3.2
      vertex 14.2635 4.93757 0
    endloop
  endfacet
  facet normal -0.94694 -0.321409 0
    outer loop
      vertex 14.2635 4.93757 3.2
      vertex 14.3665 4.63411 0
      vertex 14.3665 4.63411 3.2
    endloop
  endfacet
  facet normal 0.321427 -0.946934 0
    outer loop
      vertex 11.0624 6.2635 0
      vertex 11.3659 6.36652 3.2
      vertex 11.0624 6.2635 3.2
    endloop
  endfacet
  facet normal 0.321427 -0.946934 0
    outer loop
      vertex 11.3659 6.36652 3.2
      vertex 11.0624 6.2635 0
      vertex 11.3659 6.36652 0
    endloop
  endfacet
  facet normal 0.997859 0.0654027 0
    outer loop
      vertex 9.57096 3.68021 3.2
      vertex 9.55 4 0
      vertex 9.55 4 3.2
    endloop
  endfacet
  facet normal 0.997859 0.0654027 0
    outer loop
      vertex 9.55 4 0
      vertex 9.57096 3.68021 3.2
      vertex 9.57096 3.68021 0
    endloop
  endfacet
  facet normal 0.980787 0.195084 0
    outer loop
      vertex 9.63348 3.36589 3.2
      vertex 9.57096 3.68021 0
      vertex 9.57096 3.68021 3.2
    endloop
  endfacet
  facet normal 0.980787 0.195084 0
    outer loop
      vertex 9.57096 3.68021 0
      vertex 9.63348 3.36589 3.2
      vertex 9.63348 3.36589 0
    endloop
  endfacet
  facet normal 0.831445 -0.555607 0
    outer loop
      vertex 9.87824 5.225 3.2
      vertex 10.0563 5.49146 0
      vertex 10.0563 5.49146 3.2
    endloop
  endfacet
  facet normal 0.831445 -0.555607 0
    outer loop
      vertex 10.0563 5.49146 0
      vertex 9.87824 5.225 3.2
      vertex 9.87824 5.225 0
    endloop
  endfacet
  facet normal 0.442314 0.89686 -0
    outer loop
      vertex 11.0624 1.7365 0
      vertex 10.775 1.87824 3.2
      vertex 11.0624 1.7365 3.2
    endloop
  endfacet
  facet normal 0.442314 0.89686 0
    outer loop
      vertex 10.775 1.87824 3.2
      vertex 11.0624 1.7365 0
      vertex 10.775 1.87824 0
    endloop
  endfacet
  facet normal 0.946921 -0.321465 0
    outer loop
      vertex 9.63348 4.63411 3.2
      vertex 9.7365 4.93757 0
      vertex 9.7365 4.93757 3.2
    endloop
  endfacet
  facet normal 0.946921 -0.321465 0
    outer loop
      vertex 9.7365 4.93757 0
      vertex 9.63348 4.63411 3.2
      vertex 9.63348 4.63411 0
    endloop
  endfacet
  facet normal 0.751838 0.659348 0
    outer loop
      vertex 10.2676 2.26759 3.2
      vertex 10.0563 2.50853 0
      vertex 10.0563 2.50853 3.2
    endloop
  endfacet
  facet normal 0.751838 0.659348 0
    outer loop
      vertex 10.0563 2.50853 0
      vertex 10.2676 2.26759 3.2
      vertex 10.2676 2.26759 0
    endloop
  endfacet
  facet normal 0.997859 -0.0654027 0
    outer loop
      vertex 9.55 4 3.2
      vertex 9.57096 4.31979 0
      vertex 9.57096 4.31979 3.2
    endloop
  endfacet
  facet normal 0.997859 -0.0654027 0
    outer loop
      vertex 9.57096 4.31979 0
      vertex 9.55 4 3.2
      vertex 9.55 4 0
    endloop
  endfacet
  facet normal -0.195096 -0.980784 0
    outer loop
      vertex 12.3198 6.42904 0
      vertex 12.6341 6.36652 3.2
      vertex 12.3198 6.42904 3.2
    endloop
  endfacet
  facet normal -0.195096 -0.980784 -0
    outer loop
      vertex 12.6341 6.36652 3.2
      vertex 12.3198 6.42904 0
      vertex 12.6341 6.36652 0
    endloop
  endfacet
  facet normal 0.0654006 0.997859 -0
    outer loop
      vertex 12 1.55 0
      vertex 11.6802 1.57096 3.2
      vertex 12 1.55 3.2
    endloop
  endfacet
  facet normal 0.0654006 0.997859 0
    outer loop
      vertex 11.6802 1.57096 3.2
      vertex 12 1.55 0
      vertex 11.6802 1.57096 0
    endloop
  endfacet
  facet normal 0.659428 0.751768 -0
    outer loop
      vertex 10.5085 2.05628 0
      vertex 10.2676 2.26759 3.2
      vertex 10.5085 2.05628 3.2
    endloop
  endfacet
  facet normal 0.659428 0.751768 0
    outer loop
      vertex 10.2676 2.26759 3.2
      vertex 10.5085 2.05628 0
      vertex 10.2676 2.26759 0
    endloop
  endfacet
  facet normal 0.831483 0.55555 0
    outer loop
      vertex 10.0563 50.5085 3.2
      vertex 9.87824 50.775 0
      vertex 9.87824 50.775 3.2
    endloop
  endfacet
  facet normal 0.831483 0.55555 0
    outer loop
      vertex 9.87824 50.775 0
      vertex 10.0563 50.5085 3.2
      vertex 10.0563 50.5085 0
    endloop
  endfacet
  facet normal -0.980796 -0.195036 0
    outer loop
      vertex 14.429 52.3198 0
      vertex 14.3665 52.6341 3.2
      vertex 14.3665 52.6341 0
    endloop
  endfacet
  facet normal -0.980796 -0.195036 0
    outer loop
      vertex 14.3665 52.6341 3.2
      vertex 14.429 52.3198 0
      vertex 14.429 52.3198 3.2
    endloop
  endfacet
  facet normal -0.997851 -0.0655249 0
    outer loop
      vertex 14.45 52 0
      vertex 14.429 52.3198 3.2
      vertex 14.429 52.3198 0
    endloop
  endfacet
  facet normal -0.997851 -0.0655249 0
    outer loop
      vertex 14.429 52.3198 3.2
      vertex 14.45 52 0
      vertex 14.45 52 3.2
    endloop
  endfacet
  facet normal -0.442213 0.89691 0
    outer loop
      vertex 13.225 49.8782 0
      vertex 12.9376 49.7365 3.2
      vertex 13.225 49.8782 3.2
    endloop
  endfacet
  facet normal -0.442213 0.89691 0
    outer loop
      vertex 12.9376 49.7365 3.2
      vertex 13.225 49.8782 0
      vertex 12.9376 49.7365 0
    endloop
  endfacet
  facet normal 0.555636 0.831426 -0
    outer loop
      vertex 10.775 49.8782 0
      vertex 10.5085 50.0563 3.2
      vertex 10.775 49.8782 3.2
    endloop
  endfacet
  facet normal 0.555636 0.831426 0
    outer loop
      vertex 10.5085 50.0563 3.2
      vertex 10.775 49.8782 0
      vertex 10.5085 50.0563 0
    endloop
  endfacet
  facet normal -0.65941 -0.751784 0
    outer loop
      vertex 13.4915 53.9437 0
      vertex 13.7324 53.7324 3.2
      vertex 13.4915 53.9437 3.2
    endloop
  endfacet
  facet normal -0.65941 -0.751784 -0
    outer loop
      vertex 13.7324 53.7324 3.2
      vertex 13.4915 53.9437 0
      vertex 13.7324 53.7324 0
    endloop
  endfacet
  facet normal -0.89691 0.442213 0
    outer loop
      vertex 14.1218 50.775 0
      vertex 14.2635 51.0624 3.2
      vertex 14.2635 51.0624 0
    endloop
  endfacet
  facet normal -0.89691 0.442213 0
    outer loop
      vertex 14.2635 51.0624 3.2
      vertex 14.1218 50.775 0
      vertex 14.1218 50.775 3.2
    endloop
  endfacet
  facet normal 0.946934 0.321427 0
    outer loop
      vertex 9.7365 51.0624 3.2
      vertex 9.63348 51.3659 0
      vertex 9.63348 51.3659 3.2
    endloop
  endfacet
  facet normal 0.946934 0.321427 0
    outer loop
      vertex 9.63348 51.3659 0
      vertex 9.7365 51.0624 3.2
      vertex 9.7365 51.0624 0
    endloop
  endfacet
  facet normal 0.555636 -0.831426 0
    outer loop
      vertex 10.5085 53.9437 0
      vertex 10.775 54.1218 3.2
      vertex 10.5085 53.9437 3.2
    endloop
  endfacet
  facet normal 0.555636 -0.831426 0
    outer loop
      vertex 10.775 54.1218 3.2
      vertex 10.5085 53.9437 0
      vertex 10.775 54.1218 0
    endloop
  endfacet
  facet normal -0.946953 0.321371 0
    outer loop
      vertex 14.2635 51.0624 0
      vertex 14.3665 51.3659 3.2
      vertex 14.3665 51.3659 0
    endloop
  endfacet
  facet normal -0.946953 0.321371 0
    outer loop
      vertex 14.3665 51.3659 3.2
      vertex 14.2635 51.0624 0
      vertex 14.2635 51.0624 3.2
    endloop
  endfacet
  facet normal -0.321371 -0.946953 0
    outer loop
      vertex 12.6341 54.3665 0
      vertex 12.9376 54.2635 3.2
      vertex 12.6341 54.3665 3.2
    endloop
  endfacet
  facet normal -0.321371 -0.946953 -0
    outer loop
      vertex 12.9376 54.2635 3.2
      vertex 12.6341 54.3665 0
      vertex 12.9376 54.2635 0
    endloop
  endfacet
  facet normal -0.0655249 -0.997851 0
    outer loop
      vertex 12 54.45 0
      vertex 12.3198 54.429 3.2
      vertex 12 54.45 3.2
    endloop
  endfacet
  facet normal -0.0655249 -0.997851 -0
    outer loop
      vertex 12.3198 54.429 3.2
      vertex 12 54.45 0
      vertex 12.3198 54.429 0
    endloop
  endfacet
  facet normal 0.65941 -0.751784 0
    outer loop
      vertex 10.2676 53.7324 0
      vertex 10.5085 53.9437 3.2
      vertex 10.2676 53.7324 3.2
    endloop
  endfacet
  facet normal 0.65941 -0.751784 0
    outer loop
      vertex 10.5085 53.9437 3.2
      vertex 10.2676 53.7324 0
      vertex 10.5085 53.9437 0
    endloop
  endfacet
  facet normal -0.751784 0.65941 0
    outer loop
      vertex 13.7324 50.2676 0
      vertex 13.9437 50.5085 3.2
      vertex 13.9437 50.5085 0
    endloop
  endfacet
  facet normal -0.751784 0.65941 0
    outer loop
      vertex 13.9437 50.5085 3.2
      vertex 13.7324 50.2676 0
      vertex 13.7324 50.2676 3.2
    endloop
  endfacet
  facet normal -0.195036 0.980796 0
    outer loop
      vertex 12.6341 49.6335 0
      vertex 12.3198 49.571 3.2
      vertex 12.6341 49.6335 3.2
    endloop
  endfacet
  facet normal -0.195036 0.980796 0
    outer loop
      vertex 12.3198 49.571 3.2
      vertex 12.6341 49.6335 0
      vertex 12.3198 49.571 0
    endloop
  endfacet
  facet normal -0.831426 -0.555636 0
    outer loop
      vertex 14.1218 53.225 0
      vertex 13.9437 53.4915 3.2
      vertex 13.9437 53.4915 0
    endloop
  endfacet
  facet normal -0.831426 -0.555636 0
    outer loop
      vertex 13.9437 53.4915 3.2
      vertex 14.1218 53.225 0
      vertex 14.1218 53.225 3.2
    endloop
  endfacet
  facet normal 0.751784 -0.65941 0
    outer loop
      vertex 10.0563 53.4915 3.2
      vertex 10.2676 53.7324 0
      vertex 10.2676 53.7324 3.2
    endloop
  endfacet
  facet normal 0.751784 -0.65941 0
    outer loop
      vertex 10.2676 53.7324 0
      vertex 10.0563 53.4915 3.2
      vertex 10.0563 53.4915 0
    endloop
  endfacet
  facet normal 0.321371 0.946953 -0
    outer loop
      vertex 11.3659 49.6335 0
      vertex 11.0624 49.7365 3.2
      vertex 11.3659 49.6335 3.2
    endloop
  endfacet
  facet normal 0.321371 0.946953 0
    outer loop
      vertex 11.0624 49.7365 3.2
      vertex 11.3659 49.6335 0
      vertex 11.0624 49.7365 0
    endloop
  endfacet
  facet normal -0.321371 0.946953 0
    outer loop
      vertex 12.9376 49.7365 0
      vertex 12.6341 49.6335 3.2
      vertex 12.9376 49.7365 3.2
    endloop
  endfacet
  facet normal -0.321371 0.946953 0
    outer loop
      vertex 12.6341 49.6335 3.2
      vertex 12.9376 49.7365 0
      vertex 12.6341 49.6335 0
    endloop
  endfacet
  facet normal -0.442213 -0.89691 0
    outer loop
      vertex 12.9376 54.2635 0
      vertex 13.225 54.1218 3.2
      vertex 12.9376 54.2635 3.2
    endloop
  endfacet
  facet normal -0.442213 -0.89691 -0
    outer loop
      vertex 13.225 54.1218 3.2
      vertex 12.9376 54.2635 0
      vertex 13.225 54.1218 0
    endloop
  endfacet
  facet normal -0.555636 -0.831426 0
    outer loop
      vertex 13.225 54.1218 0
      vertex 13.4915 53.9437 3.2
      vertex 13.225 54.1218 3.2
    endloop
  endfacet
  facet normal -0.555636 -0.831426 -0
    outer loop
      vertex 13.4915 53.9437 3.2
      vertex 13.225 54.1218 0
      vertex 13.4915 53.9437 0
    endloop
  endfacet
  facet normal -0.555636 0.831426 0
    outer loop
      vertex 13.4915 50.0563 0
      vertex 13.225 49.8782 3.2
      vertex 13.4915 50.0563 3.2
    endloop
  endfacet
  facet normal -0.555636 0.831426 0
    outer loop
      vertex 13.225 49.8782 3.2
      vertex 13.4915 50.0563 0
      vertex 13.225 49.8782 0
    endloop
  endfacet
  facet normal 0.89686 -0.442314 0
    outer loop
      vertex 9.7365 52.9376 3.2
      vertex 9.87824 53.225 0
      vertex 9.87824 53.225 3.2
    endloop
  endfacet
  facet normal 0.89686 -0.442314 0
    outer loop
      vertex 9.87824 53.225 0
      vertex 9.7365 52.9376 3.2
      vertex 9.7365 52.9376 0
    endloop
  endfacet
  facet normal -0.65941 0.751784 0
    outer loop
      vertex 13.7324 50.2676 0
      vertex 13.4915 50.0563 3.2
      vertex 13.7324 50.2676 3.2
    endloop
  endfacet
  facet normal -0.65941 0.751784 0
    outer loop
      vertex 13.4915 50.0563 3.2
      vertex 13.7324 50.2676 0
      vertex 13.4915 50.0563 0
    endloop
  endfacet
  facet normal 0.195036 -0.980796 0
    outer loop
      vertex 11.3659 54.3665 0
      vertex 11.6802 54.429 3.2
      vertex 11.3659 54.3665 3.2
    endloop
  endfacet
  facet normal 0.195036 -0.980796 0
    outer loop
      vertex 11.6802 54.429 3.2
      vertex 11.3659 54.3665 0
      vertex 11.6802 54.429 0
    endloop
  endfacet
  facet normal -0.980796 0.195036 0
    outer loop
      vertex 14.3665 51.3659 0
      vertex 14.429 51.6802 3.2
      vertex 14.429 51.6802 0
    endloop
  endfacet
  facet normal -0.980796 0.195036 0
    outer loop
      vertex 14.429 51.6802 3.2
      vertex 14.3665 51.3659 0
      vertex 14.3665 51.3659 3.2
    endloop
  endfacet
  facet normal -0.997851 0.0655249 0
    outer loop
      vertex 14.429 51.6802 0
      vertex 14.45 52 3.2
      vertex 14.45 52 0
    endloop
  endfacet
  facet normal -0.997851 0.0655249 0
    outer loop
      vertex 14.45 52 3.2
      vertex 14.429 51.6802 0
      vertex 14.429 51.6802 3.2
    endloop
  endfacet
  facet normal 0.89686 0.442314 0
    outer loop
      vertex 9.87824 50.775 3.2
      vertex 9.7365 51.0624 0
      vertex 9.7365 51.0624 3.2
    endloop
  endfacet
  facet normal 0.89686 0.442314 0
    outer loop
      vertex 9.7365 51.0624 0
      vertex 9.87824 50.775 3.2
      vertex 9.87824 50.775 0
    endloop
  endfacet
  facet normal 0.980784 -0.195096 0
    outer loop
      vertex 9.57096 52.3198 3.2
      vertex 9.63348 52.6341 0
      vertex 9.63348 52.6341 3.2
    endloop
  endfacet
  facet normal 0.980784 -0.195096 0
    outer loop
      vertex 9.63348 52.6341 0
      vertex 9.57096 52.3198 3.2
      vertex 9.57096 52.3198 0
    endloop
  endfacet
  facet normal -0.89691 -0.442213 0
    outer loop
      vertex 14.2635 52.9376 0
      vertex 14.1218 53.225 3.2
      vertex 14.1218 53.225 0
    endloop
  endfacet
  facet normal -0.89691 -0.442213 0
    outer loop
      vertex 14.1218 53.225 3.2
      vertex 14.2635 52.9376 0
      vertex 14.2635 52.9376 3.2
    endloop
  endfacet
  facet normal -0.0655249 0.997851 0
    outer loop
      vertex 12.3198 49.571 0
      vertex 12 49.55 3.2
      vertex 12.3198 49.571 3.2
    endloop
  endfacet
  facet normal -0.0655249 0.997851 0
    outer loop
      vertex 12 49.55 3.2
      vertex 12.3198 49.571 0
      vertex 12 49.55 0
    endloop
  endfacet
  facet normal -0.831426 0.555636 0
    outer loop
      vertex 13.9437 50.5085 0
      vertex 14.1218 50.775 3.2
      vertex 14.1218 50.775 0
    endloop
  endfacet
  facet normal -0.831426 0.555636 0
    outer loop
      vertex 14.1218 50.775 3.2
      vertex 13.9437 50.5085 0
      vertex 13.9437 50.5085 3.2
    endloop
  endfacet
  facet normal 0.442213 -0.89691 0
    outer loop
      vertex 10.775 54.1218 0
      vertex 11.0624 54.2635 3.2
      vertex 10.775 54.1218 3.2
    endloop
  endfacet
  facet normal 0.442213 -0.89691 0
    outer loop
      vertex 11.0624 54.2635 3.2
      vertex 10.775 54.1218 0
      vertex 11.0624 54.2635 0
    endloop
  endfacet
  facet normal 0.0655249 -0.997851 0
    outer loop
      vertex 11.6802 54.429 0
      vertex 12 54.45 3.2
      vertex 11.6802 54.429 3.2
    endloop
  endfacet
  facet normal 0.0655249 -0.997851 0
    outer loop
      vertex 12 54.45 3.2
      vertex 11.6802 54.429 0
      vertex 12 54.45 0
    endloop
  endfacet
  facet normal -0.751784 -0.65941 0
    outer loop
      vertex 13.9437 53.4915 0
      vertex 13.7324 53.7324 3.2
      vertex 13.7324 53.7324 0
    endloop
  endfacet
  facet normal -0.751784 -0.65941 0
    outer loop
      vertex 13.7324 53.7324 3.2
      vertex 13.9437 53.4915 0
      vertex 13.9437 53.4915 3.2
    endloop
  endfacet
  facet normal -0.946953 -0.321371 0
    outer loop
      vertex 14.3665 52.6341 0
      vertex 14.2635 52.9376 3.2
      vertex 14.2635 52.9376 0
    endloop
  endfacet
  facet normal -0.946953 -0.321371 0
    outer loop
      vertex 14.2635 52.9376 3.2
      vertex 14.3665 52.6341 0
      vertex 14.3665 52.6341 3.2
    endloop
  endfacet
  facet normal 0.321371 -0.946953 0
    outer loop
      vertex 11.0624 54.2635 0
      vertex 11.3659 54.3665 3.2
      vertex 11.0624 54.2635 3.2
    endloop
  endfacet
  facet normal 0.321371 -0.946953 0
    outer loop
      vertex 11.3659 54.3665 3.2
      vertex 11.0624 54.2635 0
      vertex 11.3659 54.3665 0
    endloop
  endfacet
  facet normal 0.997859 0.0654006 0
    outer loop
      vertex 9.57096 51.6802 3.2
      vertex 9.55 52 0
      vertex 9.55 52 3.2
    endloop
  endfacet
  facet normal 0.997859 0.0654006 0
    outer loop
      vertex 9.55 52 0
      vertex 9.57096 51.6802 3.2
      vertex 9.57096 51.6802 0
    endloop
  endfacet
  facet normal 0.980784 0.195096 0
    outer loop
      vertex 9.63348 51.3659 3.2
      vertex 9.57096 51.6802 0
      vertex 9.57096 51.6802 3.2
    endloop
  endfacet
  facet normal 0.980784 0.195096 0
    outer loop
      vertex 9.57096 51.6802 0
      vertex 9.63348 51.3659 3.2
      vertex 9.63348 51.3659 0
    endloop
  endfacet
  facet normal 0.831483 -0.55555 0
    outer loop
      vertex 9.87824 53.225 3.2
      vertex 10.0563 53.4915 0
      vertex 10.0563 53.4915 3.2
    endloop
  endfacet
  facet normal 0.831483 -0.55555 0
    outer loop
      vertex 10.0563 53.4915 0
      vertex 9.87824 53.225 3.2
      vertex 9.87824 53.225 0
    endloop
  endfacet
  facet normal 0.442213 0.89691 -0
    outer loop
      vertex 11.0624 49.7365 0
      vertex 10.775 49.8782 3.2
      vertex 11.0624 49.7365 3.2
    endloop
  endfacet
  facet normal 0.442213 0.89691 0
    outer loop
      vertex 10.775 49.8782 3.2
      vertex 11.0624 49.7365 0
      vertex 10.775 49.8782 0
    endloop
  endfacet
  facet normal 0.195036 0.980796 -0
    outer loop
      vertex 11.6802 49.571 0
      vertex 11.3659 49.6335 3.2
      vertex 11.6802 49.571 3.2
    endloop
  endfacet
  facet normal 0.195036 0.980796 0
    outer loop
      vertex 11.3659 49.6335 3.2
      vertex 11.6802 49.571 0
      vertex 11.3659 49.6335 0
    endloop
  endfacet
  facet normal 0.946934 -0.321427 0
    outer loop
      vertex 9.63348 52.6341 3.2
      vertex 9.7365 52.9376 0
      vertex 9.7365 52.9376 3.2
    endloop
  endfacet
  facet normal 0.946934 -0.321427 0
    outer loop
      vertex 9.7365 52.9376 0
      vertex 9.63348 52.6341 3.2
      vertex 9.63348 52.6341 0
    endloop
  endfacet
  facet normal 0.751784 0.65941 0
    outer loop
      vertex 10.2676 50.2676 3.2
      vertex 10.0563 50.5085 0
      vertex 10.0563 50.5085 3.2
    endloop
  endfacet
  facet normal 0.751784 0.65941 0
    outer loop
      vertex 10.0563 50.5085 0
      vertex 10.2676 50.2676 3.2
      vertex 10.2676 50.2676 0
    endloop
  endfacet
  facet normal 0.997859 -0.0654006 0
    outer loop
      vertex 9.55 52 3.2
      vertex 9.57096 52.3198 0
      vertex 9.57096 52.3198 3.2
    endloop
  endfacet
  facet normal 0.997859 -0.0654006 0
    outer loop
      vertex 9.57096 52.3198 0
      vertex 9.55 52 3.2
      vertex 9.55 52 0
    endloop
  endfacet
  facet normal -0.195036 -0.980796 0
    outer loop
      vertex 12.3198 54.429 0
      vertex 12.6341 54.3665 3.2
      vertex 12.3198 54.429 3.2
    endloop
  endfacet
  facet normal -0.195036 -0.980796 -0
    outer loop
      vertex 12.6341 54.3665 3.2
      vertex 12.3198 54.429 0
      vertex 12.6341 54.3665 0
    endloop
  endfacet
  facet normal 0.0655249 0.997851 -0
    outer loop
      vertex 12 49.55 0
      vertex 11.6802 49.571 3.2
      vertex 12 49.55 3.2
    endloop
  endfacet
  facet normal 0.0655249 0.997851 0
    outer loop
      vertex 11.6802 49.571 3.2
      vertex 12 49.55 0
      vertex 11.6802 49.571 0
    endloop
  endfacet
  facet normal 0.65941 0.751784 -0
    outer loop
      vertex 10.5085 50.0563 0
      vertex 10.2676 50.2676 3.2
      vertex 10.5085 50.0563 3.2
    endloop
  endfacet
  facet normal 0.65941 0.751784 0
    outer loop
      vertex 10.2676 50.2676 3.2
      vertex 10.5085 50.0563 0
      vertex 10.2676 50.2676 0
    endloop
  endfacet
  facet normal 0.831397 0.555679 0
    outer loop
      vertex 18.0563 2.50853 3.2
      vertex 17.8782 2.775 0
      vertex 17.8782 2.775 3.2
    endloop
  endfacet
  facet normal 0.831397 0.555679 0
    outer loop
      vertex 17.8782 2.775 0
      vertex 18.0563 2.50853 3.2
      vertex 18.0563 2.50853 0
    endloop
  endfacet
  facet normal -0.980798 -0.195024 0
    outer loop
      vertex 22.429 4.31979 0
      vertex 22.3665 4.63411 3.2
      vertex 22.3665 4.63411 0
    endloop
  endfacet
  facet normal -0.980798 -0.195024 0
    outer loop
      vertex 22.3665 4.63411 3.2
      vertex 22.429 4.31979 0
      vertex 22.429 4.31979 3.2
    endloop
  endfacet
  facet normal -0.997851 -0.065527 0
    outer loop
      vertex 22.45 4 0
      vertex 22.429 4.31979 3.2
      vertex 22.429 4.31979 0
    endloop
  endfacet
  facet normal -0.997851 -0.065527 0
    outer loop
      vertex 22.429 4.31979 3.2
      vertex 22.45 4 0
      vertex 22.45 4 3.2
    endloop
  endfacet
  facet normal -0.442314 0.89686 0
    outer loop
      vertex 21.225 1.87824 0
      vertex 20.9376 1.7365 3.2
      vertex 21.225 1.87824 3.2
    endloop
  endfacet
  facet normal -0.442314 0.89686 0
    outer loop
      vertex 20.9376 1.7365 3.2
      vertex 21.225 1.87824 0
      vertex 20.9376 1.7365 0
    endloop
  endfacet
  facet normal 0.555506 0.831512 -0
    outer loop
      vertex 18.775 1.87824 0
      vertex 18.5085 2.05628 3.2
      vertex 18.775 1.87824 3.2
    endloop
  endfacet
  facet normal 0.555506 0.831512 0
    outer loop
      vertex 18.5085 2.05628 3.2
      vertex 18.775 1.87824 0
      vertex 18.5085 2.05628 0
    endloop
  endfacet
  facet normal -0.659428 -0.751768 0
    outer loop
      vertex 21.4915 5.94372 0
      vertex 21.7324 5.73241 3.2
      vertex 21.4915 5.94372 3.2
    endloop
  endfacet
  facet normal -0.659428 -0.751768 -0
    outer loop
      vertex 21.7324 5.73241 3.2
      vertex 21.4915 5.94372 0
      vertex 21.7324 5.73241 0
    endloop
  endfacet
  facet normal -0.896922 0.442189 0
    outer loop
      vertex 22.1218 2.775 0
      vertex 22.2635 3.06242 3.2
      vertex 22.2635 3.06242 0
    endloop
  endfacet
  facet normal -0.896922 0.442189 0
    outer loop
      vertex 22.2635 3.06242 3.2
      vertex 22.1218 2.775 0
      vertex 22.1218 2.775 3.2
    endloop
  endfacet
  facet normal 0.946944 0.3214 0
    outer loop
      vertex 17.7365 3.06242 3.2
      vertex 17.6335 3.36589 0
      vertex 17.6335 3.36589 3.2
    endloop
  endfacet
  facet normal 0.946944 0.3214 0
    outer loop
      vertex 17.6335 3.36589 0
      vertex 17.7365 3.06242 3.2
      vertex 17.7365 3.06242 0
    endloop
  endfacet
  facet normal 0.555506 -0.831512 0
    outer loop
      vertex 18.5085 5.94372 0
      vertex 18.775 6.12176 3.2
      vertex 18.5085 5.94372 3.2
    endloop
  endfacet
  facet normal 0.555506 -0.831512 0
    outer loop
      vertex 18.775 6.12176 3.2
      vertex 18.5085 5.94372 0
      vertex 18.775 6.12176 0
    endloop
  endfacet
  facet normal -0.946944 0.3214 0
    outer loop
      vertex 22.2635 3.06242 0
      vertex 22.3665 3.36589 3.2
      vertex 22.3665 3.36589 0
    endloop
  endfacet
  facet normal -0.946944 0.3214 0
    outer loop
      vertex 22.3665 3.36589 3.2
      vertex 22.2635 3.06242 0
      vertex 22.2635 3.06242 3.2
    endloop
  endfacet
  facet normal -0.321427 -0.946934 0
    outer loop
      vertex 20.6341 6.36652 0
      vertex 20.9376 6.2635 3.2
      vertex 20.6341 6.36652 3.2
    endloop
  endfacet
  facet normal -0.321427 -0.946934 -0
    outer loop
      vertex 20.9376 6.2635 3.2
      vertex 20.6341 6.36652 0
      vertex 20.9376 6.2635 0
    endloop
  endfacet
  facet normal -0.0654006 -0.997859 0
    outer loop
      vertex 20 6.45 0
      vertex 20.3198 6.42904 3.2
      vertex 20 6.45 3.2
    endloop
  endfacet
  facet normal -0.0654006 -0.997859 -0
    outer loop
      vertex 20.3198 6.42904 3.2
      vertex 20 6.45 0
      vertex 20.3198 6.42904 0
    endloop
  endfacet
  facet normal 0.659428 -0.751768 0
    outer loop
      vertex 18.2676 5.73241 0
      vertex 18.5085 5.94372 3.2
      vertex 18.2676 5.73241 3.2
    endloop
  endfacet
  facet normal 0.659428 -0.751768 0
    outer loop
      vertex 18.5085 5.94372 3.2
      vertex 18.2676 5.73241 0
      vertex 18.5085 5.94372 0
    endloop
  endfacet
  facet normal -0.751838 0.659348 0
    outer loop
      vertex 21.7324 2.26759 0
      vertex 21.9437 2.50853 3.2
      vertex 21.9437 2.50853 0
    endloop
  endfacet
  facet normal -0.751838 0.659348 0
    outer loop
      vertex 21.9437 2.50853 3.2
      vertex 21.7324 2.26759 0
      vertex 21.7324 2.26759 3.2
    endloop
  endfacet
  facet normal -0.195096 0.980784 0
    outer loop
      vertex 20.6341 1.63348 0
      vertex 20.3198 1.57096 3.2
      vertex 20.6341 1.63348 3.2
    endloop
  endfacet
  facet normal -0.195096 0.980784 0
    outer loop
      vertex 20.3198 1.57096 3.2
      vertex 20.6341 1.63348 0
      vertex 20.3198 1.57096 0
    endloop
  endfacet
  facet normal -0.831387 -0.555693 0
    outer loop
      vertex 22.1218 5.225 0
      vertex 21.9437 5.49146 3.2
      vertex 21.9437 5.49146 0
    endloop
  endfacet
  facet normal -0.831387 -0.555693 0
    outer loop
      vertex 21.9437 5.49146 3.2
      vertex 22.1218 5.225 0
      vertex 22.1218 5.225 3.2
    endloop
  endfacet
  facet normal 0.751851 -0.659333 0
    outer loop
      vertex 18.0563 5.49146 3.2
      vertex 18.2676 5.73241 0
      vertex 18.2676 5.73241 3.2
    endloop
  endfacet
  facet normal 0.751851 -0.659333 0
    outer loop
      vertex 18.2676 5.73241 0
      vertex 18.0563 5.49146 3.2
      vertex 18.0563 5.49146 0
    endloop
  endfacet
  facet normal 0.321427 0.946934 -0
    outer loop
      vertex 19.3659 1.63348 0
      vertex 19.0624 1.7365 3.2
      vertex 19.3659 1.63348 3.2
    endloop
  endfacet
  facet normal 0.321427 0.946934 0
    outer loop
      vertex 19.0624 1.7365 3.2
      vertex 19.3659 1.63348 0
      vertex 19.0624 1.7365 0
    endloop
  endfacet
  facet normal -0.195096 -0.980784 0
    outer loop
      vertex 20.3198 6.42904 0
      vertex 20.6341 6.36652 3.2
      vertex 20.3198 6.42904 3.2
    endloop
  endfacet
  facet normal -0.195096 -0.980784 -0
    outer loop
      vertex 20.6341 6.36652 3.2
      vertex 20.3198 6.42904 0
      vertex 20.6341 6.36652 0
    endloop
  endfacet
  facet normal -0.321427 0.946934 0
    outer loop
      vertex 20.9376 1.7365 0
      vertex 20.6341 1.63348 3.2
      vertex 20.9376 1.7365 3.2
    endloop
  endfacet
  facet normal -0.321427 0.946934 0
    outer loop
      vertex 20.6341 1.63348 3.2
      vertex 20.9376 1.7365 0
      vertex 20.6341 1.63348 0
    endloop
  endfacet
  facet normal -0.442314 -0.89686 0
    outer loop
      vertex 20.9376 6.2635 0
      vertex 21.225 6.12176 3.2
      vertex 20.9376 6.2635 3.2
    endloop
  endfacet
  facet normal -0.442314 -0.89686 -0
    outer loop
      vertex 21.225 6.12176 3.2
      vertex 20.9376 6.2635 0
      vertex 21.225 6.12176 0
    endloop
  endfacet
  facet normal -0.555506 -0.831512 0
    outer loop
      vertex 21.225 6.12176 0
      vertex 21.4915 5.94372 3.2
      vertex 21.225 6.12176 3.2
    endloop
  endfacet
  facet normal -0.555506 -0.831512 -0
    outer loop
      vertex 21.4915 5.94372 3.2
      vertex 21.225 6.12176 0
      vertex 21.4915 5.94372 0
    endloop
  endfacet
  facet normal -0.555506 0.831512 0
    outer loop
      vertex 21.4915 2.05628 0
      vertex 21.225 1.87824 3.2
      vertex 21.4915 2.05628 3.2
    endloop
  endfacet
  facet normal -0.555506 0.831512 0
    outer loop
      vertex 21.225 1.87824 3.2
      vertex 21.4915 2.05628 0
      vertex 21.225 1.87824 0
    endloop
  endfacet
  facet normal 0.896928 -0.442176 0
    outer loop
      vertex 17.7365 4.93757 3.2
      vertex 17.8782 5.225 0
      vertex 17.8782 5.225 3.2
    endloop
  endfacet
  facet normal 0.896928 -0.442176 0
    outer loop
      vertex 17.8782 5.225 0
      vertex 17.7365 4.93757 3.2
      vertex 17.7365 4.93757 0
    endloop
  endfacet
  facet normal -0.659428 0.751768 0
    outer loop
      vertex 21.7324 2.26759 0
      vertex 21.4915 2.05628 3.2
      vertex 21.7324 2.26759 3.2
    endloop
  endfacet
  facet normal -0.659428 0.751768 0
    outer loop
      vertex 21.4915 2.05628 3.2
      vertex 21.7324 2.26759 0
      vertex 21.4915 2.05628 0
    endloop
  endfacet
  facet normal 0.195096 -0.980784 0
    outer loop
      vertex 19.3659 6.36652 0
      vertex 19.6802 6.42904 3.2
      vertex 19.3659 6.36652 3.2
    endloop
  endfacet
  facet normal 0.195096 -0.980784 0
    outer loop
      vertex 19.6802 6.42904 3.2
      vertex 19.3659 6.36652 0
      vertex 19.6802 6.42904 0
    endloop
  endfacet
  facet normal -0.980798 0.195024 0
    outer loop
      vertex 22.3665 3.36589 0
      vertex 22.429 3.68021 3.2
      vertex 22.429 3.68021 0
    endloop
  endfacet
  facet normal -0.980798 0.195024 0
    outer loop
      vertex 22.429 3.68021 3.2
      vertex 22.3665 3.36589 0
      vertex 22.3665 3.36589 3.2
    endloop
  endfacet
  facet normal -0.997851 0.065527 0
    outer loop
      vertex 22.429 3.68021 0
      vertex 22.45 4 3.2
      vertex 22.45 4 0
    endloop
  endfacet
  facet normal -0.997851 0.065527 0
    outer loop
      vertex 22.45 4 3.2
      vertex 22.429 3.68021 0
      vertex 22.429 3.68021 3.2
    endloop
  endfacet
  facet normal 0.896922 0.442189 0
    outer loop
      vertex 17.8782 2.775 3.2
      vertex 17.7365 3.06242 0
      vertex 17.7365 3.06242 3.2
    endloop
  endfacet
  facet normal 0.896922 0.442189 0
    outer loop
      vertex 17.7365 3.06242 0
      vertex 17.8782 2.775 3.2
      vertex 17.8782 2.775 0
    endloop
  endfacet
  facet normal 0.980798 -0.195024 0
    outer loop
      vertex 17.571 4.31979 3.2
      vertex 17.6335 4.63411 0
      vertex 17.6335 4.63411 3.2
    endloop
  endfacet
  facet normal 0.980798 -0.195024 0
    outer loop
      vertex 17.6335 4.63411 0
      vertex 17.571 4.31979 3.2
      vertex 17.571 4.31979 0
    endloop
  endfacet
  facet normal -0.896928 -0.442176 0
    outer loop
      vertex 22.2635 4.93757 0
      vertex 22.1218 5.225 3.2
      vertex 22.1218 5.225 0
    endloop
  endfacet
  facet normal -0.896928 -0.442176 0
    outer loop
      vertex 22.1218 5.225 3.2
      vertex 22.2635 4.93757 0
      vertex 22.2635 4.93757 3.2
    endloop
  endfacet
  facet normal -0.0654006 0.997859 0
    outer loop
      vertex 20.3198 1.57096 0
      vertex 20 1.55 3.2
      vertex 20.3198 1.57096 3.2
    endloop
  endfacet
  facet normal -0.0654006 0.997859 0
    outer loop
      vertex 20 1.55 3.2
      vertex 20.3198 1.57096 0
      vertex 20 1.55 0
    endloop
  endfacet
  facet normal -0.831397 0.555679 0
    outer loop
      vertex 21.9437 2.50853 0
      vertex 22.1218 2.775 3.2
      vertex 22.1218 2.775 0
    endloop
  endfacet
  facet normal -0.831397 0.555679 0
    outer loop
      vertex 22.1218 2.775 3.2
      vertex 21.9437 2.50853 0
      vertex 21.9437 2.50853 3.2
    endloop
  endfacet
  facet normal 0.442314 -0.89686 0
    outer loop
      vertex 18.775 6.12176 0
      vertex 19.0624 6.2635 3.2
      vertex 18.775 6.12176 3.2
    endloop
  endfacet
  facet normal 0.442314 -0.89686 0
    outer loop
      vertex 19.0624 6.2635 3.2
      vertex 18.775 6.12176 0
      vertex 19.0624 6.2635 0
    endloop
  endfacet
  facet normal 0.0654006 -0.997859 0
    outer loop
      vertex 19.6802 6.42904 0
      vertex 20 6.45 3.2
      vertex 19.6802 6.42904 3.2
    endloop
  endfacet
  facet normal 0.0654006 -0.997859 0
    outer loop
      vertex 20 6.45 3.2
      vertex 19.6802 6.42904 0
      vertex 20 6.45 0
    endloop
  endfacet
  facet normal -0.751851 -0.659333 0
    outer loop
      vertex 21.9437 5.49146 0
      vertex 21.7324 5.73241 3.2
      vertex 21.7324 5.73241 0
    endloop
  endfacet
  facet normal -0.751851 -0.659333 0
    outer loop
      vertex 21.7324 5.73241 3.2
      vertex 21.9437 5.49146 0
      vertex 21.9437 5.49146 3.2
    endloop
  endfacet
  facet normal -0.94694 -0.321409 0
    outer loop
      vertex 22.3665 4.63411 0
      vertex 22.2635 4.93757 3.2
      vertex 22.2635 4.93757 0
    endloop
  endfacet
  facet normal -0.94694 -0.321409 0
    outer loop
      vertex 22.2635 4.93757 3.2
      vertex 22.3665 4.63411 0
      vertex 22.3665 4.63411 3.2
    endloop
  endfacet
  facet normal 0.321427 -0.946934 0
    outer loop
      vertex 19.0624 6.2635 0
      vertex 19.3659 6.36652 3.2
      vertex 19.0624 6.2635 3.2
    endloop
  endfacet
  facet normal 0.321427 -0.946934 0
    outer loop
      vertex 19.3659 6.36652 3.2
      vertex 19.0624 6.2635 0
      vertex 19.3659 6.36652 0
    endloop
  endfacet
  facet normal 0.997851 0.065527 0
    outer loop
      vertex 17.571 3.68021 3.2
      vertex 17.55 4 0
      vertex 17.55 4 3.2
    endloop
  endfacet
  facet normal 0.997851 0.065527 0
    outer loop
      vertex 17.55 4 0
      vertex 17.571 3.68021 3.2
      vertex 17.571 3.68021 0
    endloop
  endfacet
  facet normal 0.980798 0.195024 0
    outer loop
      vertex 17.6335 3.36589 3.2
      vertex 17.571 3.68021 0
      vertex 17.571 3.68021 3.2
    endloop
  endfacet
  facet normal 0.980798 0.195024 0
    outer loop
      vertex 17.571 3.68021 0
      vertex 17.6335 3.36589 3.2
      vertex 17.6335 3.36589 0
    endloop
  endfacet
  facet normal 0.831387 -0.555693 0
    outer loop
      vertex 17.8782 5.225 3.2
      vertex 18.0563 5.49146 0
      vertex 18.0563 5.49146 3.2
    endloop
  endfacet
  facet normal 0.831387 -0.555693 0
    outer loop
      vertex 18.0563 5.49146 0
      vertex 17.8782 5.225 3.2
      vertex 17.8782 5.225 0
    endloop
  endfacet
  facet normal 0.442314 0.89686 -0
    outer loop
      vertex 19.0624 1.7365 0
      vertex 18.775 1.87824 3.2
      vertex 19.0624 1.7365 3.2
    endloop
  endfacet
  facet normal 0.442314 0.89686 0
    outer loop
      vertex 18.775 1.87824 3.2
      vertex 19.0624 1.7365 0
      vertex 18.775 1.87824 0
    endloop
  endfacet
  facet normal 0.195096 0.980784 -0
    outer loop
      vertex 19.6802 1.57096 0
      vertex 19.3659 1.63348 3.2
      vertex 19.6802 1.57096 3.2
    endloop
  endfacet
  facet normal 0.195096 0.980784 0
    outer loop
      vertex 19.3659 1.63348 3.2
      vertex 19.6802 1.57096 0
      vertex 19.3659 1.63348 0
    endloop
  endfacet
  facet normal 0.94694 -0.321409 0
    outer loop
      vertex 17.6335 4.63411 3.2
      vertex 17.7365 4.93757 0
      vertex 17.7365 4.93757 3.2
    endloop
  endfacet
  facet normal 0.94694 -0.321409 0
    outer loop
      vertex 17.7365 4.93757 0
      vertex 17.6335 4.63411 3.2
      vertex 17.6335 4.63411 0
    endloop
  endfacet
  facet normal 0.751838 0.659348 0
    outer loop
      vertex 18.2676 2.26759 3.2
      vertex 18.0563 2.50853 0
      vertex 18.0563 2.50853 3.2
    endloop
  endfacet
  facet normal 0.751838 0.659348 0
    outer loop
      vertex 18.0563 2.50853 0
      vertex 18.2676 2.26759 3.2
      vertex 18.2676 2.26759 0
    endloop
  endfacet
  facet normal 0.997851 -0.065527 0
    outer loop
      vertex 17.55 4 3.2
      vertex 17.571 4.31979 0
      vertex 17.571 4.31979 3.2
    endloop
  endfacet
  facet normal 0.997851 -0.065527 0
    outer loop
      vertex 17.571 4.31979 0
      vertex 17.55 4 3.2
      vertex 17.55 4 0
    endloop
  endfacet
  facet normal 0.0654006 0.997859 -0
    outer loop
      vertex 20 1.55 0
      vertex 19.6802 1.57096 3.2
      vertex 20 1.55 3.2
    endloop
  endfacet
  facet normal 0.0654006 0.997859 0
    outer loop
      vertex 19.6802 1.57096 3.2
      vertex 20 1.55 0
      vertex 19.6802 1.57096 0
    endloop
  endfacet
  facet normal 0.659428 0.751768 -0
    outer loop
      vertex 18.5085 2.05628 0
      vertex 18.2676 2.26759 3.2
      vertex 18.5085 2.05628 3.2
    endloop
  endfacet
  facet normal 0.659428 0.751768 0
    outer loop
      vertex 18.2676 2.26759 3.2
      vertex 18.5085 2.05628 0
      vertex 18.2676 2.26759 0
    endloop
  endfacet
  facet normal 0.831426 0.555636 0
    outer loop
      vertex 18.0563 50.5085 3.2
      vertex 17.8782 50.775 0
      vertex 17.8782 50.775 3.2
    endloop
  endfacet
  facet normal 0.831426 0.555636 0
    outer loop
      vertex 17.8782 50.775 0
      vertex 18.0563 50.5085 3.2
      vertex 18.0563 50.5085 0
    endloop
  endfacet
  facet normal -0.980796 -0.195036 0
    outer loop
      vertex 22.429 52.3198 0
      vertex 22.3665 52.6341 3.2
      vertex 22.3665 52.6341 0
    endloop
  endfacet
  facet normal -0.980796 -0.195036 0
    outer loop
      vertex 22.3665 52.6341 3.2
      vertex 22.429 52.3198 0
      vertex 22.429 52.3198 3.2
    endloop
  endfacet
  facet normal -0.997851 -0.0655249 0
    outer loop
      vertex 22.45 52 0
      vertex 22.429 52.3198 3.2
      vertex 22.429 52.3198 0
    endloop
  endfacet
  facet normal -0.997851 -0.0655249 0
    outer loop
      vertex 22.429 52.3198 3.2
      vertex 22.45 52 0
      vertex 22.45 52 3.2
    endloop
  endfacet
  facet normal -0.442213 0.89691 0
    outer loop
      vertex 21.225 49.8782 0
      vertex 20.9376 49.7365 3.2
      vertex 21.225 49.8782 3.2
    endloop
  endfacet
  facet normal -0.442213 0.89691 0
    outer loop
      vertex 20.9376 49.7365 3.2
      vertex 21.225 49.8782 0
      vertex 20.9376 49.7365 0
    endloop
  endfacet
  facet normal 0.555636 0.831426 -0
    outer loop
      vertex 18.775 49.8782 0
      vertex 18.5085 50.0563 3.2
      vertex 18.775 49.8782 3.2
    endloop
  endfacet
  facet normal 0.555636 0.831426 0
    outer loop
      vertex 18.5085 50.0563 3.2
      vertex 18.775 49.8782 0
      vertex 18.5085 50.0563 0
    endloop
  endfacet
  facet normal -0.65941 -0.751784 0
    outer loop
      vertex 21.4915 53.9437 0
      vertex 21.7324 53.7324 3.2
      vertex 21.4915 53.9437 3.2
    endloop
  endfacet
  facet normal -0.65941 -0.751784 -0
    outer loop
      vertex 21.7324 53.7324 3.2
      vertex 21.4915 53.9437 0
      vertex 21.7324 53.7324 0
    endloop
  endfacet
  facet normal -0.89691 0.442213 0
    outer loop
      vertex 22.1218 50.775 0
      vertex 22.2635 51.0624 3.2
      vertex 22.2635 51.0624 0
    endloop
  endfacet
  facet normal -0.89691 0.442213 0
    outer loop
      vertex 22.2635 51.0624 3.2
      vertex 22.1218 50.775 0
      vertex 22.1218 50.775 3.2
    endloop
  endfacet
  facet normal 0.946953 0.321371 0
    outer loop
      vertex 17.7365 51.0624 3.2
      vertex 17.6335 51.3659 0
      vertex 17.6335 51.3659 3.2
    endloop
  endfacet
  facet normal 0.946953 0.321371 0
    outer loop
      vertex 17.6335 51.3659 0
      vertex 17.7365 51.0624 3.2
      vertex 17.7365 51.0624 0
    endloop
  endfacet
  facet normal 0.555636 -0.831426 0
    outer loop
      vertex 18.5085 53.9437 0
      vertex 18.775 54.1218 3.2
      vertex 18.5085 53.9437 3.2
    endloop
  endfacet
  facet normal 0.555636 -0.831426 0
    outer loop
      vertex 18.775 54.1218 3.2
      vertex 18.5085 53.9437 0
      vertex 18.775 54.1218 0
    endloop
  endfacet
  facet normal -0.946953 0.321371 0
    outer loop
      vertex 22.2635 51.0624 0
      vertex 22.3665 51.3659 3.2
      vertex 22.3665 51.3659 0
    endloop
  endfacet
  facet normal -0.946953 0.321371 0
    outer loop
      vertex 22.3665 51.3659 3.2
      vertex 22.2635 51.0624 0
      vertex 22.2635 51.0624 3.2
    endloop
  endfacet
  facet normal -0.321371 -0.946953 0
    outer loop
      vertex 20.6341 54.3665 0
      vertex 20.9376 54.2635 3.2
      vertex 20.6341 54.3665 3.2
    endloop
  endfacet
  facet normal -0.321371 -0.946953 -0
    outer loop
      vertex 20.9376 54.2635 3.2
      vertex 20.6341 54.3665 0
      vertex 20.9376 54.2635 0
    endloop
  endfacet
  facet normal -0.0655249 -0.997851 0
    outer loop
      vertex 20 54.45 0
      vertex 20.3198 54.429 3.2
      vertex 20 54.45 3.2
    endloop
  endfacet
  facet normal -0.0655249 -0.997851 -0
    outer loop
      vertex 20.3198 54.429 3.2
      vertex 20 54.45 0
      vertex 20.3198 54.429 0
    endloop
  endfacet
  facet normal 0.65941 -0.751784 0
    outer loop
      vertex 18.2676 53.7324 0
      vertex 18.5085 53.9437 3.2
      vertex 18.2676 53.7324 3.2
    endloop
  endfacet
  facet normal 0.65941 -0.751784 0
    outer loop
      vertex 18.5085 53.9437 3.2
      vertex 18.2676 53.7324 0
      vertex 18.5085 53.9437 0
    endloop
  endfacet
  facet normal -0.751784 0.65941 0
    outer loop
      vertex 21.7324 50.2676 0
      vertex 21.9437 50.5085 3.2
      vertex 21.9437 50.5085 0
    endloop
  endfacet
  facet normal -0.751784 0.65941 0
    outer loop
      vertex 21.9437 50.5085 3.2
      vertex 21.7324 50.2676 0
      vertex 21.7324 50.2676 3.2
    endloop
  endfacet
  facet normal -0.195036 0.980796 0
    outer loop
      vertex 20.6341 49.6335 0
      vertex 20.3198 49.571 3.2
      vertex 20.6341 49.6335 3.2
    endloop
  endfacet
  facet normal -0.195036 0.980796 0
    outer loop
      vertex 20.3198 49.571 3.2
      vertex 20.6341 49.6335 0
      vertex 20.3198 49.571 0
    endloop
  endfacet
  facet normal -0.831426 -0.555636 0
    outer loop
      vertex 22.1218 53.225 0
      vertex 21.9437 53.4915 3.2
      vertex 21.9437 53.4915 0
    endloop
  endfacet
  facet normal -0.831426 -0.555636 0
    outer loop
      vertex 21.9437 53.4915 3.2
      vertex 22.1218 53.225 0
      vertex 22.1218 53.225 3.2
    endloop
  endfacet
  facet normal 0.751784 -0.65941 0
    outer loop
      vertex 18.0563 53.4915 3.2
      vertex 18.2676 53.7324 0
      vertex 18.2676 53.7324 3.2
    endloop
  endfacet
  facet normal 0.751784 -0.65941 0
    outer loop
      vertex 18.2676 53.7324 0
      vertex 18.0563 53.4915 3.2
      vertex 18.0563 53.4915 0
    endloop
  endfacet
  facet normal 0.321371 0.946953 -0
    outer loop
      vertex 19.3659 49.6335 0
      vertex 19.0624 49.7365 3.2
      vertex 19.3659 49.6335 3.2
    endloop
  endfacet
  facet normal 0.321371 0.946953 0
    outer loop
      vertex 19.0624 49.7365 3.2
      vertex 19.3659 49.6335 0
      vertex 19.0624 49.7365 0
    endloop
  endfacet
  facet normal -0.321371 0.946953 0
    outer loop
      vertex 20.9376 49.7365 0
      vertex 20.6341 49.6335 3.2
      vertex 20.9376 49.7365 3.2
    endloop
  endfacet
  facet normal -0.321371 0.946953 0
    outer loop
      vertex 20.6341 49.6335 3.2
      vertex 20.9376 49.7365 0
      vertex 20.6341 49.6335 0
    endloop
  endfacet
  facet normal -0.442213 -0.89691 0
    outer loop
      vertex 20.9376 54.2635 0
      vertex 21.225 54.1218 3.2
      vertex 20.9376 54.2635 3.2
    endloop
  endfacet
  facet normal -0.442213 -0.89691 -0
    outer loop
      vertex 21.225 54.1218 3.2
      vertex 20.9376 54.2635 0
      vertex 21.225 54.1218 0
    endloop
  endfacet
  facet normal -0.555636 -0.831426 0
    outer loop
      vertex 21.225 54.1218 0
      vertex 21.4915 53.9437 3.2
      vertex 21.225 54.1218 3.2
    endloop
  endfacet
  facet normal -0.555636 -0.831426 -0
    outer loop
      vertex 21.4915 53.9437 3.2
      vertex 21.225 54.1218 0
      vertex 21.4915 53.9437 0
    endloop
  endfacet
  facet normal -0.555636 0.831426 0
    outer loop
      vertex 21.4915 50.0563 0
      vertex 21.225 49.8782 3.2
      vertex 21.4915 50.0563 3.2
    endloop
  endfacet
  facet normal -0.555636 0.831426 0
    outer loop
      vertex 21.225 49.8782 3.2
      vertex 21.4915 50.0563 0
      vertex 21.225 49.8782 0
    endloop
  endfacet
  facet normal 0.89691 -0.442213 0
    outer loop
      vertex 17.7365 52.9376 3.2
      vertex 17.8782 53.225 0
      vertex 17.8782 53.225 3.2
    endloop
  endfacet
  facet normal 0.89691 -0.442213 0
    outer loop
      vertex 17.8782 53.225 0
      vertex 17.7365 52.9376 3.2
      vertex 17.7365 52.9376 0
    endloop
  endfacet
  facet normal -0.65941 0.751784 0
    outer loop
      vertex 21.7324 50.2676 0
      vertex 21.4915 50.0563 3.2
      vertex 21.7324 50.2676 3.2
    endloop
  endfacet
  facet normal -0.65941 0.751784 0
    outer loop
      vertex 21.4915 50.0563 3.2
      vertex 21.7324 50.2676 0
      vertex 21.4915 50.0563 0
    endloop
  endfacet
  facet normal 0.195036 -0.980796 0
    outer loop
      vertex 19.3659 54.3665 0
      vertex 19.6802 54.429 3.2
      vertex 19.3659 54.3665 3.2
    endloop
  endfacet
  facet normal 0.195036 -0.980796 0
    outer loop
      vertex 19.6802 54.429 3.2
      vertex 19.3659 54.3665 0
      vertex 19.6802 54.429 0
    endloop
  endfacet
  facet normal -0.980796 0.195036 0
    outer loop
      vertex 22.3665 51.3659 0
      vertex 22.429 51.6802 3.2
      vertex 22.429 51.6802 0
    endloop
  endfacet
  facet normal -0.980796 0.195036 0
    outer loop
      vertex 22.429 51.6802 3.2
      vertex 22.3665 51.3659 0
      vertex 22.3665 51.3659 3.2
    endloop
  endfacet
  facet normal -0.997851 0.0655249 0
    outer loop
      vertex 22.429 51.6802 0
      vertex 22.45 52 3.2
      vertex 22.45 52 0
    endloop
  endfacet
  facet normal -0.997851 0.0655249 0
    outer loop
      vertex 22.45 52 3.2
      vertex 22.429 51.6802 0
      vertex 22.429 51.6802 3.2
    endloop
  endfacet
  facet normal 0.89691 0.442213 0
    outer loop
      vertex 17.8782 50.775 3.2
      vertex 17.7365 51.0624 0
      vertex 17.7365 51.0624 3.2
    endloop
  endfacet
  facet normal 0.89691 0.442213 0
    outer loop
      vertex 17.7365 51.0624 0
      vertex 17.8782 50.775 3.2
      vertex 17.8782 50.775 0
    endloop
  endfacet
  facet normal 0.980796 -0.195036 0
    outer loop
      vertex 17.571 52.3198 3.2
      vertex 17.6335 52.6341 0
      vertex 17.6335 52.6341 3.2
    endloop
  endfacet
  facet normal 0.980796 -0.195036 0
    outer loop
      vertex 17.6335 52.6341 0
      vertex 17.571 52.3198 3.2
      vertex 17.571 52.3198 0
    endloop
  endfacet
  facet normal -0.89691 -0.442213 0
    outer loop
      vertex 22.2635 52.9376 0
      vertex 22.1218 53.225 3.2
      vertex 22.1218 53.225 0
    endloop
  endfacet
  facet normal -0.89691 -0.442213 0
    outer loop
      vertex 22.1218 53.225 3.2
      vertex 22.2635 52.9376 0
      vertex 22.2635 52.9376 3.2
    endloop
  endfacet
  facet normal -0.0655249 0.997851 0
    outer loop
      vertex 20.3198 49.571 0
      vertex 20 49.55 3.2
      vertex 20.3198 49.571 3.2
    endloop
  endfacet
  facet normal -0.0655249 0.997851 0
    outer loop
      vertex 20 49.55 3.2
      vertex 20.3198 49.571 0
      vertex 20 49.55 0
    endloop
  endfacet
  facet normal -0.831426 0.555636 0
    outer loop
      vertex 21.9437 50.5085 0
      vertex 22.1218 50.775 3.2
      vertex 22.1218 50.775 0
    endloop
  endfacet
  facet normal -0.831426 0.555636 0
    outer loop
      vertex 22.1218 50.775 3.2
      vertex 21.9437 50.5085 0
      vertex 21.9437 50.5085 3.2
    endloop
  endfacet
  facet normal 0.442213 -0.89691 0
    outer loop
      vertex 18.775 54.1218 0
      vertex 19.0624 54.2635 3.2
      vertex 18.775 54.1218 3.2
    endloop
  endfacet
  facet normal 0.442213 -0.89691 0
    outer loop
      vertex 19.0624 54.2635 3.2
      vertex 18.775 54.1218 0
      vertex 19.0624 54.2635 0
    endloop
  endfacet
  facet normal 0.0655249 -0.997851 0
    outer loop
      vertex 19.6802 54.429 0
      vertex 20 54.45 3.2
      vertex 19.6802 54.429 3.2
    endloop
  endfacet
  facet normal 0.0655249 -0.997851 0
    outer loop
      vertex 20 54.45 3.2
      vertex 19.6802 54.429 0
      vertex 20 54.45 0
    endloop
  endfacet
  facet normal -0.751784 -0.65941 0
    outer loop
      vertex 21.9437 53.4915 0
      vertex 21.7324 53.7324 3.2
      vertex 21.7324 53.7324 0
    endloop
  endfacet
  facet normal -0.751784 -0.65941 0
    outer loop
      vertex 21.7324 53.7324 3.2
      vertex 21.9437 53.4915 0
      vertex 21.9437 53.4915 3.2
    endloop
  endfacet
  facet normal -0.946953 -0.321371 0
    outer loop
      vertex 22.3665 52.6341 0
      vertex 22.2635 52.9376 3.2
      vertex 22.2635 52.9376 0
    endloop
  endfacet
  facet normal -0.946953 -0.321371 0
    outer loop
      vertex 22.2635 52.9376 3.2
      vertex 22.3665 52.6341 0
      vertex 22.3665 52.6341 3.2
    endloop
  endfacet
  facet normal 0.321371 -0.946953 0
    outer loop
      vertex 19.0624 54.2635 0
      vertex 19.3659 54.3665 3.2
      vertex 19.0624 54.2635 3.2
    endloop
  endfacet
  facet normal 0.321371 -0.946953 0
    outer loop
      vertex 19.3659 54.3665 3.2
      vertex 19.0624 54.2635 0
      vertex 19.3659 54.3665 0
    endloop
  endfacet
  facet normal 0.997851 0.0655249 0
    outer loop
      vertex 17.571 51.6802 3.2
      vertex 17.55 52 0
      vertex 17.55 52 3.2
    endloop
  endfacet
  facet normal 0.997851 0.0655249 0
    outer loop
      vertex 17.55 52 0
      vertex 17.571 51.6802 3.2
      vertex 17.571 51.6802 0
    endloop
  endfacet
  facet normal 0.980796 0.195036 0
    outer loop
      vertex 17.6335 51.3659 3.2
      vertex 17.571 51.6802 0
      vertex 17.571 51.6802 3.2
    endloop
  endfacet
  facet normal 0.980796 0.195036 0
    outer loop
      vertex 17.571 51.6802 0
      vertex 17.6335 51.3659 3.2
      vertex 17.6335 51.3659 0
    endloop
  endfacet
  facet normal 0.831426 -0.555636 0
    outer loop
      vertex 17.8782 53.225 3.2
      vertex 18.0563 53.4915 0
      vertex 18.0563 53.4915 3.2
    endloop
  endfacet
  facet normal 0.831426 -0.555636 0
    outer loop
      vertex 18.0563 53.4915 0
      vertex 17.8782 53.225 3.2
      vertex 17.8782 53.225 0
    endloop
  endfacet
  facet normal 0.442213 0.89691 -0
    outer loop
      vertex 19.0624 49.7365 0
      vertex 18.775 49.8782 3.2
      vertex 19.0624 49.7365 3.2
    endloop
  endfacet
  facet normal 0.442213 0.89691 0
    outer loop
      vertex 18.775 49.8782 3.2
      vertex 19.0624 49.7365 0
      vertex 18.775 49.8782 0
    endloop
  endfacet
  facet normal 0.195036 0.980796 -0
    outer loop
      vertex 19.6802 49.571 0
      vertex 19.3659 49.6335 3.2
      vertex 19.6802 49.571 3.2
    endloop
  endfacet
  facet normal 0.195036 0.980796 0
    outer loop
      vertex 19.3659 49.6335 3.2
      vertex 19.6802 49.571 0
      vertex 19.3659 49.6335 0
    endloop
  endfacet
  facet normal 0.946953 -0.321371 0
    outer loop
      vertex 17.6335 52.6341 3.2
      vertex 17.7365 52.9376 0
      vertex 17.7365 52.9376 3.2
    endloop
  endfacet
  facet normal 0.946953 -0.321371 0
    outer loop
      vertex 17.7365 52.9376 0
      vertex 17.6335 52.6341 3.2
      vertex 17.6335 52.6341 0
    endloop
  endfacet
  facet normal 0.751784 0.65941 0
    outer loop
      vertex 18.2676 50.2676 3.2
      vertex 18.0563 50.5085 0
      vertex 18.0563 50.5085 3.2
    endloop
  endfacet
  facet normal 0.751784 0.65941 0
    outer loop
      vertex 18.0563 50.5085 0
      vertex 18.2676 50.2676 3.2
      vertex 18.2676 50.2676 0
    endloop
  endfacet
  facet normal 0.997851 -0.0655249 0
    outer loop
      vertex 17.55 52 3.2
      vertex 17.571 52.3198 0
      vertex 17.571 52.3198 3.2
    endloop
  endfacet
  facet normal 0.997851 -0.0655249 0
    outer loop
      vertex 17.571 52.3198 0
      vertex 17.55 52 3.2
      vertex 17.55 52 0
    endloop
  endfacet
  facet normal -0.195036 -0.980796 0
    outer loop
      vertex 20.3198 54.429 0
      vertex 20.6341 54.3665 3.2
      vertex 20.3198 54.429 3.2
    endloop
  endfacet
  facet normal -0.195036 -0.980796 -0
    outer loop
      vertex 20.6341 54.3665 3.2
      vertex 20.3198 54.429 0
      vertex 20.6341 54.3665 0
    endloop
  endfacet
  facet normal 0.0655249 0.997851 -0
    outer loop
      vertex 20 49.55 0
      vertex 19.6802 49.571 3.2
      vertex 20 49.55 3.2
    endloop
  endfacet
  facet normal 0.0655249 0.997851 0
    outer loop
      vertex 19.6802 49.571 3.2
      vertex 20 49.55 0
      vertex 19.6802 49.571 0
    endloop
  endfacet
  facet normal 0.65941 0.751784 -0
    outer loop
      vertex 18.5085 50.0563 0
      vertex 18.2676 50.2676 3.2
      vertex 18.5085 50.0563 3.2
    endloop
  endfacet
  facet normal 0.65941 0.751784 0
    outer loop
      vertex 18.2676 50.2676 3.2
      vertex 18.5085 50.0563 0
      vertex 18.2676 50.2676 0
    endloop
  endfacet
  facet normal 0.831397 0.555679 0
    outer loop
      vertex 26.0563 2.50853 3.2
      vertex 25.8782 2.775 0
      vertex 25.8782 2.775 3.2
    endloop
  endfacet
  facet normal 0.831397 0.555679 0
    outer loop
      vertex 25.8782 2.775 0
      vertex 26.0563 2.50853 3.2
      vertex 26.0563 2.50853 0
    endloop
  endfacet
  facet normal -0.980798 -0.195024 0
    outer loop
      vertex 30.429 4.31979 0
      vertex 30.3665 4.63411 3.2
      vertex 30.3665 4.63411 0
    endloop
  endfacet
  facet normal -0.980798 -0.195024 0
    outer loop
      vertex 30.3665 4.63411 3.2
      vertex 30.429 4.31979 0
      vertex 30.429 4.31979 3.2
    endloop
  endfacet
  facet normal -0.997851 -0.065527 0
    outer loop
      vertex 30.45 4 0
      vertex 30.429 4.31979 3.2
      vertex 30.429 4.31979 0
    endloop
  endfacet
  facet normal -0.997851 -0.065527 0
    outer loop
      vertex 30.429 4.31979 3.2
      vertex 30.45 4 0
      vertex 30.45 4 3.2
    endloop
  endfacet
  facet normal -0.442314 0.89686 0
    outer loop
      vertex 29.225 1.87824 0
      vertex 28.9376 1.7365 3.2
      vertex 29.225 1.87824 3.2
    endloop
  endfacet
  facet normal -0.442314 0.89686 0
    outer loop
      vertex 28.9376 1.7365 3.2
      vertex 29.225 1.87824 0
      vertex 28.9376 1.7365 0
    endloop
  endfacet
  facet normal 0.555506 0.831512 -0
    outer loop
      vertex 26.775 1.87824 0
      vertex 26.5085 2.05628 3.2
      vertex 26.775 1.87824 3.2
    endloop
  endfacet
  facet normal 0.555506 0.831512 0
    outer loop
      vertex 26.5085 2.05628 3.2
      vertex 26.775 1.87824 0
      vertex 26.5085 2.05628 0
    endloop
  endfacet
  facet normal -0.659428 -0.751768 0
    outer loop
      vertex 29.4915 5.94372 0
      vertex 29.7324 5.73241 3.2
      vertex 29.4915 5.94372 3.2
    endloop
  endfacet
  facet normal -0.659428 -0.751768 -0
    outer loop
      vertex 29.7324 5.73241 3.2
      vertex 29.4915 5.94372 0
      vertex 29.7324 5.73241 0
    endloop
  endfacet
  facet normal -0.896922 0.442189 0
    outer loop
      vertex 30.1218 2.775 0
      vertex 30.2635 3.06242 3.2
      vertex 30.2635 3.06242 0
    endloop
  endfacet
  facet normal -0.896922 0.442189 0
    outer loop
      vertex 30.2635 3.06242 3.2
      vertex 30.1218 2.775 0
      vertex 30.1218 2.775 3.2
    endloop
  endfacet
  facet normal 0.946944 0.3214 0
    outer loop
      vertex 25.7365 3.06242 3.2
      vertex 25.6335 3.36589 0
      vertex 25.6335 3.36589 3.2
    endloop
  endfacet
  facet normal 0.946944 0.3214 0
    outer loop
      vertex 25.6335 3.36589 0
      vertex 25.7365 3.06242 3.2
      vertex 25.7365 3.06242 0
    endloop
  endfacet
  facet normal 0.555506 -0.831512 0
    outer loop
      vertex 26.5085 5.94372 0
      vertex 26.775 6.12176 3.2
      vertex 26.5085 5.94372 3.2
    endloop
  endfacet
  facet normal 0.555506 -0.831512 0
    outer loop
      vertex 26.775 6.12176 3.2
      vertex 26.5085 5.94372 0
      vertex 26.775 6.12176 0
    endloop
  endfacet
  facet normal -0.946944 0.3214 0
    outer loop
      vertex 30.2635 3.06242 0
      vertex 30.3665 3.36589 3.2
      vertex 30.3665 3.36589 0
    endloop
  endfacet
  facet normal -0.946944 0.3214 0
    outer loop
      vertex 30.3665 3.36589 3.2
      vertex 30.2635 3.06242 0
      vertex 30.2635 3.06242 3.2
    endloop
  endfacet
  facet normal -0.321427 -0.946934 0
    outer loop
      vertex 28.6341 6.36652 0
      vertex 28.9376 6.2635 3.2
      vertex 28.6341 6.36652 3.2
    endloop
  endfacet
  facet normal -0.321427 -0.946934 -0
    outer loop
      vertex 28.9376 6.2635 3.2
      vertex 28.6341 6.36652 0
      vertex 28.9376 6.2635 0
    endloop
  endfacet
  facet normal -0.0654006 -0.997859 0
    outer loop
      vertex 28 6.45 0
      vertex 28.3198 6.42904 3.2
      vertex 28 6.45 3.2
    endloop
  endfacet
  facet normal -0.0654006 -0.997859 -0
    outer loop
      vertex 28.3198 6.42904 3.2
      vertex 28 6.45 0
      vertex 28.3198 6.42904 0
    endloop
  endfacet
  facet normal 0.659428 -0.751768 0
    outer loop
      vertex 26.2676 5.73241 0
      vertex 26.5085 5.94372 3.2
      vertex 26.2676 5.73241 3.2
    endloop
  endfacet
  facet normal 0.659428 -0.751768 0
    outer loop
      vertex 26.5085 5.94372 3.2
      vertex 26.2676 5.73241 0
      vertex 26.5085 5.94372 0
    endloop
  endfacet
  facet normal -0.751838 0.659348 0
    outer loop
      vertex 29.7324 2.26759 0
      vertex 29.9437 2.50853 3.2
      vertex 29.9437 2.50853 0
    endloop
  endfacet
  facet normal -0.751838 0.659348 0
    outer loop
      vertex 29.9437 2.50853 3.2
      vertex 29.7324 2.26759 0
      vertex 29.7324 2.26759 3.2
    endloop
  endfacet
  facet normal -0.195096 0.980784 0
    outer loop
      vertex 28.6341 1.63348 0
      vertex 28.3198 1.57096 3.2
      vertex 28.6341 1.63348 3.2
    endloop
  endfacet
  facet normal -0.195096 0.980784 0
    outer loop
      vertex 28.3198 1.57096 3.2
      vertex 28.6341 1.63348 0
      vertex 28.3198 1.57096 0
    endloop
  endfacet
  facet normal -0.831387 -0.555693 0
    outer loop
      vertex 30.1218 5.225 0
      vertex 29.9437 5.49146 3.2
      vertex 29.9437 5.49146 0
    endloop
  endfacet
  facet normal -0.831387 -0.555693 0
    outer loop
      vertex 29.9437 5.49146 3.2
      vertex 30.1218 5.225 0
      vertex 30.1218 5.225 3.2
    endloop
  endfacet
  facet normal 0.751851 -0.659333 0
    outer loop
      vertex 26.0563 5.49146 3.2
      vertex 26.2676 5.73241 0
      vertex 26.2676 5.73241 3.2
    endloop
  endfacet
  facet normal 0.751851 -0.659333 0
    outer loop
      vertex 26.2676 5.73241 0
      vertex 26.0563 5.49146 3.2
      vertex 26.0563 5.49146 0
    endloop
  endfacet
  facet normal 0.321427 0.946934 -0
    outer loop
      vertex 27.3659 1.63348 0
      vertex 27.0624 1.7365 3.2
      vertex 27.3659 1.63348 3.2
    endloop
  endfacet
  facet normal 0.321427 0.946934 0
    outer loop
      vertex 27.0624 1.7365 3.2
      vertex 27.3659 1.63348 0
      vertex 27.0624 1.7365 0
    endloop
  endfacet
  facet normal -0.195096 -0.980784 0
    outer loop
      vertex 28.3198 6.42904 0
      vertex 28.6341 6.36652 3.2
      vertex 28.3198 6.42904 3.2
    endloop
  endfacet
  facet normal -0.195096 -0.980784 -0
    outer loop
      vertex 28.6341 6.36652 3.2
      vertex 28.3198 6.42904 0
      vertex 28.6341 6.36652 0
    endloop
  endfacet
  facet normal -0.321427 0.946934 0
    outer loop
      vertex 28.9376 1.7365 0
      vertex 28.6341 1.63348 3.2
      vertex 28.9376 1.7365 3.2
    endloop
  endfacet
  facet normal -0.321427 0.946934 0
    outer loop
      vertex 28.6341 1.63348 3.2
      vertex 28.9376 1.7365 0
      vertex 28.6341 1.63348 0
    endloop
  endfacet
  facet normal -0.442314 -0.89686 0
    outer loop
      vertex 28.9376 6.2635 0
      vertex 29.225 6.12176 3.2
      vertex 28.9376 6.2635 3.2
    endloop
  endfacet
  facet normal -0.442314 -0.89686 -0
    outer loop
      vertex 29.225 6.12176 3.2
      vertex 28.9376 6.2635 0
      vertex 29.225 6.12176 0
    endloop
  endfacet
  facet normal -0.555506 -0.831512 0
    outer loop
      vertex 29.225 6.12176 0
      vertex 29.4915 5.94372 3.2
      vertex 29.225 6.12176 3.2
    endloop
  endfacet
  facet normal -0.555506 -0.831512 -0
    outer loop
      vertex 29.4915 5.94372 3.2
      vertex 29.225 6.12176 0
      vertex 29.4915 5.94372 0
    endloop
  endfacet
  facet normal -0.555506 0.831512 0
    outer loop
      vertex 29.4915 2.05628 0
      vertex 29.225 1.87824 3.2
      vertex 29.4915 2.05628 3.2
    endloop
  endfacet
  facet normal -0.555506 0.831512 0
    outer loop
      vertex 29.225 1.87824 3.2
      vertex 29.4915 2.05628 0
      vertex 29.225 1.87824 0
    endloop
  endfacet
  facet normal 0.896928 -0.442176 0
    outer loop
      vertex 25.7365 4.93757 3.2
      vertex 25.8782 5.225 0
      vertex 25.8782 5.225 3.2
    endloop
  endfacet
  facet normal 0.896928 -0.442176 0
    outer loop
      vertex 25.8782 5.225 0
      vertex 25.7365 4.93757 3.2
      vertex 25.7365 4.93757 0
    endloop
  endfacet
  facet normal -0.659428 0.751768 0
    outer loop
      vertex 29.7324 2.26759 0
      vertex 29.4915 2.05628 3.2
      vertex 29.7324 2.26759 3.2
    endloop
  endfacet
  facet normal -0.659428 0.751768 0
    outer loop
      vertex 29.4915 2.05628 3.2
      vertex 29.7324 2.26759 0
      vertex 29.4915 2.05628 0
    endloop
  endfacet
  facet normal 0.195096 -0.980784 0
    outer loop
      vertex 27.3659 6.36652 0
      vertex 27.6802 6.42904 3.2
      vertex 27.3659 6.36652 3.2
    endloop
  endfacet
  facet normal 0.195096 -0.980784 0
    outer loop
      vertex 27.6802 6.42904 3.2
      vertex 27.3659 6.36652 0
      vertex 27.6802 6.42904 0
    endloop
  endfacet
  facet normal -0.980798 0.195024 0
    outer loop
      vertex 30.3665 3.36589 0
      vertex 30.429 3.68021 3.2
      vertex 30.429 3.68021 0
    endloop
  endfacet
  facet normal -0.980798 0.195024 0
    outer loop
      vertex 30.429 3.68021 3.2
      vertex 30.3665 3.36589 0
      vertex 30.3665 3.36589 3.2
    endloop
  endfacet
  facet normal -0.997851 0.065527 0
    outer loop
      vertex 30.429 3.68021 0
      vertex 30.45 4 3.2
      vertex 30.45 4 0
    endloop
  endfacet
  facet normal -0.997851 0.065527 0
    outer loop
      vertex 30.45 4 3.2
      vertex 30.429 3.68021 0
      vertex 30.429 3.68021 3.2
    endloop
  endfacet
  facet normal 0.896922 0.442189 0
    outer loop
      vertex 25.8782 2.775 3.2
      vertex 25.7365 3.06242 0
      vertex 25.7365 3.06242 3.2
    endloop
  endfacet
  facet normal 0.896922 0.442189 0
    outer loop
      vertex 25.7365 3.06242 0
      vertex 25.8782 2.775 3.2
      vertex 25.8782 2.775 0
    endloop
  endfacet
  facet normal 0.980798 -0.195024 0
    outer loop
      vertex 25.571 4.31979 3.2
      vertex 25.6335 4.63411 0
      vertex 25.6335 4.63411 3.2
    endloop
  endfacet
  facet normal 0.980798 -0.195024 0
    outer loop
      vertex 25.6335 4.63411 0
      vertex 25.571 4.31979 3.2
      vertex 25.571 4.31979 0
    endloop
  endfacet
  facet normal -0.896928 -0.442176 0
    outer loop
      vertex 30.2635 4.93757 0
      vertex 30.1218 5.225 3.2
      vertex 30.1218 5.225 0
    endloop
  endfacet
  facet normal -0.896928 -0.442176 0
    outer loop
      vertex 30.1218 5.225 3.2
      vertex 30.2635 4.93757 0
      vertex 30.2635 4.93757 3.2
    endloop
  endfacet
  facet normal -0.0654006 0.997859 0
    outer loop
      vertex 28.3198 1.57096 0
      vertex 28 1.55 3.2
      vertex 28.3198 1.57096 3.2
    endloop
  endfacet
  facet normal -0.0654006 0.997859 0
    outer loop
      vertex 28 1.55 3.2
      vertex 28.3198 1.57096 0
      vertex 28 1.55 0
    endloop
  endfacet
  facet normal -0.831397 0.555679 0
    outer loop
      vertex 29.9437 2.50853 0
      vertex 30.1218 2.775 3.2
      vertex 30.1218 2.775 0
    endloop
  endfacet
  facet normal -0.831397 0.555679 0
    outer loop
      vertex 30.1218 2.775 3.2
      vertex 29.9437 2.50853 0
      vertex 29.9437 2.50853 3.2
    endloop
  endfacet
  facet normal 0.442314 -0.89686 0
    outer loop
      vertex 26.775 6.12176 0
      vertex 27.0624 6.2635 3.2
      vertex 26.775 6.12176 3.2
    endloop
  endfacet
  facet normal 0.442314 -0.89686 0
    outer loop
      vertex 27.0624 6.2635 3.2
      vertex 26.775 6.12176 0
      vertex 27.0624 6.2635 0
    endloop
  endfacet
  facet normal 0.0654006 -0.997859 0
    outer loop
      vertex 27.6802 6.42904 0
      vertex 28 6.45 3.2
      vertex 27.6802 6.42904 3.2
    endloop
  endfacet
  facet normal 0.0654006 -0.997859 0
    outer loop
      vertex 28 6.45 3.2
      vertex 27.6802 6.42904 0
      vertex 28 6.45 0
    endloop
  endfacet
  facet normal -0.751851 -0.659333 0
    outer loop
      vertex 29.9437 5.49146 0
      vertex 29.7324 5.73241 3.2
      vertex 29.7324 5.73241 0
    endloop
  endfacet
  facet normal -0.751851 -0.659333 0
    outer loop
      vertex 29.7324 5.73241 3.2
      vertex 29.9437 5.49146 0
      vertex 29.9437 5.49146 3.2
    endloop
  endfacet
  facet normal -0.94694 -0.321409 0
    outer loop
      vertex 30.3665 4.63411 0
      vertex 30.2635 4.93757 3.2
      vertex 30.2635 4.93757 0
    endloop
  endfacet
  facet normal -0.94694 -0.321409 0
    outer loop
      vertex 30.2635 4.93757 3.2
      vertex 30.3665 4.63411 0
      vertex 30.3665 4.63411 3.2
    endloop
  endfacet
  facet normal 0.321427 -0.946934 0
    outer loop
      vertex 27.0624 6.2635 0
      vertex 27.3659 6.36652 3.2
      vertex 27.0624 6.2635 3.2
    endloop
  endfacet
  facet normal 0.321427 -0.946934 0
    outer loop
      vertex 27.3659 6.36652 3.2
      vertex 27.0624 6.2635 0
      vertex 27.3659 6.36652 0
    endloop
  endfacet
  facet normal 0.997851 0.065527 0
    outer loop
      vertex 25.571 3.68021 3.2
      vertex 25.55 4 0
      vertex 25.55 4 3.2
    endloop
  endfacet
  facet normal 0.997851 0.065527 0
    outer loop
      vertex 25.55 4 0
      vertex 25.571 3.68021 3.2
      vertex 25.571 3.68021 0
    endloop
  endfacet
  facet normal 0.980798 0.195024 0
    outer loop
      vertex 25.6335 3.36589 3.2
      vertex 25.571 3.68021 0
      vertex 25.571 3.68021 3.2
    endloop
  endfacet
  facet normal 0.980798 0.195024 0
    outer loop
      vertex 25.571 3.68021 0
      vertex 25.6335 3.36589 3.2
      vertex 25.6335 3.36589 0
    endloop
  endfacet
  facet normal 0.831387 -0.555693 0
    outer loop
      vertex 25.8782 5.225 3.2
      vertex 26.0563 5.49146 0
      vertex 26.0563 5.49146 3.2
    endloop
  endfacet
  facet normal 0.831387 -0.555693 0
    outer loop
      vertex 26.0563 5.49146 0
      vertex 25.8782 5.225 3.2
      vertex 25.8782 5.225 0
    endloop
  endfacet
  facet normal 0.442314 0.89686 -0
    outer loop
      vertex 27.0624 1.7365 0
      vertex 26.775 1.87824 3.2
      vertex 27.0624 1.7365 3.2
    endloop
  endfacet
  facet normal 0.442314 0.89686 0
    outer loop
      vertex 26.775 1.87824 3.2
      vertex 27.0624 1.7365 0
      vertex 26.775 1.87824 0
    endloop
  endfacet
  facet normal 0.195096 0.980784 -0
    outer loop
      vertex 27.6802 1.57096 0
      vertex 27.3659 1.63348 3.2
      vertex 27.6802 1.57096 3.2
    endloop
  endfacet
  facet normal 0.195096 0.980784 0
    outer loop
      vertex 27.3659 1.63348 3.2
      vertex 27.6802 1.57096 0
      vertex 27.3659 1.63348 0
    endloop
  endfacet
  facet normal 0.94694 -0.321409 0
    outer loop
      vertex 25.6335 4.63411 3.2
      vertex 25.7365 4.93757 0
      vertex 25.7365 4.93757 3.2
    endloop
  endfacet
  facet normal 0.94694 -0.321409 0
    outer loop
      vertex 25.7365 4.93757 0
      vertex 25.6335 4.63411 3.2
      vertex 25.6335 4.63411 0
    endloop
  endfacet
  facet normal 0.751838 0.659348 0
    outer loop
      vertex 26.2676 2.26759 3.2
      vertex 26.0563 2.50853 0
      vertex 26.0563 2.50853 3.2
    endloop
  endfacet
  facet normal 0.751838 0.659348 0
    outer loop
      vertex 26.0563 2.50853 0
      vertex 26.2676 2.26759 3.2
      vertex 26.2676 2.26759 0
    endloop
  endfacet
  facet normal 0.997851 -0.065527 0
    outer loop
      vertex 25.55 4 3.2
      vertex 25.571 4.31979 0
      vertex 25.571 4.31979 3.2
    endloop
  endfacet
  facet normal 0.997851 -0.065527 0
    outer loop
      vertex 25.571 4.31979 0
      vertex 25.55 4 3.2
      vertex 25.55 4 0
    endloop
  endfacet
  facet normal 0.0654006 0.997859 -0
    outer loop
      vertex 28 1.55 0
      vertex 27.6802 1.57096 3.2
      vertex 28 1.55 3.2
    endloop
  endfacet
  facet normal 0.0654006 0.997859 0
    outer loop
      vertex 27.6802 1.57096 3.2
      vertex 28 1.55 0
      vertex 27.6802 1.57096 0
    endloop
  endfacet
  facet normal 0.659428 0.751768 -0
    outer loop
      vertex 26.5085 2.05628 0
      vertex 26.2676 2.26759 3.2
      vertex 26.5085 2.05628 3.2
    endloop
  endfacet
  facet normal 0.659428 0.751768 0
    outer loop
      vertex 26.2676 2.26759 3.2
      vertex 26.5085 2.05628 0
      vertex 26.2676 2.26759 0
    endloop
  endfacet
  facet normal 0.831426 0.555636 0
    outer loop
      vertex 26.0563 50.5085 3.2
      vertex 25.8782 50.775 0
      vertex 25.8782 50.775 3.2
    endloop
  endfacet
  facet normal 0.831426 0.555636 0
    outer loop
      vertex 25.8782 50.775 0
      vertex 26.0563 50.5085 3.2
      vertex 26.0563 50.5085 0
    endloop
  endfacet
  facet normal -0.980796 -0.195036 0
    outer loop
      vertex 30.429 52.3198 0
      vertex 30.3665 52.6341 3.2
      vertex 30.3665 52.6341 0
    endloop
  endfacet
  facet normal -0.980796 -0.195036 0
    outer loop
      vertex 30.3665 52.6341 3.2
      vertex 30.429 52.3198 0
      vertex 30.429 52.3198 3.2
    endloop
  endfacet
  facet normal -0.997851 -0.0655249 0
    outer loop
      vertex 30.45 52 0
      vertex 30.429 52.3198 3.2
      vertex 30.429 52.3198 0
    endloop
  endfacet
  facet normal -0.997851 -0.0655249 0
    outer loop
      vertex 30.429 52.3198 3.2
      vertex 30.45 52 0
      vertex 30.45 52 3.2
    endloop
  endfacet
  facet normal -0.442213 0.89691 0
    outer loop
      vertex 29.225 49.8782 0
      vertex 28.9376 49.7365 3.2
      vertex 29.225 49.8782 3.2
    endloop
  endfacet
  facet normal -0.442213 0.89691 0
    outer loop
      vertex 28.9376 49.7365 3.2
      vertex 29.225 49.8782 0
      vertex 28.9376 49.7365 0
    endloop
  endfacet
  facet normal 0.555636 0.831426 -0
    outer loop
      vertex 26.775 49.8782 0
      vertex 26.5085 50.0563 3.2
      vertex 26.775 49.8782 3.2
    endloop
  endfacet
  facet normal 0.555636 0.831426 0
    outer loop
      vertex 26.5085 50.0563 3.2
      vertex 26.775 49.8782 0
      vertex 26.5085 50.0563 0
    endloop
  endfacet
  facet normal -0.65941 -0.751784 0
    outer loop
      vertex 29.4915 53.9437 0
      vertex 29.7324 53.7324 3.2
      vertex 29.4915 53.9437 3.2
    endloop
  endfacet
  facet normal -0.65941 -0.751784 -0
    outer loop
      vertex 29.7324 53.7324 3.2
      vertex 29.4915 53.9437 0
      vertex 29.7324 53.7324 0
    endloop
  endfacet
  facet normal -0.89691 0.442213 0
    outer loop
      vertex 30.1218 50.775 0
      vertex 30.2635 51.0624 3.2
      vertex 30.2635 51.0624 0
    endloop
  endfacet
  facet normal -0.89691 0.442213 0
    outer loop
      vertex 30.2635 51.0624 3.2
      vertex 30.1218 50.775 0
      vertex 30.1218 50.775 3.2
    endloop
  endfacet
  facet normal 0.946953 0.321371 0
    outer loop
      vertex 25.7365 51.0624 3.2
      vertex 25.6335 51.3659 0
      vertex 25.6335 51.3659 3.2
    endloop
  endfacet
  facet normal 0.946953 0.321371 0
    outer loop
      vertex 25.6335 51.3659 0
      vertex 25.7365 51.0624 3.2
      vertex 25.7365 51.0624 0
    endloop
  endfacet
  facet normal 0.555636 -0.831426 0
    outer loop
      vertex 26.5085 53.9437 0
      vertex 26.775 54.1218 3.2
      vertex 26.5085 53.9437 3.2
    endloop
  endfacet
  facet normal 0.555636 -0.831426 0
    outer loop
      vertex 26.775 54.1218 3.2
      vertex 26.5085 53.9437 0
      vertex 26.775 54.1218 0
    endloop
  endfacet
  facet normal -0.946953 0.321371 0
    outer loop
      vertex 30.2635 51.0624 0
      vertex 30.3665 51.3659 3.2
      vertex 30.3665 51.3659 0
    endloop
  endfacet
  facet normal -0.946953 0.321371 0
    outer loop
      vertex 30.3665 51.3659 3.2
      vertex 30.2635 51.0624 0
      vertex 30.2635 51.0624 3.2
    endloop
  endfacet
  facet normal -0.321371 -0.946953 0
    outer loop
      vertex 28.6341 54.3665 0
      vertex 28.9376 54.2635 3.2
      vertex 28.6341 54.3665 3.2
    endloop
  endfacet
  facet normal -0.321371 -0.946953 -0
    outer loop
      vertex 28.9376 54.2635 3.2
      vertex 28.6341 54.3665 0
      vertex 28.9376 54.2635 0
    endloop
  endfacet
  facet normal -0.0655249 -0.997851 0
    outer loop
      vertex 28 54.45 0
      vertex 28.3198 54.429 3.2
      vertex 28 54.45 3.2
    endloop
  endfacet
  facet normal -0.0655249 -0.997851 -0
    outer loop
      vertex 28.3198 54.429 3.2
      vertex 28 54.45 0
      vertex 28.3198 54.429 0
    endloop
  endfacet
  facet normal 0.65941 -0.751784 0
    outer loop
      vertex 26.2676 53.7324 0
      vertex 26.5085 53.9437 3.2
      vertex 26.2676 53.7324 3.2
    endloop
  endfacet
  facet normal 0.65941 -0.751784 0
    outer loop
      vertex 26.5085 53.9437 3.2
      vertex 26.2676 53.7324 0
      vertex 26.5085 53.9437 0
    endloop
  endfacet
  facet normal -0.751784 0.65941 0
    outer loop
      vertex 29.7324 50.2676 0
      vertex 29.9437 50.5085 3.2
      vertex 29.9437 50.5085 0
    endloop
  endfacet
  facet normal -0.751784 0.65941 0
    outer loop
      vertex 29.9437 50.5085 3.2
      vertex 29.7324 50.2676 0
      vertex 29.7324 50.2676 3.2
    endloop
  endfacet
  facet normal -0.195036 0.980796 0
    outer loop
      vertex 28.6341 49.6335 0
      vertex 28.3198 49.571 3.2
      vertex 28.6341 49.6335 3.2
    endloop
  endfacet
  facet normal -0.195036 0.980796 0
    outer loop
      vertex 28.3198 49.571 3.2
      vertex 28.6341 49.6335 0
      vertex 28.3198 49.571 0
    endloop
  endfacet
  facet normal -0.831426 -0.555636 0
    outer loop
      vertex 30.1218 53.225 0
      vertex 29.9437 53.4915 3.2
      vertex 29.9437 53.4915 0
    endloop
  endfacet
  facet normal -0.831426 -0.555636 0
    outer loop
      vertex 29.9437 53.4915 3.2
      vertex 30.1218 53.225 0
      vertex 30.1218 53.225 3.2
    endloop
  endfacet
  facet normal 0.751784 -0.65941 0
    outer loop
      vertex 26.0563 53.4915 3.2
      vertex 26.2676 53.7324 0
      vertex 26.2676 53.7324 3.2
    endloop
  endfacet
  facet normal 0.751784 -0.65941 0
    outer loop
      vertex 26.2676 53.7324 0
      vertex 26.0563 53.4915 3.2
      vertex 26.0563 53.4915 0
    endloop
  endfacet
  facet normal 0.321371 0.946953 -0
    outer loop
      vertex 27.3659 49.6335 0
      vertex 27.0624 49.7365 3.2
      vertex 27.3659 49.6335 3.2
    endloop
  endfacet
  facet normal 0.321371 0.946953 0
    outer loop
      vertex 27.0624 49.7365 3.2
      vertex 27.3659 49.6335 0
      vertex 27.0624 49.7365 0
    endloop
  endfacet
  facet normal -0.321371 0.946953 0
    outer loop
      vertex 28.9376 49.7365 0
      vertex 28.6341 49.6335 3.2
      vertex 28.9376 49.7365 3.2
    endloop
  endfacet
  facet normal -0.321371 0.946953 0
    outer loop
      vertex 28.6341 49.6335 3.2
      vertex 28.9376 49.7365 0
      vertex 28.6341 49.6335 0
    endloop
  endfacet
  facet normal -0.442213 -0.89691 0
    outer loop
      vertex 28.9376 54.2635 0
      vertex 29.225 54.1218 3.2
      vertex 28.9376 54.2635 3.2
    endloop
  endfacet
  facet normal -0.442213 -0.89691 -0
    outer loop
      vertex 29.225 54.1218 3.2
      vertex 28.9376 54.2635 0
      vertex 29.225 54.1218 0
    endloop
  endfacet
  facet normal -0.555636 -0.831426 0
    outer loop
      vertex 29.225 54.1218 0
      vertex 29.4915 53.9437 3.2
      vertex 29.225 54.1218 3.2
    endloop
  endfacet
  facet normal -0.555636 -0.831426 -0
    outer loop
      vertex 29.4915 53.9437 3.2
      vertex 29.225 54.1218 0
      vertex 29.4915 53.9437 0
    endloop
  endfacet
  facet normal -0.555636 0.831426 0
    outer loop
      vertex 29.4915 50.0563 0
      vertex 29.225 49.8782 3.2
      vertex 29.4915 50.0563 3.2
    endloop
  endfacet
  facet normal -0.555636 0.831426 0
    outer loop
      vertex 29.225 49.8782 3.2
      vertex 29.4915 50.0563 0
      vertex 29.225 49.8782 0
    endloop
  endfacet
  facet normal 0.89691 -0.442213 0
    outer loop
      vertex 25.7365 52.9376 3.2
      vertex 25.8782 53.225 0
      vertex 25.8782 53.225 3.2
    endloop
  endfacet
  facet normal 0.89691 -0.442213 0
    outer loop
      vertex 25.8782 53.225 0
      vertex 25.7365 52.9376 3.2
      vertex 25.7365 52.9376 0
    endloop
  endfacet
  facet normal -0.65941 0.751784 0
    outer loop
      vertex 29.7324 50.2676 0
      vertex 29.4915 50.0563 3.2
      vertex 29.7324 50.2676 3.2
    endloop
  endfacet
  facet normal -0.65941 0.751784 0
    outer loop
      vertex 29.4915 50.0563 3.2
      vertex 29.7324 50.2676 0
      vertex 29.4915 50.0563 0
    endloop
  endfacet
  facet normal 0.195036 -0.980796 0
    outer loop
      vertex 27.3659 54.3665 0
      vertex 27.6802 54.429 3.2
      vertex 27.3659 54.3665 3.2
    endloop
  endfacet
  facet normal 0.195036 -0.980796 0
    outer loop
      vertex 27.6802 54.429 3.2
      vertex 27.3659 54.3665 0
      vertex 27.6802 54.429 0
    endloop
  endfacet
  facet normal -0.980796 0.195036 0
    outer loop
      vertex 30.3665 51.3659 0
      vertex 30.429 51.6802 3.2
      vertex 30.429 51.6802 0
    endloop
  endfacet
  facet normal -0.980796 0.195036 0
    outer loop
      vertex 30.429 51.6802 3.2
      vertex 30.3665 51.3659 0
      vertex 30.3665 51.3659 3.2
    endloop
  endfacet
  facet normal -0.997851 0.0655249 0
    outer loop
      vertex 30.429 51.6802 0
      vertex 30.45 52 3.2
      vertex 30.45 52 0
    endloop
  endfacet
  facet normal -0.997851 0.0655249 0
    outer loop
      vertex 30.45 52 3.2
      vertex 30.429 51.6802 0
      vertex 30.429 51.6802 3.2
    endloop
  endfacet
  facet normal 0.89691 0.442213 0
    outer loop
      vertex 25.8782 50.775 3.2
      vertex 25.7365 51.0624 0
      vertex 25.7365 51.0624 3.2
    endloop
  endfacet
  facet normal 0.89691 0.442213 0
    outer loop
      vertex 25.7365 51.0624 0
      vertex 25.8782 50.775 3.2
      vertex 25.8782 50.775 0
    endloop
  endfacet
  facet normal 0.980796 -0.195036 0
    outer loop
      vertex 25.571 52.3198 3.2
      vertex 25.6335 52.6341 0
      vertex 25.6335 52.6341 3.2
    endloop
  endfacet
  facet normal 0.980796 -0.195036 0
    outer loop
      vertex 25.6335 52.6341 0
      vertex 25.571 52.3198 3.2
      vertex 25.571 52.3198 0
    endloop
  endfacet
  facet normal -0.89691 -0.442213 0
    outer loop
      vertex 30.2635 52.9376 0
      vertex 30.1218 53.225 3.2
      vertex 30.1218 53.225 0
    endloop
  endfacet
  facet normal -0.89691 -0.442213 0
    outer loop
      vertex 30.1218 53.225 3.2
      vertex 30.2635 52.9376 0
      vertex 30.2635 52.9376 3.2
    endloop
  endfacet
  facet normal -0.0655249 0.997851 0
    outer loop
      vertex 28.3198 49.571 0
      vertex 28 49.55 3.2
      vertex 28.3198 49.571 3.2
    endloop
  endfacet
  facet normal -0.0655249 0.997851 0
    outer loop
      vertex 28 49.55 3.2
      vertex 28.3198 49.571 0
      vertex 28 49.55 0
    endloop
  endfacet
  facet normal -0.831426 0.555636 0
    outer loop
      vertex 29.9437 50.5085 0
      vertex 30.1218 50.775 3.2
      vertex 30.1218 50.775 0
    endloop
  endfacet
  facet normal -0.831426 0.555636 0
    outer loop
      vertex 30.1218 50.775 3.2
      vertex 29.9437 50.5085 0
      vertex 29.9437 50.5085 3.2
    endloop
  endfacet
  facet normal 0.442213 -0.89691 0
    outer loop
      vertex 26.775 54.1218 0
      vertex 27.0624 54.2635 3.2
      vertex 26.775 54.1218 3.2
    endloop
  endfacet
  facet normal 0.442213 -0.89691 0
    outer loop
      vertex 27.0624 54.2635 3.2
      vertex 26.775 54.1218 0
      vertex 27.0624 54.2635 0
    endloop
  endfacet
  facet normal 0.0655249 -0.997851 0
    outer loop
      vertex 27.6802 54.429 0
      vertex 28 54.45 3.2
      vertex 27.6802 54.429 3.2
    endloop
  endfacet
  facet normal 0.0655249 -0.997851 0
    outer loop
      vertex 28 54.45 3.2
      vertex 27.6802 54.429 0
      vertex 28 54.45 0
    endloop
  endfacet
  facet normal -0.751784 -0.65941 0
    outer loop
      vertex 29.9437 53.4915 0
      vertex 29.7324 53.7324 3.2
      vertex 29.7324 53.7324 0
    endloop
  endfacet
  facet normal -0.751784 -0.65941 0
    outer loop
      vertex 29.7324 53.7324 3.2
      vertex 29.9437 53.4915 0
      vertex 29.9437 53.4915 3.2
    endloop
  endfacet
  facet normal -0.946953 -0.321371 0
    outer loop
      vertex 30.3665 52.6341 0
      vertex 30.2635 52.9376 3.2
      vertex 30.2635 52.9376 0
    endloop
  endfacet
  facet normal -0.946953 -0.321371 0
    outer loop
      vertex 30.2635 52.9376 3.2
      vertex 30.3665 52.6341 0
      vertex 30.3665 52.6341 3.2
    endloop
  endfacet
  facet normal 0.321371 -0.946953 0
    outer loop
      vertex 27.0624 54.2635 0
      vertex 27.3659 54.3665 3.2
      vertex 27.0624 54.2635 3.2
    endloop
  endfacet
  facet normal 0.321371 -0.946953 0
    outer loop
      vertex 27.3659 54.3665 3.2
      vertex 27.0624 54.2635 0
      vertex 27.3659 54.3665 0
    endloop
  endfacet
  facet normal 0.997851 0.0655249 0
    outer loop
      vertex 25.571 51.6802 3.2
      vertex 25.55 52 0
      vertex 25.55 52 3.2
    endloop
  endfacet
  facet normal 0.997851 0.0655249 0
    outer loop
      vertex 25.55 52 0
      vertex 25.571 51.6802 3.2
      vertex 25.571 51.6802 0
    endloop
  endfacet
  facet normal 0.980796 0.195036 0
    outer loop
      vertex 25.6335 51.3659 3.2
      vertex 25.571 51.6802 0
      vertex 25.571 51.6802 3.2
    endloop
  endfacet
  facet normal 0.980796 0.195036 0
    outer loop
      vertex 25.571 51.6802 0
      vertex 25.6335 51.3659 3.2
      vertex 25.6335 51.3659 0
    endloop
  endfacet
  facet normal 0.831426 -0.555636 0
    outer loop
      vertex 25.8782 53.225 3.2
      vertex 26.0563 53.4915 0
      vertex 26.0563 53.4915 3.2
    endloop
  endfacet
  facet normal 0.831426 -0.555636 0
    outer loop
      vertex 26.0563 53.4915 0
      vertex 25.8782 53.225 3.2
      vertex 25.8782 53.225 0
    endloop
  endfacet
  facet normal 0.442213 0.89691 -0
    outer loop
      vertex 27.0624 49.7365 0
      vertex 26.775 49.8782 3.2
      vertex 27.0624 49.7365 3.2
    endloop
  endfacet
  facet normal 0.442213 0.89691 0
    outer loop
      vertex 26.775 49.8782 3.2
      vertex 27.0624 49.7365 0
      vertex 26.775 49.8782 0
    endloop
  endfacet
  facet normal 0.195036 0.980796 -0
    outer loop
      vertex 27.6802 49.571 0
      vertex 27.3659 49.6335 3.2
      vertex 27.6802 49.571 3.2
    endloop
  endfacet
  facet normal 0.195036 0.980796 0
    outer loop
      vertex 27.3659 49.6335 3.2
      vertex 27.6802 49.571 0
      vertex 27.3659 49.6335 0
    endloop
  endfacet
  facet normal 0.946953 -0.321371 0
    outer loop
      vertex 25.6335 52.6341 3.2
      vertex 25.7365 52.9376 0
      vertex 25.7365 52.9376 3.2
    endloop
  endfacet
  facet normal 0.946953 -0.321371 0
    outer loop
      vertex 25.7365 52.9376 0
      vertex 25.6335 52.6341 3.2
      vertex 25.6335 52.6341 0
    endloop
  endfacet
  facet normal 0.751784 0.65941 0
    outer loop
      vertex 26.2676 50.2676 3.2
      vertex 26.0563 50.5085 0
      vertex 26.0563 50.5085 3.2
    endloop
  endfacet
  facet normal 0.751784 0.65941 0
    outer loop
      vertex 26.0563 50.5085 0
      vertex 26.2676 50.2676 3.2
      vertex 26.2676 50.2676 0
    endloop
  endfacet
  facet normal 0.997851 -0.0655249 0
    outer loop
      vertex 25.55 52 3.2
      vertex 25.571 52.3198 0
      vertex 25.571 52.3198 3.2
    endloop
  endfacet
  facet normal 0.997851 -0.0655249 0
    outer loop
      vertex 25.571 52.3198 0
      vertex 25.55 52 3.2
      vertex 25.55 52 0
    endloop
  endfacet
  facet normal -0.195036 -0.980796 0
    outer loop
      vertex 28.3198 54.429 0
      vertex 28.6341 54.3665 3.2
      vertex 28.3198 54.429 3.2
    endloop
  endfacet
  facet normal -0.195036 -0.980796 -0
    outer loop
      vertex 28.6341 54.3665 3.2
      vertex 28.3198 54.429 0
      vertex 28.6341 54.3665 0
    endloop
  endfacet
  facet normal 0.0655249 0.997851 -0
    outer loop
      vertex 28 49.55 0
      vertex 27.6802 49.571 3.2
      vertex 28 49.55 3.2
    endloop
  endfacet
  facet normal 0.0655249 0.997851 0
    outer loop
      vertex 27.6802 49.571 3.2
      vertex 28 49.55 0
      vertex 27.6802 49.571 0
    endloop
  endfacet
  facet normal 0.65941 0.751784 -0
    outer loop
      vertex 26.5085 50.0563 0
      vertex 26.2676 50.2676 3.2
      vertex 26.5085 50.0563 3.2
    endloop
  endfacet
  facet normal 0.65941 0.751784 0
    outer loop
      vertex 26.2676 50.2676 3.2
      vertex 26.5085 50.0563 0
      vertex 26.2676 50.2676 0
    endloop
  endfacet
  facet normal 0.831397 0.555679 0
    outer loop
      vertex 34.0563 2.50853 3.2
      vertex 33.8782 2.775 0
      vertex 33.8782 2.775 3.2
    endloop
  endfacet
  facet normal 0.831397 0.555679 0
    outer loop
      vertex 33.8782 2.775 0
      vertex 34.0563 2.50853 3.2
      vertex 34.0563 2.50853 0
    endloop
  endfacet
  facet normal -0.980798 -0.195024 0
    outer loop
      vertex 38.429 4.31979 0
      vertex 38.3665 4.63411 3.2
      vertex 38.3665 4.63411 0
    endloop
  endfacet
  facet normal -0.980798 -0.195024 0
    outer loop
      vertex 38.3665 4.63411 3.2
      vertex 38.429 4.31979 0
      vertex 38.429 4.31979 3.2
    endloop
  endfacet
  facet normal -0.997851 -0.065527 0
    outer loop
      vertex 38.45 4 0
      vertex 38.429 4.31979 3.2
      vertex 38.429 4.31979 0
    endloop
  endfacet
  facet normal -0.997851 -0.065527 0
    outer loop
      vertex 38.429 4.31979 3.2
      vertex 38.45 4 0
      vertex 38.45 4 3.2
    endloop
  endfacet
  facet normal -0.442314 0.89686 0
    outer loop
      vertex 37.225 1.87824 0
      vertex 36.9376 1.7365 3.2
      vertex 37.225 1.87824 3.2
    endloop
  endfacet
  facet normal -0.442314 0.89686 0
    outer loop
      vertex 36.9376 1.7365 3.2
      vertex 37.225 1.87824 0
      vertex 36.9376 1.7365 0
    endloop
  endfacet
  facet normal 0.555506 0.831512 -0
    outer loop
      vertex 34.775 1.87824 0
      vertex 34.5085 2.05628 3.2
      vertex 34.775 1.87824 3.2
    endloop
  endfacet
  facet normal 0.555506 0.831512 0
    outer loop
      vertex 34.5085 2.05628 3.2
      vertex 34.775 1.87824 0
      vertex 34.5085 2.05628 0
    endloop
  endfacet
  facet normal -0.659428 -0.751768 0
    outer loop
      vertex 37.4915 5.94372 0
      vertex 37.7324 5.73241 3.2
      vertex 37.4915 5.94372 3.2
    endloop
  endfacet
  facet normal -0.659428 -0.751768 -0
    outer loop
      vertex 37.7324 5.73241 3.2
      vertex 37.4915 5.94372 0
      vertex 37.7324 5.73241 0
    endloop
  endfacet
  facet normal -0.896922 0.442189 0
    outer loop
      vertex 38.1218 2.775 0
      vertex 38.2635 3.06242 3.2
      vertex 38.2635 3.06242 0
    endloop
  endfacet
  facet normal -0.896922 0.442189 0
    outer loop
      vertex 38.2635 3.06242 3.2
      vertex 38.1218 2.775 0
      vertex 38.1218 2.775 3.2
    endloop
  endfacet
  facet normal 0.946944 0.3214 0
    outer loop
      vertex 33.7365 3.06242 3.2
      vertex 33.6335 3.36589 0
      vertex 33.6335 3.36589 3.2
    endloop
  endfacet
  facet normal 0.946944 0.3214 0
    outer loop
      vertex 33.6335 3.36589 0
      vertex 33.7365 3.06242 3.2
      vertex 33.7365 3.06242 0
    endloop
  endfacet
  facet normal 0.0654006 -0.997859 0
    outer loop
      vertex 35.6802 6.42904 0
      vertex 36 6.45 3.2
      vertex 35.6802 6.42904 3.2
    endloop
  endfacet
  facet normal 0.0654006 -0.997859 0
    outer loop
      vertex 36 6.45 3.2
      vertex 35.6802 6.42904 0
      vertex 36 6.45 0
    endloop
  endfacet
  facet normal 0.555506 -0.831512 0
    outer loop
      vertex 34.5085 5.94372 0
      vertex 34.775 6.12176 3.2
      vertex 34.5085 5.94372 3.2
    endloop
  endfacet
  facet normal 0.555506 -0.831512 0
    outer loop
      vertex 34.775 6.12176 3.2
      vertex 34.5085 5.94372 0
      vertex 34.775 6.12176 0
    endloop
  endfacet
  facet normal -0.946944 0.3214 0
    outer loop
      vertex 38.2635 3.06242 0
      vertex 38.3665 3.36589 3.2
      vertex 38.3665 3.36589 0
    endloop
  endfacet
  facet normal -0.946944 0.3214 0
    outer loop
      vertex 38.3665 3.36589 3.2
      vertex 38.2635 3.06242 0
      vertex 38.2635 3.06242 3.2
    endloop
  endfacet
  facet normal -0.321427 -0.946934 0
    outer loop
      vertex 36.6341 6.36652 0
      vertex 36.9376 6.2635 3.2
      vertex 36.6341 6.36652 3.2
    endloop
  endfacet
  facet normal -0.321427 -0.946934 -0
    outer loop
      vertex 36.9376 6.2635 3.2
      vertex 36.6341 6.36652 0
      vertex 36.9376 6.2635 0
    endloop
  endfacet
  facet normal -0.0654006 -0.997859 0
    outer loop
      vertex 36 6.45 0
      vertex 36.3198 6.42904 3.2
      vertex 36 6.45 3.2
    endloop
  endfacet
  facet normal -0.0654006 -0.997859 -0
    outer loop
      vertex 36.3198 6.42904 3.2
      vertex 36 6.45 0
      vertex 36.3198 6.42904 0
    endloop
  endfacet
  facet normal 0.659428 -0.751768 0
    outer loop
      vertex 34.2676 5.73241 0
      vertex 34.5085 5.94372 3.2
      vertex 34.2676 5.73241 3.2
    endloop
  endfacet
  facet normal 0.659428 -0.751768 0
    outer loop
      vertex 34.5085 5.94372 3.2
      vertex 34.2676 5.73241 0
      vertex 34.5085 5.94372 0
    endloop
  endfacet
  facet normal -0.751838 0.659348 0
    outer loop
      vertex 37.7324 2.26759 0
      vertex 37.9437 2.50853 3.2
      vertex 37.9437 2.50853 0
    endloop
  endfacet
  facet normal -0.751838 0.659348 0
    outer loop
      vertex 37.9437 2.50853 3.2
      vertex 37.7324 2.26759 0
      vertex 37.7324 2.26759 3.2
    endloop
  endfacet
  facet normal -0.195096 0.980784 0
    outer loop
      vertex 36.6341 1.63348 0
      vertex 36.3198 1.57096 3.2
      vertex 36.6341 1.63348 3.2
    endloop
  endfacet
  facet normal -0.195096 0.980784 0
    outer loop
      vertex 36.3198 1.57096 3.2
      vertex 36.6341 1.63348 0
      vertex 36.3198 1.57096 0
    endloop
  endfacet
  facet normal -0.831387 -0.555693 0
    outer loop
      vertex 38.1218 5.225 0
      vertex 37.9437 5.49146 3.2
      vertex 37.9437 5.49146 0
    endloop
  endfacet
  facet normal -0.831387 -0.555693 0
    outer loop
      vertex 37.9437 5.49146 3.2
      vertex 38.1218 5.225 0
      vertex 38.1218 5.225 3.2
    endloop
  endfacet
  facet normal 0.751851 -0.659333 0
    outer loop
      vertex 34.0563 5.49146 3.2
      vertex 34.2676 5.73241 0
      vertex 34.2676 5.73241 3.2
    endloop
  endfacet
  facet normal 0.751851 -0.659333 0
    outer loop
      vertex 34.2676 5.73241 0
      vertex 34.0563 5.49146 3.2
      vertex 34.0563 5.49146 0
    endloop
  endfacet
  facet normal 0.321427 0.946934 -0
    outer loop
      vertex 35.3659 1.63348 0
      vertex 35.0624 1.7365 3.2
      vertex 35.3659 1.63348 3.2
    endloop
  endfacet
  facet normal 0.321427 0.946934 0
    outer loop
      vertex 35.0624 1.7365 3.2
      vertex 35.3659 1.63348 0
      vertex 35.0624 1.7365 0
    endloop
  endfacet
  facet normal -0.195096 -0.980784 0
    outer loop
      vertex 36.3198 6.42904 0
      vertex 36.6341 6.36652 3.2
      vertex 36.3198 6.42904 3.2
    endloop
  endfacet
  facet normal -0.195096 -0.980784 -0
    outer loop
      vertex 36.6341 6.36652 3.2
      vertex 36.3198 6.42904 0
      vertex 36.6341 6.36652 0
    endloop
  endfacet
  facet normal -0.321427 0.946934 0
    outer loop
      vertex 36.9376 1.7365 0
      vertex 36.6341 1.63348 3.2
      vertex 36.9376 1.7365 3.2
    endloop
  endfacet
  facet normal -0.321427 0.946934 0
    outer loop
      vertex 36.6341 1.63348 3.2
      vertex 36.9376 1.7365 0
      vertex 36.6341 1.63348 0
    endloop
  endfacet
  facet normal -0.442314 -0.89686 0
    outer loop
      vertex 36.9376 6.2635 0
      vertex 37.225 6.12176 3.2
      vertex 36.9376 6.2635 3.2
    endloop
  endfacet
  facet normal -0.442314 -0.89686 -0
    outer loop
      vertex 37.225 6.12176 3.2
      vertex 36.9376 6.2635 0
      vertex 37.225 6.12176 0
    endloop
  endfacet
  facet normal -0.555506 -0.831512 0
    outer loop
      vertex 37.225 6.12176 0
      vertex 37.4915 5.94372 3.2
      vertex 37.225 6.12176 3.2
    endloop
  endfacet
  facet normal -0.555506 -0.831512 -0
    outer loop
      vertex 37.4915 5.94372 3.2
      vertex 37.225 6.12176 0
      vertex 37.4915 5.94372 0
    endloop
  endfacet
  facet normal -0.555506 0.831512 0
    outer loop
      vertex 37.4915 2.05628 0
      vertex 37.225 1.87824 3.2
      vertex 37.4915 2.05628 3.2
    endloop
  endfacet
  facet normal -0.555506 0.831512 0
    outer loop
      vertex 37.225 1.87824 3.2
      vertex 37.4915 2.05628 0
      vertex 37.225 1.87824 0
    endloop
  endfacet
  facet normal 0.896928 -0.442176 0
    outer loop
      vertex 33.7365 4.93757 3.2
      vertex 33.8782 5.225 0
      vertex 33.8782 5.225 3.2
    endloop
  endfacet
  facet normal 0.896928 -0.442176 0
    outer loop
      vertex 33.8782 5.225 0
      vertex 33.7365 4.93757 3.2
      vertex 33.7365 4.93757 0
    endloop
  endfacet
  facet normal 0.997851 -0.065527 0
    outer loop
      vertex 33.55 4 3.2
      vertex 33.571 4.31979 0
      vertex 33.571 4.31979 3.2
    endloop
  endfacet
  facet normal 0.997851 -0.065527 0
    outer loop
      vertex 33.571 4.31979 0
      vertex 33.55 4 3.2
      vertex 33.55 4 0
    endloop
  endfacet
  facet normal -0.659428 0.751768 0
    outer loop
      vertex 37.7324 2.26759 0
      vertex 37.4915 2.05628 3.2
      vertex 37.7324 2.26759 3.2
    endloop
  endfacet
  facet normal -0.659428 0.751768 0
    outer loop
      vertex 37.4915 2.05628 3.2
      vertex 37.7324 2.26759 0
      vertex 37.4915 2.05628 0
    endloop
  endfacet
  facet normal 0.195096 -0.980784 0
    outer loop
      vertex 35.3659 6.36652 0
      vertex 35.6802 6.42904 3.2
      vertex 35.3659 6.36652 3.2
    endloop
  endfacet
  facet normal 0.195096 -0.980784 0
    outer loop
      vertex 35.6802 6.42904 3.2
      vertex 35.3659 6.36652 0
      vertex 35.6802 6.42904 0
    endloop
  endfacet
  facet normal -0.980798 0.195024 0
    outer loop
      vertex 38.3665 3.36589 0
      vertex 38.429 3.68021 3.2
      vertex 38.429 3.68021 0
    endloop
  endfacet
  facet normal -0.980798 0.195024 0
    outer loop
      vertex 38.429 3.68021 3.2
      vertex 38.3665 3.36589 0
      vertex 38.3665 3.36589 3.2
    endloop
  endfacet
  facet normal -0.997851 0.065527 0
    outer loop
      vertex 38.429 3.68021 0
      vertex 38.45 4 3.2
      vertex 38.45 4 0
    endloop
  endfacet
  facet normal -0.997851 0.065527 0
    outer loop
      vertex 38.45 4 3.2
      vertex 38.429 3.68021 0
      vertex 38.429 3.68021 3.2
    endloop
  endfacet
  facet normal 0.896922 0.442189 0
    outer loop
      vertex 33.8782 2.775 3.2
      vertex 33.7365 3.06242 0
      vertex 33.7365 3.06242 3.2
    endloop
  endfacet
  facet normal 0.896922 0.442189 0
    outer loop
      vertex 33.7365 3.06242 0
      vertex 33.8782 2.775 3.2
      vertex 33.8782 2.775 0
    endloop
  endfacet
  facet normal 0.980798 -0.195024 0
    outer loop
      vertex 33.571 4.31979 3.2
      vertex 33.6335 4.63411 0
      vertex 33.6335 4.63411 3.2
    endloop
  endfacet
  facet normal 0.980798 -0.195024 0
    outer loop
      vertex 33.6335 4.63411 0
      vertex 33.571 4.31979 3.2
      vertex 33.571 4.31979 0
    endloop
  endfacet
  facet normal -0.896928 -0.442176 0
    outer loop
      vertex 38.2635 4.93757 0
      vertex 38.1218 5.225 3.2
      vertex 38.1218 5.225 0
    endloop
  endfacet
  facet normal -0.896928 -0.442176 0
    outer loop
      vertex 38.1218 5.225 3.2
      vertex 38.2635 4.93757 0
      vertex 38.2635 4.93757 3.2
    endloop
  endfacet
  facet normal -0.0654006 0.997859 0
    outer loop
      vertex 36.3198 1.57096 0
      vertex 36 1.55 3.2
      vertex 36.3198 1.57096 3.2
    endloop
  endfacet
  facet normal -0.0654006 0.997859 0
    outer loop
      vertex 36 1.55 3.2
      vertex 36.3198 1.57096 0
      vertex 36 1.55 0
    endloop
  endfacet
  facet normal -0.831397 0.555679 0
    outer loop
      vertex 37.9437 2.50853 0
      vertex 38.1218 2.775 3.2
      vertex 38.1218 2.775 0
    endloop
  endfacet
  facet normal -0.831397 0.555679 0
    outer loop
      vertex 38.1218 2.775 3.2
      vertex 37.9437 2.50853 0
      vertex 37.9437 2.50853 3.2
    endloop
  endfacet
  facet normal 0.442314 -0.89686 0
    outer loop
      vertex 34.775 6.12176 0
      vertex 35.0624 6.2635 3.2
      vertex 34.775 6.12176 3.2
    endloop
  endfacet
  facet normal 0.442314 -0.89686 0
    outer loop
      vertex 35.0624 6.2635 3.2
      vertex 34.775 6.12176 0
      vertex 35.0624 6.2635 0
    endloop
  endfacet
  facet normal -0.751851 -0.659333 0
    outer loop
      vertex 37.9437 5.49146 0
      vertex 37.7324 5.73241 3.2
      vertex 37.7324 5.73241 0
    endloop
  endfacet
  facet normal -0.751851 -0.659333 0
    outer loop
      vertex 37.7324 5.73241 3.2
      vertex 37.9437 5.49146 0
      vertex 37.9437 5.49146 3.2
    endloop
  endfacet
  facet normal -0.94694 -0.321409 0
    outer loop
      vertex 38.3665 4.63411 0
      vertex 38.2635 4.93757 3.2
      vertex 38.2635 4.93757 0
    endloop
  endfacet
  facet normal -0.94694 -0.321409 0
    outer loop
      vertex 38.2635 4.93757 3.2
      vertex 38.3665 4.63411 0
      vertex 38.3665 4.63411 3.2
    endloop
  endfacet
  facet normal 0.321427 -0.946934 0
    outer loop
      vertex 35.0624 6.2635 0
      vertex 35.3659 6.36652 3.2
      vertex 35.0624 6.2635 3.2
    endloop
  endfacet
  facet normal 0.321427 -0.946934 0
    outer loop
      vertex 35.3659 6.36652 3.2
      vertex 35.0624 6.2635 0
      vertex 35.3659 6.36652 0
    endloop
  endfacet
  facet normal 0.997851 0.065527 0
    outer loop
      vertex 33.571 3.68021 3.2
      vertex 33.55 4 0
      vertex 33.55 4 3.2
    endloop
  endfacet
  facet normal 0.997851 0.065527 0
    outer loop
      vertex 33.55 4 0
      vertex 33.571 3.68021 3.2
      vertex 33.571 3.68021 0
    endloop
  endfacet
  facet normal 0.980798 0.195024 0
    outer loop
      vertex 33.6335 3.36589 3.2
      vertex 33.571 3.68021 0
      vertex 33.571 3.68021 3.2
    endloop
  endfacet
  facet normal 0.980798 0.195024 0
    outer loop
      vertex 33.571 3.68021 0
      vertex 33.6335 3.36589 3.2
      vertex 33.6335 3.36589 0
    endloop
  endfacet
  facet normal 0.831387 -0.555693 0
    outer loop
      vertex 33.8782 5.225 3.2
      vertex 34.0563 5.49146 0
      vertex 34.0563 5.49146 3.2
    endloop
  endfacet
  facet normal 0.831387 -0.555693 0
    outer loop
      vertex 34.0563 5.49146 0
      vertex 33.8782 5.225 3.2
      vertex 33.8782 5.225 0
    endloop
  endfacet
  facet normal 0.442314 0.89686 -0
    outer loop
      vertex 35.0624 1.7365 0
      vertex 34.775 1.87824 3.2
      vertex 35.0624 1.7365 3.2
    endloop
  endfacet
  facet normal 0.442314 0.89686 0
    outer loop
      vertex 34.775 1.87824 3.2
      vertex 35.0624 1.7365 0
      vertex 34.775 1.87824 0
    endloop
  endfacet
  facet normal 0.195096 0.980784 -0
    outer loop
      vertex 35.6802 1.57096 0
      vertex 35.3659 1.63348 3.2
      vertex 35.6802 1.57096 3.2
    endloop
  endfacet
  facet normal 0.195096 0.980784 0
    outer loop
      vertex 35.3659 1.63348 3.2
      vertex 35.6802 1.57096 0
      vertex 35.3659 1.63348 0
    endloop
  endfacet
  facet normal 0.94694 -0.321409 0
    outer loop
      vertex 33.6335 4.63411 3.2
      vertex 33.7365 4.93757 0
      vertex 33.7365 4.93757 3.2
    endloop
  endfacet
  facet normal 0.94694 -0.321409 0
    outer loop
      vertex 33.7365 4.93757 0
      vertex 33.6335 4.63411 3.2
      vertex 33.6335 4.63411 0
    endloop
  endfacet
  facet normal 0.751838 0.659348 0
    outer loop
      vertex 34.2676 2.26759 3.2
      vertex 34.0563 2.50853 0
      vertex 34.0563 2.50853 3.2
    endloop
  endfacet
  facet normal 0.751838 0.659348 0
    outer loop
      vertex 34.0563 2.50853 0
      vertex 34.2676 2.26759 3.2
      vertex 34.2676 2.26759 0
    endloop
  endfacet
  facet normal 0.0654006 0.997859 -0
    outer loop
      vertex 36 1.55 0
      vertex 35.6802 1.57096 3.2
      vertex 36 1.55 3.2
    endloop
  endfacet
  facet normal 0.0654006 0.997859 0
    outer loop
      vertex 35.6802 1.57096 3.2
      vertex 36 1.55 0
      vertex 35.6802 1.57096 0
    endloop
  endfacet
  facet normal 0.659428 0.751768 -0
    outer loop
      vertex 34.5085 2.05628 0
      vertex 34.2676 2.26759 3.2
      vertex 34.5085 2.05628 3.2
    endloop
  endfacet
  facet normal 0.659428 0.751768 0
    outer loop
      vertex 34.2676 2.26759 3.2
      vertex 34.5085 2.05628 0
      vertex 34.2676 2.26759 0
    endloop
  endfacet
  facet normal 0.831426 0.555636 0
    outer loop
      vertex 34.0563 50.5085 3.2
      vertex 33.8782 50.775 0
      vertex 33.8782 50.775 3.2
    endloop
  endfacet
  facet normal 0.831426 0.555636 0
    outer loop
      vertex 33.8782 50.775 0
      vertex 34.0563 50.5085 3.2
      vertex 34.0563 50.5085 0
    endloop
  endfacet
  facet normal -0.980796 -0.195036 0
    outer loop
      vertex 38.429 52.3198 0
      vertex 38.3665 52.6341 3.2
      vertex 38.3665 52.6341 0
    endloop
  endfacet
  facet normal -0.980796 -0.195036 0
    outer loop
      vertex 38.3665 52.6341 3.2
      vertex 38.429 52.3198 0
      vertex 38.429 52.3198 3.2
    endloop
  endfacet
  facet normal -0.997851 -0.0655249 0
    outer loop
      vertex 38.45 52 0
      vertex 38.429 52.3198 3.2
      vertex 38.429 52.3198 0
    endloop
  endfacet
  facet normal -0.997851 -0.0655249 0
    outer loop
      vertex 38.429 52.3198 3.2
      vertex 38.45 52 0
      vertex 38.45 52 3.2
    endloop
  endfacet
  facet normal -0.442213 0.89691 0
    outer loop
      vertex 37.225 49.8782 0
      vertex 36.9376 49.7365 3.2
      vertex 37.225 49.8782 3.2
    endloop
  endfacet
  facet normal -0.442213 0.89691 0
    outer loop
      vertex 36.9376 49.7365 3.2
      vertex 37.225 49.8782 0
      vertex 36.9376 49.7365 0
    endloop
  endfacet
  facet normal 0.555636 0.831426 -0
    outer loop
      vertex 34.775 49.8782 0
      vertex 34.5085 50.0563 3.2
      vertex 34.775 49.8782 3.2
    endloop
  endfacet
  facet normal 0.555636 0.831426 0
    outer loop
      vertex 34.5085 50.0563 3.2
      vertex 34.775 49.8782 0
      vertex 34.5085 50.0563 0
    endloop
  endfacet
  facet normal -0.65941 -0.751784 0
    outer loop
      vertex 37.4915 53.9437 0
      vertex 37.7324 53.7324 3.2
      vertex 37.4915 53.9437 3.2
    endloop
  endfacet
  facet normal -0.65941 -0.751784 -0
    outer loop
      vertex 37.7324 53.7324 3.2
      vertex 37.4915 53.9437 0
      vertex 37.7324 53.7324 0
    endloop
  endfacet
  facet normal -0.89691 0.442213 0
    outer loop
      vertex 38.1218 50.775 0
      vertex 38.2635 51.0624 3.2
      vertex 38.2635 51.0624 0
    endloop
  endfacet
  facet normal -0.89691 0.442213 0
    outer loop
      vertex 38.2635 51.0624 3.2
      vertex 38.1218 50.775 0
      vertex 38.1218 50.775 3.2
    endloop
  endfacet
  facet normal 0.946953 0.321371 0
    outer loop
      vertex 33.7365 51.0624 3.2
      vertex 33.6335 51.3659 0
      vertex 33.6335 51.3659 3.2
    endloop
  endfacet
  facet normal 0.946953 0.321371 0
    outer loop
      vertex 33.6335 51.3659 0
      vertex 33.7365 51.0624 3.2
      vertex 33.7365 51.0624 0
    endloop
  endfacet
  facet normal 0.555636 -0.831426 0
    outer loop
      vertex 34.5085 53.9437 0
      vertex 34.775 54.1218 3.2
      vertex 34.5085 53.9437 3.2
    endloop
  endfacet
  facet normal 0.555636 -0.831426 0
    outer loop
      vertex 34.775 54.1218 3.2
      vertex 34.5085 53.9437 0
      vertex 34.775 54.1218 0
    endloop
  endfacet
  facet normal -0.946953 0.321371 0
    outer loop
      vertex 38.2635 51.0624 0
      vertex 38.3665 51.3659 3.2
      vertex 38.3665 51.3659 0
    endloop
  endfacet
  facet normal -0.946953 0.321371 0
    outer loop
      vertex 38.3665 51.3659 3.2
      vertex 38.2635 51.0624 0
      vertex 38.2635 51.0624 3.2
    endloop
  endfacet
  facet normal -0.321371 -0.946953 0
    outer loop
      vertex 36.6341 54.3665 0
      vertex 36.9376 54.2635 3.2
      vertex 36.6341 54.3665 3.2
    endloop
  endfacet
  facet normal -0.321371 -0.946953 -0
    outer loop
      vertex 36.9376 54.2635 3.2
      vertex 36.6341 54.3665 0
      vertex 36.9376 54.2635 0
    endloop
  endfacet
  facet normal -0.0655249 -0.997851 0
    outer loop
      vertex 36 54.45 0
      vertex 36.3198 54.429 3.2
      vertex 36 54.45 3.2
    endloop
  endfacet
  facet normal -0.0655249 -0.997851 -0
    outer loop
      vertex 36.3198 54.429 3.2
      vertex 36 54.45 0
      vertex 36.3198 54.429 0
    endloop
  endfacet
  facet normal 0.65941 -0.751784 0
    outer loop
      vertex 34.2676 53.7324 0
      vertex 34.5085 53.9437 3.2
      vertex 34.2676 53.7324 3.2
    endloop
  endfacet
  facet normal 0.65941 -0.751784 0
    outer loop
      vertex 34.5085 53.9437 3.2
      vertex 34.2676 53.7324 0
      vertex 34.5085 53.9437 0
    endloop
  endfacet
  facet normal -0.751784 0.65941 0
    outer loop
      vertex 37.7324 50.2676 0
      vertex 37.9437 50.5085 3.2
      vertex 37.9437 50.5085 0
    endloop
  endfacet
  facet normal -0.751784 0.65941 0
    outer loop
      vertex 37.9437 50.5085 3.2
      vertex 37.7324 50.2676 0
      vertex 37.7324 50.2676 3.2
    endloop
  endfacet
  facet normal -0.195036 0.980796 0
    outer loop
      vertex 36.6341 49.6335 0
      vertex 36.3198 49.571 3.2
      vertex 36.6341 49.6335 3.2
    endloop
  endfacet
  facet normal -0.195036 0.980796 0
    outer loop
      vertex 36.3198 49.571 3.2
      vertex 36.6341 49.6335 0
      vertex 36.3198 49.571 0
    endloop
  endfacet
  facet normal -0.831426 -0.555636 0
    outer loop
      vertex 38.1218 53.225 0
      vertex 37.9437 53.4915 3.2
      vertex 37.9437 53.4915 0
    endloop
  endfacet
  facet normal -0.831426 -0.555636 0
    outer loop
      vertex 37.9437 53.4915 3.2
      vertex 38.1218 53.225 0
      vertex 38.1218 53.225 3.2
    endloop
  endfacet
  facet normal 0.751784 -0.65941 0
    outer loop
      vertex 34.0563 53.4915 3.2
      vertex 34.2676 53.7324 0
      vertex 34.2676 53.7324 3.2
    endloop
  endfacet
  facet normal 0.751784 -0.65941 0
    outer loop
      vertex 34.2676 53.7324 0
      vertex 34.0563 53.4915 3.2
      vertex 34.0563 53.4915 0
    endloop
  endfacet
  facet normal 0.321371 0.946953 -0
    outer loop
      vertex 35.3659 49.6335 0
      vertex 35.0624 49.7365 3.2
      vertex 35.3659 49.6335 3.2
    endloop
  endfacet
  facet normal 0.321371 0.946953 0
    outer loop
      vertex 35.0624 49.7365 3.2
      vertex 35.3659 49.6335 0
      vertex 35.0624 49.7365 0
    endloop
  endfacet
  facet normal -0.195036 -0.980796 0
    outer loop
      vertex 36.3198 54.429 0
      vertex 36.6341 54.3665 3.2
      vertex 36.3198 54.429 3.2
    endloop
  endfacet
  facet normal -0.195036 -0.980796 -0
    outer loop
      vertex 36.6341 54.3665 3.2
      vertex 36.3198 54.429 0
      vertex 36.6341 54.3665 0
    endloop
  endfacet
  facet normal -0.321371 0.946953 0
    outer loop
      vertex 36.9376 49.7365 0
      vertex 36.6341 49.6335 3.2
      vertex 36.9376 49.7365 3.2
    endloop
  endfacet
  facet normal -0.321371 0.946953 0
    outer loop
      vertex 36.6341 49.6335 3.2
      vertex 36.9376 49.7365 0
      vertex 36.6341 49.6335 0
    endloop
  endfacet
  facet normal -0.442213 -0.89691 0
    outer loop
      vertex 36.9376 54.2635 0
      vertex 37.225 54.1218 3.2
      vertex 36.9376 54.2635 3.2
    endloop
  endfacet
  facet normal -0.442213 -0.89691 -0
    outer loop
      vertex 37.225 54.1218 3.2
      vertex 36.9376 54.2635 0
      vertex 37.225 54.1218 0
    endloop
  endfacet
  facet normal -0.555636 -0.831426 0
    outer loop
      vertex 37.225 54.1218 0
      vertex 37.4915 53.9437 3.2
      vertex 37.225 54.1218 3.2
    endloop
  endfacet
  facet normal -0.555636 -0.831426 -0
    outer loop
      vertex 37.4915 53.9437 3.2
      vertex 37.225 54.1218 0
      vertex 37.4915 53.9437 0
    endloop
  endfacet
  facet normal -0.555636 0.831426 0
    outer loop
      vertex 37.4915 50.0563 0
      vertex 37.225 49.8782 3.2
      vertex 37.4915 50.0563 3.2
    endloop
  endfacet
  facet normal -0.555636 0.831426 0
    outer loop
      vertex 37.225 49.8782 3.2
      vertex 37.4915 50.0563 0
      vertex 37.225 49.8782 0
    endloop
  endfacet
  facet normal 0.89691 -0.442213 0
    outer loop
      vertex 33.7365 52.9376 3.2
      vertex 33.8782 53.225 0
      vertex 33.8782 53.225 3.2
    endloop
  endfacet
  facet normal 0.89691 -0.442213 0
    outer loop
      vertex 33.8782 53.225 0
      vertex 33.7365 52.9376 3.2
      vertex 33.7365 52.9376 0
    endloop
  endfacet
  facet normal 0.997851 -0.0655249 0
    outer loop
      vertex 33.55 52 3.2
      vertex 33.571 52.3198 0
      vertex 33.571 52.3198 3.2
    endloop
  endfacet
  facet normal 0.997851 -0.0655249 0
    outer loop
      vertex 33.571 52.3198 0
      vertex 33.55 52 3.2
      vertex 33.55 52 0
    endloop
  endfacet
  facet normal -0.65941 0.751784 0
    outer loop
      vertex 37.7324 50.2676 0
      vertex 37.4915 50.0563 3.2
      vertex 37.7324 50.2676 3.2
    endloop
  endfacet
  facet normal -0.65941 0.751784 0
    outer loop
      vertex 37.4915 50.0563 3.2
      vertex 37.7324 50.2676 0
      vertex 37.4915 50.0563 0
    endloop
  endfacet
  facet normal 0.195036 -0.980796 0
    outer loop
      vertex 35.3659 54.3665 0
      vertex 35.6802 54.429 3.2
      vertex 35.3659 54.3665 3.2
    endloop
  endfacet
  facet normal 0.195036 -0.980796 0
    outer loop
      vertex 35.6802 54.429 3.2
      vertex 35.3659 54.3665 0
      vertex 35.6802 54.429 0
    endloop
  endfacet
  facet normal -0.980796 0.195036 0
    outer loop
      vertex 38.3665 51.3659 0
      vertex 38.429 51.6802 3.2
      vertex 38.429 51.6802 0
    endloop
  endfacet
  facet normal -0.980796 0.195036 0
    outer loop
      vertex 38.429 51.6802 3.2
      vertex 38.3665 51.3659 0
      vertex 38.3665 51.3659 3.2
    endloop
  endfacet
  facet normal -0.997851 0.0655249 0
    outer loop
      vertex 38.429 51.6802 0
      vertex 38.45 52 3.2
      vertex 38.45 52 0
    endloop
  endfacet
  facet normal -0.997851 0.0655249 0
    outer loop
      vertex 38.45 52 3.2
      vertex 38.429 51.6802 0
      vertex 38.429 51.6802 3.2
    endloop
  endfacet
  facet normal 0.89691 0.442213 0
    outer loop
      vertex 33.8782 50.775 3.2
      vertex 33.7365 51.0624 0
      vertex 33.7365 51.0624 3.2
    endloop
  endfacet
  facet normal 0.89691 0.442213 0
    outer loop
      vertex 33.7365 51.0624 0
      vertex 33.8782 50.775 3.2
      vertex 33.8782 50.775 0
    endloop
  endfacet
  facet normal 0.980796 -0.195036 0
    outer loop
      vertex 33.571 52.3198 3.2
      vertex 33.6335 52.6341 0
      vertex 33.6335 52.6341 3.2
    endloop
  endfacet
  facet normal 0.980796 -0.195036 0
    outer loop
      vertex 33.6335 52.6341 0
      vertex 33.571 52.3198 3.2
      vertex 33.571 52.3198 0
    endloop
  endfacet
  facet normal -0.89691 -0.442213 0
    outer loop
      vertex 38.2635 52.9376 0
      vertex 38.1218 53.225 3.2
      vertex 38.1218 53.225 0
    endloop
  endfacet
  facet normal -0.89691 -0.442213 0
    outer loop
      vertex 38.1218 53.225 3.2
      vertex 38.2635 52.9376 0
      vertex 38.2635 52.9376 3.2
    endloop
  endfacet
  facet normal -0.0655249 0.997851 0
    outer loop
      vertex 36.3198 49.571 0
      vertex 36 49.55 3.2
      vertex 36.3198 49.571 3.2
    endloop
  endfacet
  facet normal -0.0655249 0.997851 0
    outer loop
      vertex 36 49.55 3.2
      vertex 36.3198 49.571 0
      vertex 36 49.55 0
    endloop
  endfacet
  facet normal -0.831426 0.555636 0
    outer loop
      vertex 37.9437 50.5085 0
      vertex 38.1218 50.775 3.2
      vertex 38.1218 50.775 0
    endloop
  endfacet
  facet normal -0.831426 0.555636 0
    outer loop
      vertex 38.1218 50.775 3.2
      vertex 37.9437 50.5085 0
      vertex 37.9437 50.5085 3.2
    endloop
  endfacet
  facet normal 0.442213 -0.89691 0
    outer loop
      vertex 34.775 54.1218 0
      vertex 35.0624 54.2635 3.2
      vertex 34.775 54.1218 3.2
    endloop
  endfacet
  facet normal 0.442213 -0.89691 0
    outer loop
      vertex 35.0624 54.2635 3.2
      vertex 34.775 54.1218 0
      vertex 35.0624 54.2635 0
    endloop
  endfacet
  facet normal 0.0655249 -0.997851 0
    outer loop
      vertex 35.6802 54.429 0
      vertex 36 54.45 3.2
      vertex 35.6802 54.429 3.2
    endloop
  endfacet
  facet normal 0.0655249 -0.997851 0
    outer loop
      vertex 36 54.45 3.2
      vertex 35.6802 54.429 0
      vertex 36 54.45 0
    endloop
  endfacet
  facet normal -0.751784 -0.65941 0
    outer loop
      vertex 37.9437 53.4915 0
      vertex 37.7324 53.7324 3.2
      vertex 37.7324 53.7324 0
    endloop
  endfacet
  facet normal -0.751784 -0.65941 0
    outer loop
      vertex 37.7324 53.7324 3.2
      vertex 37.9437 53.4915 0
      vertex 37.9437 53.4915 3.2
    endloop
  endfacet
  facet normal -0.946953 -0.321371 0
    outer loop
      vertex 38.3665 52.6341 0
      vertex 38.2635 52.9376 3.2
      vertex 38.2635 52.9376 0
    endloop
  endfacet
  facet normal -0.946953 -0.321371 0
    outer loop
      vertex 38.2635 52.9376 3.2
      vertex 38.3665 52.6341 0
      vertex 38.3665 52.6341 3.2
    endloop
  endfacet
  facet normal 0.321371 -0.946953 0
    outer loop
      vertex 35.0624 54.2635 0
      vertex 35.3659 54.3665 3.2
      vertex 35.0624 54.2635 3.2
    endloop
  endfacet
  facet normal 0.321371 -0.946953 0
    outer loop
      vertex 35.3659 54.3665 3.2
      vertex 35.0624 54.2635 0
      vertex 35.3659 54.3665 0
    endloop
  endfacet
  facet normal 0.997851 0.0655249 0
    outer loop
      vertex 33.571 51.6802 3.2
      vertex 33.55 52 0
      vertex 33.55 52 3.2
    endloop
  endfacet
  facet normal 0.997851 0.0655249 0
    outer loop
      vertex 33.55 52 0
      vertex 33.571 51.6802 3.2
      vertex 33.571 51.6802 0
    endloop
  endfacet
  facet normal 0.980796 0.195036 0
    outer loop
      vertex 33.6335 51.3659 3.2
      vertex 33.571 51.6802 0
      vertex 33.571 51.6802 3.2
    endloop
  endfacet
  facet normal 0.980796 0.195036 0
    outer loop
      vertex 33.571 51.6802 0
      vertex 33.6335 51.3659 3.2
      vertex 33.6335 51.3659 0
    endloop
  endfacet
  facet normal 0.831426 -0.555636 0
    outer loop
      vertex 33.8782 53.225 3.2
      vertex 34.0563 53.4915 0
      vertex 34.0563 53.4915 3.2
    endloop
  endfacet
  facet normal 0.831426 -0.555636 0
    outer loop
      vertex 34.0563 53.4915 0
      vertex 33.8782 53.225 3.2
      vertex 33.8782 53.225 0
    endloop
  endfacet
  facet normal 0.442213 0.89691 -0
    outer loop
      vertex 35.0624 49.7365 0
      vertex 34.775 49.8782 3.2
      vertex 35.0624 49.7365 3.2
    endloop
  endfacet
  facet normal 0.442213 0.89691 0
    outer loop
      vertex 34.775 49.8782 3.2
      vertex 35.0624 49.7365 0
      vertex 34.775 49.8782 0
    endloop
  endfacet
  facet normal 0.195036 0.980796 -0
    outer loop
      vertex 35.6802 49.571 0
      vertex 35.3659 49.6335 3.2
      vertex 35.6802 49.571 3.2
    endloop
  endfacet
  facet normal 0.195036 0.980796 0
    outer loop
      vertex 35.3659 49.6335 3.2
      vertex 35.6802 49.571 0
      vertex 35.3659 49.6335 0
    endloop
  endfacet
  facet normal 0.946953 -0.321371 0
    outer loop
      vertex 33.6335 52.6341 3.2
      vertex 33.7365 52.9376 0
      vertex 33.7365 52.9376 3.2
    endloop
  endfacet
  facet normal 0.946953 -0.321371 0
    outer loop
      vertex 33.7365 52.9376 0
      vertex 33.6335 52.6341 3.2
      vertex 33.6335 52.6341 0
    endloop
  endfacet
  facet normal 0.751784 0.65941 0
    outer loop
      vertex 34.2676 50.2676 3.2
      vertex 34.0563 50.5085 0
      vertex 34.0563 50.5085 3.2
    endloop
  endfacet
  facet normal 0.751784 0.65941 0
    outer loop
      vertex 34.0563 50.5085 0
      vertex 34.2676 50.2676 3.2
      vertex 34.2676 50.2676 0
    endloop
  endfacet
  facet normal 0.0655249 0.997851 -0
    outer loop
      vertex 36 49.55 0
      vertex 35.6802 49.571 3.2
      vertex 36 49.55 3.2
    endloop
  endfacet
  facet normal 0.0655249 0.997851 0
    outer loop
      vertex 35.6802 49.571 3.2
      vertex 36 49.55 0
      vertex 35.6802 49.571 0
    endloop
  endfacet
  facet normal 0.65941 0.751784 -0
    outer loop
      vertex 34.5085 50.0563 0
      vertex 34.2676 50.2676 3.2
      vertex 34.5085 50.0563 3.2
    endloop
  endfacet
  facet normal 0.65941 0.751784 0
    outer loop
      vertex 34.2676 50.2676 3.2
      vertex 34.5085 50.0563 0
      vertex 34.2676 50.2676 0
    endloop
  endfacet
  facet normal 0.831397 0.555679 0
    outer loop
      vertex 42.0563 2.50853 3.2
      vertex 41.8782 2.775 0
      vertex 41.8782 2.775 3.2
    endloop
  endfacet
  facet normal 0.831397 0.555679 0
    outer loop
      vertex 41.8782 2.775 0
      vertex 42.0563 2.50853 3.2
      vertex 42.0563 2.50853 0
    endloop
  endfacet
  facet normal -0.980798 -0.195024 0
    outer loop
      vertex 46.429 4.31979 0
      vertex 46.3665 4.63411 3.2
      vertex 46.3665 4.63411 0
    endloop
  endfacet
  facet normal -0.980798 -0.195024 0
    outer loop
      vertex 46.3665 4.63411 3.2
      vertex 46.429 4.31979 0
      vertex 46.429 4.31979 3.2
    endloop
  endfacet
  facet normal -0.997851 -0.065527 0
    outer loop
      vertex 46.45 4 0
      vertex 46.429 4.31979 3.2
      vertex 46.429 4.31979 0
    endloop
  endfacet
  facet normal -0.997851 -0.065527 0
    outer loop
      vertex 46.429 4.31979 3.2
      vertex 46.45 4 0
      vertex 46.45 4 3.2
    endloop
  endfacet
  facet normal -0.442314 0.89686 0
    outer loop
      vertex 45.225 1.87824 0
      vertex 44.9376 1.7365 3.2
      vertex 45.225 1.87824 3.2
    endloop
  endfacet
  facet normal -0.442314 0.89686 0
    outer loop
      vertex 44.9376 1.7365 3.2
      vertex 45.225 1.87824 0
      vertex 44.9376 1.7365 0
    endloop
  endfacet
  facet normal 0.555506 0.831512 -0
    outer loop
      vertex 42.775 1.87824 0
      vertex 42.5085 2.05628 3.2
      vertex 42.775 1.87824 3.2
    endloop
  endfacet
  facet normal 0.555506 0.831512 0
    outer loop
      vertex 42.5085 2.05628 3.2
      vertex 42.775 1.87824 0
      vertex 42.5085 2.05628 0
    endloop
  endfacet
  facet normal -0.659428 -0.751768 0
    outer loop
      vertex 45.4915 5.94372 0
      vertex 45.7324 5.73241 3.2
      vertex 45.4915 5.94372 3.2
    endloop
  endfacet
  facet normal -0.659428 -0.751768 -0
    outer loop
      vertex 45.7324 5.73241 3.2
      vertex 45.4915 5.94372 0
      vertex 45.7324 5.73241 0
    endloop
  endfacet
  facet normal -0.896922 0.442189 0
    outer loop
      vertex 46.1218 2.775 0
      vertex 46.2635 3.06242 3.2
      vertex 46.2635 3.06242 0
    endloop
  endfacet
  facet normal -0.896922 0.442189 0
    outer loop
      vertex 46.2635 3.06242 3.2
      vertex 46.1218 2.775 0
      vertex 46.1218 2.775 3.2
    endloop
  endfacet
  facet normal 0.946944 0.3214 0
    outer loop
      vertex 41.7365 3.06242 3.2
      vertex 41.6335 3.36589 0
      vertex 41.6335 3.36589 3.2
    endloop
  endfacet
  facet normal 0.946944 0.3214 0
    outer loop
      vertex 41.6335 3.36589 0
      vertex 41.7365 3.06242 3.2
      vertex 41.7365 3.06242 0
    endloop
  endfacet
  facet normal 0.555506 -0.831512 0
    outer loop
      vertex 42.5085 5.94372 0
      vertex 42.775 6.12176 3.2
      vertex 42.5085 5.94372 3.2
    endloop
  endfacet
  facet normal 0.555506 -0.831512 0
    outer loop
      vertex 42.775 6.12176 3.2
      vertex 42.5085 5.94372 0
      vertex 42.775 6.12176 0
    endloop
  endfacet
  facet normal -0.946944 0.3214 0
    outer loop
      vertex 46.2635 3.06242 0
      vertex 46.3665 3.36589 3.2
      vertex 46.3665 3.36589 0
    endloop
  endfacet
  facet normal -0.946944 0.3214 0
    outer loop
      vertex 46.3665 3.36589 3.2
      vertex 46.2635 3.06242 0
      vertex 46.2635 3.06242 3.2
    endloop
  endfacet
  facet normal -0.321427 -0.946934 0
    outer loop
      vertex 44.6341 6.36652 0
      vertex 44.9376 6.2635 3.2
      vertex 44.6341 6.36652 3.2
    endloop
  endfacet
  facet normal -0.321427 -0.946934 -0
    outer loop
      vertex 44.9376 6.2635 3.2
      vertex 44.6341 6.36652 0
      vertex 44.9376 6.2635 0
    endloop
  endfacet
  facet normal -0.0654006 -0.997859 0
    outer loop
      vertex 44 6.45 0
      vertex 44.3198 6.42904 3.2
      vertex 44 6.45 3.2
    endloop
  endfacet
  facet normal -0.0654006 -0.997859 -0
    outer loop
      vertex 44.3198 6.42904 3.2
      vertex 44 6.45 0
      vertex 44.3198 6.42904 0
    endloop
  endfacet
  facet normal 0.659428 -0.751768 0
    outer loop
      vertex 42.2676 5.73241 0
      vertex 42.5085 5.94372 3.2
      vertex 42.2676 5.73241 3.2
    endloop
  endfacet
  facet normal 0.659428 -0.751768 0
    outer loop
      vertex 42.5085 5.94372 3.2
      vertex 42.2676 5.73241 0
      vertex 42.5085 5.94372 0
    endloop
  endfacet
  facet normal -0.751838 0.659348 0
    outer loop
      vertex 45.7324 2.26759 0
      vertex 45.9437 2.50853 3.2
      vertex 45.9437 2.50853 0
    endloop
  endfacet
  facet normal -0.751838 0.659348 0
    outer loop
      vertex 45.9437 2.50853 3.2
      vertex 45.7324 2.26759 0
      vertex 45.7324 2.26759 3.2
    endloop
  endfacet
  facet normal -0.195096 0.980784 0
    outer loop
      vertex 44.6341 1.63348 0
      vertex 44.3198 1.57096 3.2
      vertex 44.6341 1.63348 3.2
    endloop
  endfacet
  facet normal -0.195096 0.980784 0
    outer loop
      vertex 44.3198 1.57096 3.2
      vertex 44.6341 1.63348 0
      vertex 44.3198 1.57096 0
    endloop
  endfacet
  facet normal -0.831387 -0.555693 0
    outer loop
      vertex 46.1218 5.225 0
      vertex 45.9437 5.49146 3.2
      vertex 45.9437 5.49146 0
    endloop
  endfacet
  facet normal -0.831387 -0.555693 0
    outer loop
      vertex 45.9437 5.49146 3.2
      vertex 46.1218 5.225 0
      vertex 46.1218 5.225 3.2
    endloop
  endfacet
  facet normal 0.751851 -0.659333 0
    outer loop
      vertex 42.0563 5.49146 3.2
      vertex 42.2676 5.73241 0
      vertex 42.2676 5.73241 3.2
    endloop
  endfacet
  facet normal 0.751851 -0.659333 0
    outer loop
      vertex 42.2676 5.73241 0
      vertex 42.0563 5.49146 3.2
      vertex 42.0563 5.49146 0
    endloop
  endfacet
  facet normal 0.321427 0.946934 -0
    outer loop
      vertex 43.3659 1.63348 0
      vertex 43.0624 1.7365 3.2
      vertex 43.3659 1.63348 3.2
    endloop
  endfacet
  facet normal 0.321427 0.946934 0
    outer loop
      vertex 43.0624 1.7365 3.2
      vertex 43.3659 1.63348 0
      vertex 43.0624 1.7365 0
    endloop
  endfacet
  facet normal -0.195096 -0.980784 0
    outer loop
      vertex 44.3198 6.42904 0
      vertex 44.6341 6.36652 3.2
      vertex 44.3198 6.42904 3.2
    endloop
  endfacet
  facet normal -0.195096 -0.980784 -0
    outer loop
      vertex 44.6341 6.36652 3.2
      vertex 44.3198 6.42904 0
      vertex 44.6341 6.36652 0
    endloop
  endfacet
  facet normal -0.321427 0.946934 0
    outer loop
      vertex 44.9376 1.7365 0
      vertex 44.6341 1.63348 3.2
      vertex 44.9376 1.7365 3.2
    endloop
  endfacet
  facet normal -0.321427 0.946934 0
    outer loop
      vertex 44.6341 1.63348 3.2
      vertex 44.9376 1.7365 0
      vertex 44.6341 1.63348 0
    endloop
  endfacet
  facet normal -0.442314 -0.89686 0
    outer loop
      vertex 44.9376 6.2635 0
      vertex 45.225 6.12176 3.2
      vertex 44.9376 6.2635 3.2
    endloop
  endfacet
  facet normal -0.442314 -0.89686 -0
    outer loop
      vertex 45.225 6.12176 3.2
      vertex 44.9376 6.2635 0
      vertex 45.225 6.12176 0
    endloop
  endfacet
  facet normal -0.555506 -0.831512 0
    outer loop
      vertex 45.225 6.12176 0
      vertex 45.4915 5.94372 3.2
      vertex 45.225 6.12176 3.2
    endloop
  endfacet
  facet normal -0.555506 -0.831512 -0
    outer loop
      vertex 45.4915 5.94372 3.2
      vertex 45.225 6.12176 0
      vertex 45.4915 5.94372 0
    endloop
  endfacet
  facet normal -0.555506 0.831512 0
    outer loop
      vertex 45.4915 2.05628 0
      vertex 45.225 1.87824 3.2
      vertex 45.4915 2.05628 3.2
    endloop
  endfacet
  facet normal -0.555506 0.831512 0
    outer loop
      vertex 45.225 1.87824 3.2
      vertex 45.4915 2.05628 0
      vertex 45.225 1.87824 0
    endloop
  endfacet
  facet normal 0.896928 -0.442176 0
    outer loop
      vertex 41.7365 4.93757 3.2
      vertex 41.8782 5.225 0
      vertex 41.8782 5.225 3.2
    endloop
  endfacet
  facet normal 0.896928 -0.442176 0
    outer loop
      vertex 41.8782 5.225 0
      vertex 41.7365 4.93757 3.2
      vertex 41.7365 4.93757 0
    endloop
  endfacet
  facet normal 0.997851 -0.065527 0
    outer loop
      vertex 41.55 4 3.2
      vertex 41.571 4.31979 0
      vertex 41.571 4.31979 3.2
    endloop
  endfacet
  facet normal 0.997851 -0.065527 0
    outer loop
      vertex 41.571 4.31979 0
      vertex 41.55 4 3.2
      vertex 41.55 4 0
    endloop
  endfacet
  facet normal -0.659428 0.751768 0
    outer loop
      vertex 45.7324 2.26759 0
      vertex 45.4915 2.05628 3.2
      vertex 45.7324 2.26759 3.2
    endloop
  endfacet
  facet normal -0.659428 0.751768 0
    outer loop
      vertex 45.4915 2.05628 3.2
      vertex 45.7324 2.26759 0
      vertex 45.4915 2.05628 0
    endloop
  endfacet
  facet normal 0.195096 -0.980784 0
    outer loop
      vertex 43.3659 6.36652 0
      vertex 43.6802 6.42904 3.2
      vertex 43.3659 6.36652 3.2
    endloop
  endfacet
  facet normal 0.195096 -0.980784 0
    outer loop
      vertex 43.6802 6.42904 3.2
      vertex 43.3659 6.36652 0
      vertex 43.6802 6.42904 0
    endloop
  endfacet
  facet normal -0.980798 0.195024 0
    outer loop
      vertex 46.3665 3.36589 0
      vertex 46.429 3.68021 3.2
      vertex 46.429 3.68021 0
    endloop
  endfacet
  facet normal -0.980798 0.195024 0
    outer loop
      vertex 46.429 3.68021 3.2
      vertex 46.3665 3.36589 0
      vertex 46.3665 3.36589 3.2
    endloop
  endfacet
  facet normal -0.997851 0.065527 0
    outer loop
      vertex 46.429 3.68021 0
      vertex 46.45 4 3.2
      vertex 46.45 4 0
    endloop
  endfacet
  facet normal -0.997851 0.065527 0
    outer loop
      vertex 46.45 4 3.2
      vertex 46.429 3.68021 0
      vertex 46.429 3.68021 3.2
    endloop
  endfacet
  facet normal 0.896922 0.442189 0
    outer loop
      vertex 41.8782 2.775 3.2
      vertex 41.7365 3.06242 0
      vertex 41.7365 3.06242 3.2
    endloop
  endfacet
  facet normal 0.896922 0.442189 0
    outer loop
      vertex 41.7365 3.06242 0
      vertex 41.8782 2.775 3.2
      vertex 41.8782 2.775 0
    endloop
  endfacet
  facet normal 0.980798 -0.195024 0
    outer loop
      vertex 41.571 4.31979 3.2
      vertex 41.6335 4.63411 0
      vertex 41.6335 4.63411 3.2
    endloop
  endfacet
  facet normal 0.980798 -0.195024 0
    outer loop
      vertex 41.6335 4.63411 0
      vertex 41.571 4.31979 3.2
      vertex 41.571 4.31979 0
    endloop
  endfacet
  facet normal -0.896928 -0.442176 0
    outer loop
      vertex 46.2635 4.93757 0
      vertex 46.1218 5.225 3.2
      vertex 46.1218 5.225 0
    endloop
  endfacet
  facet normal -0.896928 -0.442176 0
    outer loop
      vertex 46.1218 5.225 3.2
      vertex 46.2635 4.93757 0
      vertex 46.2635 4.93757 3.2
    endloop
  endfacet
  facet normal -0.0654006 0.997859 0
    outer loop
      vertex 44.3198 1.57096 0
      vertex 44 1.55 3.2
      vertex 44.3198 1.57096 3.2
    endloop
  endfacet
  facet normal -0.0654006 0.997859 0
    outer loop
      vertex 44 1.55 3.2
      vertex 44.3198 1.57096 0
      vertex 44 1.55 0
    endloop
  endfacet
  facet normal -0.831397 0.555679 0
    outer loop
      vertex 45.9437 2.50853 0
      vertex 46.1218 2.775 3.2
      vertex 46.1218 2.775 0
    endloop
  endfacet
  facet normal -0.831397 0.555679 0
    outer loop
      vertex 46.1218 2.775 3.2
      vertex 45.9437 2.50853 0
      vertex 45.9437 2.50853 3.2
    endloop
  endfacet
  facet normal 0.442314 -0.89686 0
    outer loop
      vertex 42.775 6.12176 0
      vertex 43.0624 6.2635 3.2
      vertex 42.775 6.12176 3.2
    endloop
  endfacet
  facet normal 0.442314 -0.89686 0
    outer loop
      vertex 43.0624 6.2635 3.2
      vertex 42.775 6.12176 0
      vertex 43.0624 6.2635 0
    endloop
  endfacet
  facet normal 0.0654006 -0.997859 0
    outer loop
      vertex 43.6802 6.42904 0
      vertex 44 6.45 3.2
      vertex 43.6802 6.42904 3.2
    endloop
  endfacet
  facet normal 0.0654006 -0.997859 0
    outer loop
      vertex 44 6.45 3.2
      vertex 43.6802 6.42904 0
      vertex 44 6.45 0
    endloop
  endfacet
  facet normal -0.751851 -0.659333 0
    outer loop
      vertex 45.9437 5.49146 0
      vertex 45.7324 5.73241 3.2
      vertex 45.7324 5.73241 0
    endloop
  endfacet
  facet normal -0.751851 -0.659333 0
    outer loop
      vertex 45.7324 5.73241 3.2
      vertex 45.9437 5.49146 0
      vertex 45.9437 5.49146 3.2
    endloop
  endfacet
  facet normal -0.94694 -0.321409 0
    outer loop
      vertex 46.3665 4.63411 0
      vertex 46.2635 4.93757 3.2
      vertex 46.2635 4.93757 0
    endloop
  endfacet
  facet normal -0.94694 -0.321409 0
    outer loop
      vertex 46.2635 4.93757 3.2
      vertex 46.3665 4.63411 0
      vertex 46.3665 4.63411 3.2
    endloop
  endfacet
  facet normal 0.321427 -0.946934 0
    outer loop
      vertex 43.0624 6.2635 0
      vertex 43.3659 6.36652 3.2
      vertex 43.0624 6.2635 3.2
    endloop
  endfacet
  facet normal 0.321427 -0.946934 0
    outer loop
      vertex 43.3659 6.36652 3.2
      vertex 43.0624 6.2635 0
      vertex 43.3659 6.36652 0
    endloop
  endfacet
  facet normal 0.997851 0.065527 0
    outer loop
      vertex 41.571 3.68021 3.2
      vertex 41.55 4 0
      vertex 41.55 4 3.2
    endloop
  endfacet
  facet normal 0.997851 0.065527 0
    outer loop
      vertex 41.55 4 0
      vertex 41.571 3.68021 3.2
      vertex 41.571 3.68021 0
    endloop
  endfacet
  facet normal 0.980798 0.195024 0
    outer loop
      vertex 41.6335 3.36589 3.2
      vertex 41.571 3.68021 0
      vertex 41.571 3.68021 3.2
    endloop
  endfacet
  facet normal 0.980798 0.195024 0
    outer loop
      vertex 41.571 3.68021 0
      vertex 41.6335 3.36589 3.2
      vertex 41.6335 3.36589 0
    endloop
  endfacet
  facet normal 0.831387 -0.555693 0
    outer loop
      vertex 41.8782 5.225 3.2
      vertex 42.0563 5.49146 0
      vertex 42.0563 5.49146 3.2
    endloop
  endfacet
  facet normal 0.831387 -0.555693 0
    outer loop
      vertex 42.0563 5.49146 0
      vertex 41.8782 5.225 3.2
      vertex 41.8782 5.225 0
    endloop
  endfacet
  facet normal 0.442314 0.89686 -0
    outer loop
      vertex 43.0624 1.7365 0
      vertex 42.775 1.87824 3.2
      vertex 43.0624 1.7365 3.2
    endloop
  endfacet
  facet normal 0.442314 0.89686 0
    outer loop
      vertex 42.775 1.87824 3.2
      vertex 43.0624 1.7365 0
      vertex 42.775 1.87824 0
    endloop
  endfacet
  facet normal 0.195096 0.980784 -0
    outer loop
      vertex 43.6802 1.57096 0
      vertex 43.3659 1.63348 3.2
      vertex 43.6802 1.57096 3.2
    endloop
  endfacet
  facet normal 0.195096 0.980784 0
    outer loop
      vertex 43.3659 1.63348 3.2
      vertex 43.6802 1.57096 0
      vertex 43.3659 1.63348 0
    endloop
  endfacet
  facet normal 0.94694 -0.321409 0
    outer loop
      vertex 41.6335 4.63411 3.2
      vertex 41.7365 4.93757 0
      vertex 41.7365 4.93757 3.2
    endloop
  endfacet
  facet normal 0.94694 -0.321409 0
    outer loop
      vertex 41.7365 4.93757 0
      vertex 41.6335 4.63411 3.2
      vertex 41.6335 4.63411 0
    endloop
  endfacet
  facet normal 0.751838 0.659348 0
    outer loop
      vertex 42.2676 2.26759 3.2
      vertex 42.0563 2.50853 0
      vertex 42.0563 2.50853 3.2
    endloop
  endfacet
  facet normal 0.751838 0.659348 0
    outer loop
      vertex 42.0563 2.50853 0
      vertex 42.2676 2.26759 3.2
      vertex 42.2676 2.26759 0
    endloop
  endfacet
  facet normal 0.0654006 0.997859 -0
    outer loop
      vertex 44 1.55 0
      vertex 43.6802 1.57096 3.2
      vertex 44 1.55 3.2
    endloop
  endfacet
  facet normal 0.0654006 0.997859 0
    outer loop
      vertex 43.6802 1.57096 3.2
      vertex 44 1.55 0
      vertex 43.6802 1.57096 0
    endloop
  endfacet
  facet normal 0.659428 0.751768 -0
    outer loop
      vertex 42.5085 2.05628 0
      vertex 42.2676 2.26759 3.2
      vertex 42.5085 2.05628 3.2
    endloop
  endfacet
  facet normal 0.659428 0.751768 0
    outer loop
      vertex 42.2676 2.26759 3.2
      vertex 42.5085 2.05628 0
      vertex 42.2676 2.26759 0
    endloop
  endfacet
  facet normal 0.831426 0.555636 0
    outer loop
      vertex 42.0563 50.5085 3.2
      vertex 41.8782 50.775 0
      vertex 41.8782 50.775 3.2
    endloop
  endfacet
  facet normal 0.831426 0.555636 0
    outer loop
      vertex 41.8782 50.775 0
      vertex 42.0563 50.5085 3.2
      vertex 42.0563 50.5085 0
    endloop
  endfacet
  facet normal -0.980796 -0.195036 0
    outer loop
      vertex 46.429 52.3198 0
      vertex 46.3665 52.6341 3.2
      vertex 46.3665 52.6341 0
    endloop
  endfacet
  facet normal -0.980796 -0.195036 0
    outer loop
      vertex 46.3665 52.6341 3.2
      vertex 46.429 52.3198 0
      vertex 46.429 52.3198 3.2
    endloop
  endfacet
  facet normal -0.997851 -0.0655249 0
    outer loop
      vertex 46.45 52 0
      vertex 46.429 52.3198 3.2
      vertex 46.429 52.3198 0
    endloop
  endfacet
  facet normal -0.997851 -0.0655249 0
    outer loop
      vertex 46.429 52.3198 3.2
      vertex 46.45 52 0
      vertex 46.45 52 3.2
    endloop
  endfacet
  facet normal -0.442213 0.89691 0
    outer loop
      vertex 45.225 49.8782 0
      vertex 44.9376 49.7365 3.2
      vertex 45.225 49.8782 3.2
    endloop
  endfacet
  facet normal -0.442213 0.89691 0
    outer loop
      vertex 44.9376 49.7365 3.2
      vertex 45.225 49.8782 0
      vertex 44.9376 49.7365 0
    endloop
  endfacet
  facet normal 0.555636 0.831426 -0
    outer loop
      vertex 42.775 49.8782 0
      vertex 42.5085 50.0563 3.2
      vertex 42.775 49.8782 3.2
    endloop
  endfacet
  facet normal 0.555636 0.831426 0
    outer loop
      vertex 42.5085 50.0563 3.2
      vertex 42.775 49.8782 0
      vertex 42.5085 50.0563 0
    endloop
  endfacet
  facet normal -0.65941 -0.751784 0
    outer loop
      vertex 45.4915 53.9437 0
      vertex 45.7324 53.7324 3.2
      vertex 45.4915 53.9437 3.2
    endloop
  endfacet
  facet normal -0.65941 -0.751784 -0
    outer loop
      vertex 45.7324 53.7324 3.2
      vertex 45.4915 53.9437 0
      vertex 45.7324 53.7324 0
    endloop
  endfacet
  facet normal -0.89691 0.442213 0
    outer loop
      vertex 46.1218 50.775 0
      vertex 46.2635 51.0624 3.2
      vertex 46.2635 51.0624 0
    endloop
  endfacet
  facet normal -0.89691 0.442213 0
    outer loop
      vertex 46.2635 51.0624 3.2
      vertex 46.1218 50.775 0
      vertex 46.1218 50.775 3.2
    endloop
  endfacet
  facet normal 0.946953 0.321371 0
    outer loop
      vertex 41.7365 51.0624 3.2
      vertex 41.6335 51.3659 0
      vertex 41.6335 51.3659 3.2
    endloop
  endfacet
  facet normal 0.946953 0.321371 0
    outer loop
      vertex 41.6335 51.3659 0
      vertex 41.7365 51.0624 3.2
      vertex 41.7365 51.0624 0
    endloop
  endfacet
  facet normal 0.555636 -0.831426 0
    outer loop
      vertex 42.5085 53.9437 0
      vertex 42.775 54.1218 3.2
      vertex 42.5085 53.9437 3.2
    endloop
  endfacet
  facet normal 0.555636 -0.831426 0
    outer loop
      vertex 42.775 54.1218 3.2
      vertex 42.5085 53.9437 0
      vertex 42.775 54.1218 0
    endloop
  endfacet
  facet normal -0.946953 0.321371 0
    outer loop
      vertex 46.2635 51.0624 0
      vertex 46.3665 51.3659 3.2
      vertex 46.3665 51.3659 0
    endloop
  endfacet
  facet normal -0.946953 0.321371 0
    outer loop
      vertex 46.3665 51.3659 3.2
      vertex 46.2635 51.0624 0
      vertex 46.2635 51.0624 3.2
    endloop
  endfacet
  facet normal -0.321371 -0.946953 0
    outer loop
      vertex 44.6341 54.3665 0
      vertex 44.9376 54.2635 3.2
      vertex 44.6341 54.3665 3.2
    endloop
  endfacet
  facet normal -0.321371 -0.946953 -0
    outer loop
      vertex 44.9376 54.2635 3.2
      vertex 44.6341 54.3665 0
      vertex 44.9376 54.2635 0
    endloop
  endfacet
  facet normal -0.0655249 -0.997851 0
    outer loop
      vertex 44 54.45 0
      vertex 44.3198 54.429 3.2
      vertex 44 54.45 3.2
    endloop
  endfacet
  facet normal -0.0655249 -0.997851 -0
    outer loop
      vertex 44.3198 54.429 3.2
      vertex 44 54.45 0
      vertex 44.3198 54.429 0
    endloop
  endfacet
  facet normal 0.65941 -0.751784 0
    outer loop
      vertex 42.2676 53.7324 0
      vertex 42.5085 53.9437 3.2
      vertex 42.2676 53.7324 3.2
    endloop
  endfacet
  facet normal 0.65941 -0.751784 0
    outer loop
      vertex 42.5085 53.9437 3.2
      vertex 42.2676 53.7324 0
      vertex 42.5085 53.9437 0
    endloop
  endfacet
  facet normal -0.751784 0.65941 0
    outer loop
      vertex 45.7324 50.2676 0
      vertex 45.9437 50.5085 3.2
      vertex 45.9437 50.5085 0
    endloop
  endfacet
  facet normal -0.751784 0.65941 0
    outer loop
      vertex 45.9437 50.5085 3.2
      vertex 45.7324 50.2676 0
      vertex 45.7324 50.2676 3.2
    endloop
  endfacet
  facet normal -0.195036 0.980796 0
    outer loop
      vertex 44.6341 49.6335 0
      vertex 44.3198 49.571 3.2
      vertex 44.6341 49.6335 3.2
    endloop
  endfacet
  facet normal -0.195036 0.980796 0
    outer loop
      vertex 44.3198 49.571 3.2
      vertex 44.6341 49.6335 0
      vertex 44.3198 49.571 0
    endloop
  endfacet
  facet normal -0.831426 -0.555636 0
    outer loop
      vertex 46.1218 53.225 0
      vertex 45.9437 53.4915 3.2
      vertex 45.9437 53.4915 0
    endloop
  endfacet
  facet normal -0.831426 -0.555636 0
    outer loop
      vertex 45.9437 53.4915 3.2
      vertex 46.1218 53.225 0
      vertex 46.1218 53.225 3.2
    endloop
  endfacet
  facet normal 0.751784 -0.65941 0
    outer loop
      vertex 42.0563 53.4915 3.2
      vertex 42.2676 53.7324 0
      vertex 42.2676 53.7324 3.2
    endloop
  endfacet
  facet normal 0.751784 -0.65941 0
    outer loop
      vertex 42.2676 53.7324 0
      vertex 42.0563 53.4915 3.2
      vertex 42.0563 53.4915 0
    endloop
  endfacet
  facet normal 0.321371 0.946953 -0
    outer loop
      vertex 43.3659 49.6335 0
      vertex 43.0624 49.7365 3.2
      vertex 43.3659 49.6335 3.2
    endloop
  endfacet
  facet normal 0.321371 0.946953 0
    outer loop
      vertex 43.0624 49.7365 3.2
      vertex 43.3659 49.6335 0
      vertex 43.0624 49.7365 0
    endloop
  endfacet
  facet normal -0.321371 0.946953 0
    outer loop
      vertex 44.9376 49.7365 0
      vertex 44.6341 49.6335 3.2
      vertex 44.9376 49.7365 3.2
    endloop
  endfacet
  facet normal -0.321371 0.946953 0
    outer loop
      vertex 44.6341 49.6335 3.2
      vertex 44.9376 49.7365 0
      vertex 44.6341 49.6335 0
    endloop
  endfacet
  facet normal -0.442213 -0.89691 0
    outer loop
      vertex 44.9376 54.2635 0
      vertex 45.225 54.1218 3.2
      vertex 44.9376 54.2635 3.2
    endloop
  endfacet
  facet normal -0.442213 -0.89691 -0
    outer loop
      vertex 45.225 54.1218 3.2
      vertex 44.9376 54.2635 0
      vertex 45.225 54.1218 0
    endloop
  endfacet
  facet normal -0.555636 -0.831426 0
    outer loop
      vertex 45.225 54.1218 0
      vertex 45.4915 53.9437 3.2
      vertex 45.225 54.1218 3.2
    endloop
  endfacet
  facet normal -0.555636 -0.831426 -0
    outer loop
      vertex 45.4915 53.9437 3.2
      vertex 45.225 54.1218 0
      vertex 45.4915 53.9437 0
    endloop
  endfacet
  facet normal -0.555636 0.831426 0
    outer loop
      vertex 45.4915 50.0563 0
      vertex 45.225 49.8782 3.2
      vertex 45.4915 50.0563 3.2
    endloop
  endfacet
  facet normal -0.555636 0.831426 0
    outer loop
      vertex 45.225 49.8782 3.2
      vertex 45.4915 50.0563 0
      vertex 45.225 49.8782 0
    endloop
  endfacet
  facet normal 0.89691 -0.442213 0
    outer loop
      vertex 41.7365 52.9376 3.2
      vertex 41.8782 53.225 0
      vertex 41.8782 53.225 3.2
    endloop
  endfacet
  facet normal 0.89691 -0.442213 0
    outer loop
      vertex 41.8782 53.225 0
      vertex 41.7365 52.9376 3.2
      vertex 41.7365 52.9376 0
    endloop
  endfacet
  facet normal -0.65941 0.751784 0
    outer loop
      vertex 45.7324 50.2676 0
      vertex 45.4915 50.0563 3.2
      vertex 45.7324 50.2676 3.2
    endloop
  endfacet
  facet normal -0.65941 0.751784 0
    outer loop
      vertex 45.4915 50.0563 3.2
      vertex 45.7324 50.2676 0
      vertex 45.4915 50.0563 0
    endloop
  endfacet
  facet normal 0.195036 -0.980796 0
    outer loop
      vertex 43.3659 54.3665 0
      vertex 43.6802 54.429 3.2
      vertex 43.3659 54.3665 3.2
    endloop
  endfacet
  facet normal 0.195036 -0.980796 0
    outer loop
      vertex 43.6802 54.429 3.2
      vertex 43.3659 54.3665 0
      vertex 43.6802 54.429 0
    endloop
  endfacet
  facet normal -0.980796 0.195036 0
    outer loop
      vertex 46.3665 51.3659 0
      vertex 46.429 51.6802 3.2
      vertex 46.429 51.6802 0
    endloop
  endfacet
  facet normal -0.980796 0.195036 0
    outer loop
      vertex 46.429 51.6802 3.2
      vertex 46.3665 51.3659 0
      vertex 46.3665 51.3659 3.2
    endloop
  endfacet
  facet normal -0.997851 0.0655249 0
    outer loop
      vertex 46.429 51.6802 0
      vertex 46.45 52 3.2
      vertex 46.45 52 0
    endloop
  endfacet
  facet normal -0.997851 0.0655249 0
    outer loop
      vertex 46.45 52 3.2
      vertex 46.429 51.6802 0
      vertex 46.429 51.6802 3.2
    endloop
  endfacet
  facet normal 0.89691 0.442213 0
    outer loop
      vertex 41.8782 50.775 3.2
      vertex 41.7365 51.0624 0
      vertex 41.7365 51.0624 3.2
    endloop
  endfacet
  facet normal 0.89691 0.442213 0
    outer loop
      vertex 41.7365 51.0624 0
      vertex 41.8782 50.775 3.2
      vertex 41.8782 50.775 0
    endloop
  endfacet
  facet normal 0.980796 -0.195036 0
    outer loop
      vertex 41.571 52.3198 3.2
      vertex 41.6335 52.6341 0
      vertex 41.6335 52.6341 3.2
    endloop
  endfacet
  facet normal 0.980796 -0.195036 0
    outer loop
      vertex 41.6335 52.6341 0
      vertex 41.571 52.3198 3.2
      vertex 41.571 52.3198 0
    endloop
  endfacet
  facet normal -0.89691 -0.442213 0
    outer loop
      vertex 46.2635 52.9376 0
      vertex 46.1218 53.225 3.2
      vertex 46.1218 53.225 0
    endloop
  endfacet
  facet normal -0.89691 -0.442213 0
    outer loop
      vertex 46.1218 53.225 3.2
      vertex 46.2635 52.9376 0
      vertex 46.2635 52.9376 3.2
    endloop
  endfacet
  facet normal -0.0655249 0.997851 0
    outer loop
      vertex 44.3198 49.571 0
      vertex 44 49.55 3.2
      vertex 44.3198 49.571 3.2
    endloop
  endfacet
  facet normal -0.0655249 0.997851 0
    outer loop
      vertex 44 49.55 3.2
      vertex 44.3198 49.571 0
      vertex 44 49.55 0
    endloop
  endfacet
  facet normal -0.831426 0.555636 0
    outer loop
      vertex 45.9437 50.5085 0
      vertex 46.1218 50.775 3.2
      vertex 46.1218 50.775 0
    endloop
  endfacet
  facet normal -0.831426 0.555636 0
    outer loop
      vertex 46.1218 50.775 3.2
      vertex 45.9437 50.5085 0
      vertex 45.9437 50.5085 3.2
    endloop
  endfacet
  facet normal 0.442213 -0.89691 0
    outer loop
      vertex 42.775 54.1218 0
      vertex 43.0624 54.2635 3.2
      vertex 42.775 54.1218 3.2
    endloop
  endfacet
  facet normal 0.442213 -0.89691 0
    outer loop
      vertex 43.0624 54.2635 3.2
      vertex 42.775 54.1218 0
      vertex 43.0624 54.2635 0
    endloop
  endfacet
  facet normal 0.0655249 -0.997851 0
    outer loop
      vertex 43.6802 54.429 0
      vertex 44 54.45 3.2
      vertex 43.6802 54.429 3.2
    endloop
  endfacet
  facet normal 0.0655249 -0.997851 0
    outer loop
      vertex 44 54.45 3.2
      vertex 43.6802 54.429 0
      vertex 44 54.45 0
    endloop
  endfacet
  facet normal -0.751784 -0.65941 0
    outer loop
      vertex 45.9437 53.4915 0
      vertex 45.7324 53.7324 3.2
      vertex 45.7324 53.7324 0
    endloop
  endfacet
  facet normal -0.751784 -0.65941 0
    outer loop
      vertex 45.7324 53.7324 3.2
      vertex 45.9437 53.4915 0
      vertex 45.9437 53.4915 3.2
    endloop
  endfacet
  facet normal -0.946953 -0.321371 0
    outer loop
      vertex 46.3665 52.6341 0
      vertex 46.2635 52.9376 3.2
      vertex 46.2635 52.9376 0
    endloop
  endfacet
  facet normal -0.946953 -0.321371 0
    outer loop
      vertex 46.2635 52.9376 3.2
      vertex 46.3665 52.6341 0
      vertex 46.3665 52.6341 3.2
    endloop
  endfacet
  facet normal 0.321371 -0.946953 0
    outer loop
      vertex 43.0624 54.2635 0
      vertex 43.3659 54.3665 3.2
      vertex 43.0624 54.2635 3.2
    endloop
  endfacet
  facet normal 0.321371 -0.946953 0
    outer loop
      vertex 43.3659 54.3665 3.2
      vertex 43.0624 54.2635 0
      vertex 43.3659 54.3665 0
    endloop
  endfacet
  facet normal 0.997851 0.0655249 0
    outer loop
      vertex 41.571 51.6802 3.2
      vertex 41.55 52 0
      vertex 41.55 52 3.2
    endloop
  endfacet
  facet normal 0.997851 0.0655249 0
    outer loop
      vertex 41.55 52 0
      vertex 41.571 51.6802 3.2
      vertex 41.571 51.6802 0
    endloop
  endfacet
  facet normal 0.980796 0.195036 0
    outer loop
      vertex 41.6335 51.3659 3.2
      vertex 41.571 51.6802 0
      vertex 41.571 51.6802 3.2
    endloop
  endfacet
  facet normal 0.980796 0.195036 0
    outer loop
      vertex 41.571 51.6802 0
      vertex 41.6335 51.3659 3.2
      vertex 41.6335 51.3659 0
    endloop
  endfacet
  facet normal 0.831426 -0.555636 0
    outer loop
      vertex 41.8782 53.225 3.2
      vertex 42.0563 53.4915 0
      vertex 42.0563 53.4915 3.2
    endloop
  endfacet
  facet normal 0.831426 -0.555636 0
    outer loop
      vertex 42.0563 53.4915 0
      vertex 41.8782 53.225 3.2
      vertex 41.8782 53.225 0
    endloop
  endfacet
  facet normal 0.442213 0.89691 -0
    outer loop
      vertex 43.0624 49.7365 0
      vertex 42.775 49.8782 3.2
      vertex 43.0624 49.7365 3.2
    endloop
  endfacet
  facet normal 0.442213 0.89691 0
    outer loop
      vertex 42.775 49.8782 3.2
      vertex 43.0624 49.7365 0
      vertex 42.775 49.8782 0
    endloop
  endfacet
  facet normal 0.195036 0.980796 -0
    outer loop
      vertex 43.6802 49.571 0
      vertex 43.3659 49.6335 3.2
      vertex 43.6802 49.571 3.2
    endloop
  endfacet
  facet normal 0.195036 0.980796 0
    outer loop
      vertex 43.3659 49.6335 3.2
      vertex 43.6802 49.571 0
      vertex 43.3659 49.6335 0
    endloop
  endfacet
  facet normal 0.946953 -0.321371 0
    outer loop
      vertex 41.6335 52.6341 3.2
      vertex 41.7365 52.9376 0
      vertex 41.7365 52.9376 3.2
    endloop
  endfacet
  facet normal 0.946953 -0.321371 0
    outer loop
      vertex 41.7365 52.9376 0
      vertex 41.6335 52.6341 3.2
      vertex 41.6335 52.6341 0
    endloop
  endfacet
  facet normal 0.751784 0.65941 0
    outer loop
      vertex 42.2676 50.2676 3.2
      vertex 42.0563 50.5085 0
      vertex 42.0563 50.5085 3.2
    endloop
  endfacet
  facet normal 0.751784 0.65941 0
    outer loop
      vertex 42.0563 50.5085 0
      vertex 42.2676 50.2676 3.2
      vertex 42.2676 50.2676 0
    endloop
  endfacet
  facet normal 0.997851 -0.0655249 0
    outer loop
      vertex 41.55 52 3.2
      vertex 41.571 52.3198 0
      vertex 41.571 52.3198 3.2
    endloop
  endfacet
  facet normal 0.997851 -0.0655249 0
    outer loop
      vertex 41.571 52.3198 0
      vertex 41.55 52 3.2
      vertex 41.55 52 0
    endloop
  endfacet
  facet normal -0.195036 -0.980796 0
    outer loop
      vertex 44.3198 54.429 0
      vertex 44.6341 54.3665 3.2
      vertex 44.3198 54.429 3.2
    endloop
  endfacet
  facet normal -0.195036 -0.980796 -0
    outer loop
      vertex 44.6341 54.3665 3.2
      vertex 44.3198 54.429 0
      vertex 44.6341 54.3665 0
    endloop
  endfacet
  facet normal 0.0655249 0.997851 -0
    outer loop
      vertex 44 49.55 0
      vertex 43.6802 49.571 3.2
      vertex 44 49.55 3.2
    endloop
  endfacet
  facet normal 0.0655249 0.997851 0
    outer loop
      vertex 43.6802 49.571 3.2
      vertex 44 49.55 0
      vertex 43.6802 49.571 0
    endloop
  endfacet
  facet normal 0.65941 0.751784 -0
    outer loop
      vertex 42.5085 50.0563 0
      vertex 42.2676 50.2676 3.2
      vertex 42.5085 50.0563 3.2
    endloop
  endfacet
  facet normal 0.65941 0.751784 0
    outer loop
      vertex 42.2676 50.2676 3.2
      vertex 42.5085 50.0563 0
      vertex 42.2676 50.2676 0
    endloop
  endfacet
  facet normal 0.831397 0.555679 0
    outer loop
      vertex 50.0563 2.50853 3.2
      vertex 49.8782 2.775 0
      vertex 49.8782 2.775 3.2
    endloop
  endfacet
  facet normal 0.831397 0.555679 0
    outer loop
      vertex 49.8782 2.775 0
      vertex 50.0563 2.50853 3.2
      vertex 50.0563 2.50853 0
    endloop
  endfacet
  facet normal -0.980798 -0.195024 0
    outer loop
      vertex 54.429 4.31979 0
      vertex 54.3665 4.63411 3.2
      vertex 54.3665 4.63411 0
    endloop
  endfacet
  facet normal -0.980798 -0.195024 0
    outer loop
      vertex 54.3665 4.63411 3.2
      vertex 54.429 4.31979 0
      vertex 54.429 4.31979 3.2
    endloop
  endfacet
  facet normal -0.997851 -0.065527 0
    outer loop
      vertex 54.45 4 0
      vertex 54.429 4.31979 3.2
      vertex 54.429 4.31979 0
    endloop
  endfacet
  facet normal -0.997851 -0.065527 0
    outer loop
      vertex 54.429 4.31979 3.2
      vertex 54.45 4 0
      vertex 54.45 4 3.2
    endloop
  endfacet
  facet normal -0.442314 0.89686 0
    outer loop
      vertex 53.225 1.87824 0
      vertex 52.9376 1.7365 3.2
      vertex 53.225 1.87824 3.2
    endloop
  endfacet
  facet normal -0.442314 0.89686 0
    outer loop
      vertex 52.9376 1.7365 3.2
      vertex 53.225 1.87824 0
      vertex 52.9376 1.7365 0
    endloop
  endfacet
  facet normal 0.555506 0.831512 -0
    outer loop
      vertex 50.775 1.87824 0
      vertex 50.5085 2.05628 3.2
      vertex 50.775 1.87824 3.2
    endloop
  endfacet
  facet normal 0.555506 0.831512 0
    outer loop
      vertex 50.5085 2.05628 3.2
      vertex 50.775 1.87824 0
      vertex 50.5085 2.05628 0
    endloop
  endfacet
  facet normal -0.659428 -0.751768 0
    outer loop
      vertex 53.4915 5.94372 0
      vertex 53.7324 5.73241 3.2
      vertex 53.4915 5.94372 3.2
    endloop
  endfacet
  facet normal -0.659428 -0.751768 -0
    outer loop
      vertex 53.7324 5.73241 3.2
      vertex 53.4915 5.94372 0
      vertex 53.7324 5.73241 0
    endloop
  endfacet
  facet normal -0.896922 0.442189 0
    outer loop
      vertex 54.1218 2.775 0
      vertex 54.2635 3.06242 3.2
      vertex 54.2635 3.06242 0
    endloop
  endfacet
  facet normal -0.896922 0.442189 0
    outer loop
      vertex 54.2635 3.06242 3.2
      vertex 54.1218 2.775 0
      vertex 54.1218 2.775 3.2
    endloop
  endfacet
  facet normal 0.946944 0.3214 0
    outer loop
      vertex 49.7365 3.06242 3.2
      vertex 49.6335 3.36589 0
      vertex 49.6335 3.36589 3.2
    endloop
  endfacet
  facet normal 0.946944 0.3214 0
    outer loop
      vertex 49.6335 3.36589 0
      vertex 49.7365 3.06242 3.2
      vertex 49.7365 3.06242 0
    endloop
  endfacet
  facet normal 0.555506 -0.831512 0
    outer loop
      vertex 50.5085 5.94372 0
      vertex 50.775 6.12176 3.2
      vertex 50.5085 5.94372 3.2
    endloop
  endfacet
  facet normal 0.555506 -0.831512 0
    outer loop
      vertex 50.775 6.12176 3.2
      vertex 50.5085 5.94372 0
      vertex 50.775 6.12176 0
    endloop
  endfacet
  facet normal -0.946944 0.3214 0
    outer loop
      vertex 54.2635 3.06242 0
      vertex 54.3665 3.36589 3.2
      vertex 54.3665 3.36589 0
    endloop
  endfacet
  facet normal -0.946944 0.3214 0
    outer loop
      vertex 54.3665 3.36589 3.2
      vertex 54.2635 3.06242 0
      vertex 54.2635 3.06242 3.2
    endloop
  endfacet
  facet normal -0.321427 -0.946934 0
    outer loop
      vertex 52.6341 6.36652 0
      vertex 52.9376 6.2635 3.2
      vertex 52.6341 6.36652 3.2
    endloop
  endfacet
  facet normal -0.321427 -0.946934 -0
    outer loop
      vertex 52.9376 6.2635 3.2
      vertex 52.6341 6.36652 0
      vertex 52.9376 6.2635 0
    endloop
  endfacet
  facet normal -0.0654006 -0.997859 0
    outer loop
      vertex 52 6.45 0
      vertex 52.3198 6.42904 3.2
      vertex 52 6.45 3.2
    endloop
  endfacet
  facet normal -0.0654006 -0.997859 -0
    outer loop
      vertex 52.3198 6.42904 3.2
      vertex 52 6.45 0
      vertex 52.3198 6.42904 0
    endloop
  endfacet
  facet normal 0.659428 -0.751768 0
    outer loop
      vertex 50.2676 5.73241 0
      vertex 50.5085 5.94372 3.2
      vertex 50.2676 5.73241 3.2
    endloop
  endfacet
  facet normal 0.659428 -0.751768 0
    outer loop
      vertex 50.5085 5.94372 3.2
      vertex 50.2676 5.73241 0
      vertex 50.5085 5.94372 0
    endloop
  endfacet
  facet normal -0.751838 0.659348 0
    outer loop
      vertex 53.7324 2.26759 0
      vertex 53.9437 2.50853 3.2
      vertex 53.9437 2.50853 0
    endloop
  endfacet
  facet normal -0.751838 0.659348 0
    outer loop
      vertex 53.9437 2.50853 3.2
      vertex 53.7324 2.26759 0
      vertex 53.7324 2.26759 3.2
    endloop
  endfacet
  facet normal -0.195096 0.980784 0
    outer loop
      vertex 52.6341 1.63348 0
      vertex 52.3198 1.57096 3.2
      vertex 52.6341 1.63348 3.2
    endloop
  endfacet
  facet normal -0.195096 0.980784 0
    outer loop
      vertex 52.3198 1.57096 3.2
      vertex 52.6341 1.63348 0
      vertex 52.3198 1.57096 0
    endloop
  endfacet
  facet normal -0.831387 -0.555693 0
    outer loop
      vertex 54.1218 5.225 0
      vertex 53.9437 5.49146 3.2
      vertex 53.9437 5.49146 0
    endloop
  endfacet
  facet normal -0.831387 -0.555693 0
    outer loop
      vertex 53.9437 5.49146 3.2
      vertex 54.1218 5.225 0
      vertex 54.1218 5.225 3.2
    endloop
  endfacet
  facet normal 0.751851 -0.659333 0
    outer loop
      vertex 50.0563 5.49146 3.2
      vertex 50.2676 5.73241 0
      vertex 50.2676 5.73241 3.2
    endloop
  endfacet
  facet normal 0.751851 -0.659333 0
    outer loop
      vertex 50.2676 5.73241 0
      vertex 50.0563 5.49146 3.2
      vertex 50.0563 5.49146 0
    endloop
  endfacet
  facet normal 0.321427 0.946934 -0
    outer loop
      vertex 51.3659 1.63348 0
      vertex 51.0624 1.7365 3.2
      vertex 51.3659 1.63348 3.2
    endloop
  endfacet
  facet normal 0.321427 0.946934 0
    outer loop
      vertex 51.0624 1.7365 3.2
      vertex 51.3659 1.63348 0
      vertex 51.0624 1.7365 0
    endloop
  endfacet
  facet normal -0.195096 -0.980784 0
    outer loop
      vertex 52.3198 6.42904 0
      vertex 52.6341 6.36652 3.2
      vertex 52.3198 6.42904 3.2
    endloop
  endfacet
  facet normal -0.195096 -0.980784 -0
    outer loop
      vertex 52.6341 6.36652 3.2
      vertex 52.3198 6.42904 0
      vertex 52.6341 6.36652 0
    endloop
  endfacet
  facet normal -0.321427 0.946934 0
    outer loop
      vertex 52.9376 1.7365 0
      vertex 52.6341 1.63348 3.2
      vertex 52.9376 1.7365 3.2
    endloop
  endfacet
  facet normal -0.321427 0.946934 0
    outer loop
      vertex 52.6341 1.63348 3.2
      vertex 52.9376 1.7365 0
      vertex 52.6341 1.63348 0
    endloop
  endfacet
  facet normal -0.442314 -0.89686 0
    outer loop
      vertex 52.9376 6.2635 0
      vertex 53.225 6.12176 3.2
      vertex 52.9376 6.2635 3.2
    endloop
  endfacet
  facet normal -0.442314 -0.89686 -0
    outer loop
      vertex 53.225 6.12176 3.2
      vertex 52.9376 6.2635 0
      vertex 53.225 6.12176 0
    endloop
  endfacet
  facet normal -0.555506 -0.831512 0
    outer loop
      vertex 53.225 6.12176 0
      vertex 53.4915 5.94372 3.2
      vertex 53.225 6.12176 3.2
    endloop
  endfacet
  facet normal -0.555506 -0.831512 -0
    outer loop
      vertex 53.4915 5.94372 3.2
      vertex 53.225 6.12176 0
      vertex 53.4915 5.94372 0
    endloop
  endfacet
  facet normal -0.555506 0.831512 0
    outer loop
      vertex 53.4915 2.05628 0
      vertex 53.225 1.87824 3.2
      vertex 53.4915 2.05628 3.2
    endloop
  endfacet
  facet normal -0.555506 0.831512 0
    outer loop
      vertex 53.225 1.87824 3.2
      vertex 53.4915 2.05628 0
      vertex 53.225 1.87824 0
    endloop
  endfacet
  facet normal 0.896928 -0.442176 0
    outer loop
      vertex 49.7365 4.93757 3.2
      vertex 49.8782 5.225 0
      vertex 49.8782 5.225 3.2
    endloop
  endfacet
  facet normal 0.896928 -0.442176 0
    outer loop
      vertex 49.8782 5.225 0
      vertex 49.7365 4.93757 3.2
      vertex 49.7365 4.93757 0
    endloop
  endfacet
  facet normal 0.997851 -0.065527 0
    outer loop
      vertex 49.55 4 3.2
      vertex 49.571 4.31979 0
      vertex 49.571 4.31979 3.2
    endloop
  endfacet
  facet normal 0.997851 -0.065527 0
    outer loop
      vertex 49.571 4.31979 0
      vertex 49.55 4 3.2
      vertex 49.55 4 0
    endloop
  endfacet
  facet normal -0.659428 0.751768 0
    outer loop
      vertex 53.7324 2.26759 0
      vertex 53.4915 2.05628 3.2
      vertex 53.7324 2.26759 3.2
    endloop
  endfacet
  facet normal -0.659428 0.751768 0
    outer loop
      vertex 53.4915 2.05628 3.2
      vertex 53.7324 2.26759 0
      vertex 53.4915 2.05628 0
    endloop
  endfacet
  facet normal 0.195096 -0.980784 0
    outer loop
      vertex 51.3659 6.36652 0
      vertex 51.6802 6.42904 3.2
      vertex 51.3659 6.36652 3.2
    endloop
  endfacet
  facet normal 0.195096 -0.980784 0
    outer loop
      vertex 51.6802 6.42904 3.2
      vertex 51.3659 6.36652 0
      vertex 51.6802 6.42904 0
    endloop
  endfacet
  facet normal -0.980798 0.195024 0
    outer loop
      vertex 54.3665 3.36589 0
      vertex 54.429 3.68021 3.2
      vertex 54.429 3.68021 0
    endloop
  endfacet
  facet normal -0.980798 0.195024 0
    outer loop
      vertex 54.429 3.68021 3.2
      vertex 54.3665 3.36589 0
      vertex 54.3665 3.36589 3.2
    endloop
  endfacet
  facet normal -0.997851 0.065527 0
    outer loop
      vertex 54.429 3.68021 0
      vertex 54.45 4 3.2
      vertex 54.45 4 0
    endloop
  endfacet
  facet normal -0.997851 0.065527 0
    outer loop
      vertex 54.45 4 3.2
      vertex 54.429 3.68021 0
      vertex 54.429 3.68021 3.2
    endloop
  endfacet
  facet normal 0.896922 0.442189 0
    outer loop
      vertex 49.8782 2.775 3.2
      vertex 49.7365 3.06242 0
      vertex 49.7365 3.06242 3.2
    endloop
  endfacet
  facet normal 0.896922 0.442189 0
    outer loop
      vertex 49.7365 3.06242 0
      vertex 49.8782 2.775 3.2
      vertex 49.8782 2.775 0
    endloop
  endfacet
  facet normal 0.980798 -0.195024 0
    outer loop
      vertex 49.571 4.31979 3.2
      vertex 49.6335 4.63411 0
      vertex 49.6335 4.63411 3.2
    endloop
  endfacet
  facet normal 0.980798 -0.195024 0
    outer loop
      vertex 49.6335 4.63411 0
      vertex 49.571 4.31979 3.2
      vertex 49.571 4.31979 0
    endloop
  endfacet
  facet normal -0.896928 -0.442176 0
    outer loop
      vertex 54.2635 4.93757 0
      vertex 54.1218 5.225 3.2
      vertex 54.1218 5.225 0
    endloop
  endfacet
  facet normal -0.896928 -0.442176 0
    outer loop
      vertex 54.1218 5.225 3.2
      vertex 54.2635 4.93757 0
      vertex 54.2635 4.93757 3.2
    endloop
  endfacet
  facet normal -0.0654006 0.997859 0
    outer loop
      vertex 52.3198 1.57096 0
      vertex 52 1.55 3.2
      vertex 52.3198 1.57096 3.2
    endloop
  endfacet
  facet normal -0.0654006 0.997859 0
    outer loop
      vertex 52 1.55 3.2
      vertex 52.3198 1.57096 0
      vertex 52 1.55 0
    endloop
  endfacet
  facet normal -0.831397 0.555679 0
    outer loop
      vertex 53.9437 2.50853 0
      vertex 54.1218 2.775 3.2
      vertex 54.1218 2.775 0
    endloop
  endfacet
  facet normal -0.831397 0.555679 0
    outer loop
      vertex 54.1218 2.775 3.2
      vertex 53.9437 2.50853 0
      vertex 53.9437 2.50853 3.2
    endloop
  endfacet
  facet normal 0.442314 -0.89686 0
    outer loop
      vertex 50.775 6.12176 0
      vertex 51.0624 6.2635 3.2
      vertex 50.775 6.12176 3.2
    endloop
  endfacet
  facet normal 0.442314 -0.89686 0
    outer loop
      vertex 51.0624 6.2635 3.2
      vertex 50.775 6.12176 0
      vertex 51.0624 6.2635 0
    endloop
  endfacet
  facet normal 0.0654006 -0.997859 0
    outer loop
      vertex 51.6802 6.42904 0
      vertex 52 6.45 3.2
      vertex 51.6802 6.42904 3.2
    endloop
  endfacet
  facet normal 0.0654006 -0.997859 0
    outer loop
      vertex 52 6.45 3.2
      vertex 51.6802 6.42904 0
      vertex 52 6.45 0
    endloop
  endfacet
  facet normal -0.751851 -0.659333 0
    outer loop
      vertex 53.9437 5.49146 0
      vertex 53.7324 5.73241 3.2
      vertex 53.7324 5.73241 0
    endloop
  endfacet
  facet normal -0.751851 -0.659333 0
    outer loop
      vertex 53.7324 5.73241 3.2
      vertex 53.9437 5.49146 0
      vertex 53.9437 5.49146 3.2
    endloop
  endfacet
  facet normal -0.94694 -0.321409 0
    outer loop
      vertex 54.3665 4.63411 0
      vertex 54.2635 4.93757 3.2
      vertex 54.2635 4.93757 0
    endloop
  endfacet
  facet normal -0.94694 -0.321409 0
    outer loop
      vertex 54.2635 4.93757 3.2
      vertex 54.3665 4.63411 0
      vertex 54.3665 4.63411 3.2
    endloop
  endfacet
  facet normal 0.321427 -0.946934 0
    outer loop
      vertex 51.0624 6.2635 0
      vertex 51.3659 6.36652 3.2
      vertex 51.0624 6.2635 3.2
    endloop
  endfacet
  facet normal 0.321427 -0.946934 0
    outer loop
      vertex 51.3659 6.36652 3.2
      vertex 51.0624 6.2635 0
      vertex 51.3659 6.36652 0
    endloop
  endfacet
  facet normal 0.997851 0.065527 0
    outer loop
      vertex 49.571 3.68021 3.2
      vertex 49.55 4 0
      vertex 49.55 4 3.2
    endloop
  endfacet
  facet normal 0.997851 0.065527 0
    outer loop
      vertex 49.55 4 0
      vertex 49.571 3.68021 3.2
      vertex 49.571 3.68021 0
    endloop
  endfacet
  facet normal 0.980798 0.195024 0
    outer loop
      vertex 49.6335 3.36589 3.2
      vertex 49.571 3.68021 0
      vertex 49.571 3.68021 3.2
    endloop
  endfacet
  facet normal 0.980798 0.195024 0
    outer loop
      vertex 49.571 3.68021 0
      vertex 49.6335 3.36589 3.2
      vertex 49.6335 3.36589 0
    endloop
  endfacet
  facet normal 0.831387 -0.555693 0
    outer loop
      vertex 49.8782 5.225 3.2
      vertex 50.0563 5.49146 0
      vertex 50.0563 5.49146 3.2
    endloop
  endfacet
  facet normal 0.831387 -0.555693 0
    outer loop
      vertex 50.0563 5.49146 0
      vertex 49.8782 5.225 3.2
      vertex 49.8782 5.225 0
    endloop
  endfacet
  facet normal 0.442314 0.89686 -0
    outer loop
      vertex 51.0624 1.7365 0
      vertex 50.775 1.87824 3.2
      vertex 51.0624 1.7365 3.2
    endloop
  endfacet
  facet normal 0.442314 0.89686 0
    outer loop
      vertex 50.775 1.87824 3.2
      vertex 51.0624 1.7365 0
      vertex 50.775 1.87824 0
    endloop
  endfacet
  facet normal 0.195096 0.980784 -0
    outer loop
      vertex 51.6802 1.57096 0
      vertex 51.3659 1.63348 3.2
      vertex 51.6802 1.57096 3.2
    endloop
  endfacet
  facet normal 0.195096 0.980784 0
    outer loop
      vertex 51.3659 1.63348 3.2
      vertex 51.6802 1.57096 0
      vertex 51.3659 1.63348 0
    endloop
  endfacet
  facet normal 0.94694 -0.321409 0
    outer loop
      vertex 49.6335 4.63411 3.2
      vertex 49.7365 4.93757 0
      vertex 49.7365 4.93757 3.2
    endloop
  endfacet
  facet normal 0.94694 -0.321409 0
    outer loop
      vertex 49.7365 4.93757 0
      vertex 49.6335 4.63411 3.2
      vertex 49.6335 4.63411 0
    endloop
  endfacet
  facet normal 0.751838 0.659348 0
    outer loop
      vertex 50.2676 2.26759 3.2
      vertex 50.0563 2.50853 0
      vertex 50.0563 2.50853 3.2
    endloop
  endfacet
  facet normal 0.751838 0.659348 0
    outer loop
      vertex 50.0563 2.50853 0
      vertex 50.2676 2.26759 3.2
      vertex 50.2676 2.26759 0
    endloop
  endfacet
  facet normal 0.0654006 0.997859 -0
    outer loop
      vertex 52 1.55 0
      vertex 51.6802 1.57096 3.2
      vertex 52 1.55 3.2
    endloop
  endfacet
  facet normal 0.0654006 0.997859 0
    outer loop
      vertex 51.6802 1.57096 3.2
      vertex 52 1.55 0
      vertex 51.6802 1.57096 0
    endloop
  endfacet
  facet normal 0.659428 0.751768 -0
    outer loop
      vertex 50.5085 2.05628 0
      vertex 50.2676 2.26759 3.2
      vertex 50.5085 2.05628 3.2
    endloop
  endfacet
  facet normal 0.659428 0.751768 0
    outer loop
      vertex 50.2676 2.26759 3.2
      vertex 50.5085 2.05628 0
      vertex 50.2676 2.26759 0
    endloop
  endfacet
  facet normal 0.831426 0.555636 0
    outer loop
      vertex 50.0563 50.5085 3.2
      vertex 49.8782 50.775 0
      vertex 49.8782 50.775 3.2
    endloop
  endfacet
  facet normal 0.831426 0.555636 0
    outer loop
      vertex 49.8782 50.775 0
      vertex 50.0563 50.5085 3.2
      vertex 50.0563 50.5085 0
    endloop
  endfacet
  facet normal -0.980796 -0.195036 0
    outer loop
      vertex 54.429 52.3198 0
      vertex 54.3665 52.6341 3.2
      vertex 54.3665 52.6341 0
    endloop
  endfacet
  facet normal -0.980796 -0.195036 0
    outer loop
      vertex 54.3665 52.6341 3.2
      vertex 54.429 52.3198 0
      vertex 54.429 52.3198 3.2
    endloop
  endfacet
  facet normal -0.997851 -0.0655249 0
    outer loop
      vertex 54.45 52 0
      vertex 54.429 52.3198 3.2
      vertex 54.429 52.3198 0
    endloop
  endfacet
  facet normal -0.997851 -0.0655249 0
    outer loop
      vertex 54.429 52.3198 3.2
      vertex 54.45 52 0
      vertex 54.45 52 3.2
    endloop
  endfacet
  facet normal -0.442213 0.89691 0
    outer loop
      vertex 53.225 49.8782 0
      vertex 52.9376 49.7365 3.2
      vertex 53.225 49.8782 3.2
    endloop
  endfacet
  facet normal -0.442213 0.89691 0
    outer loop
      vertex 52.9376 49.7365 3.2
      vertex 53.225 49.8782 0
      vertex 52.9376 49.7365 0
    endloop
  endfacet
  facet normal 0.555636 0.831426 -0
    outer loop
      vertex 50.775 49.8782 0
      vertex 50.5085 50.0563 3.2
      vertex 50.775 49.8782 3.2
    endloop
  endfacet
  facet normal 0.555636 0.831426 0
    outer loop
      vertex 50.5085 50.0563 3.2
      vertex 50.775 49.8782 0
      vertex 50.5085 50.0563 0
    endloop
  endfacet
  facet normal -0.65941 -0.751784 0
    outer loop
      vertex 53.4915 53.9437 0
      vertex 53.7324 53.7324 3.2
      vertex 53.4915 53.9437 3.2
    endloop
  endfacet
  facet normal -0.65941 -0.751784 -0
    outer loop
      vertex 53.7324 53.7324 3.2
      vertex 53.4915 53.9437 0
      vertex 53.7324 53.7324 0
    endloop
  endfacet
  facet normal -0.89691 0.442213 0
    outer loop
      vertex 54.1218 50.775 0
      vertex 54.2635 51.0624 3.2
      vertex 54.2635 51.0624 0
    endloop
  endfacet
  facet normal -0.89691 0.442213 0
    outer loop
      vertex 54.2635 51.0624 3.2
      vertex 54.1218 50.775 0
      vertex 54.1218 50.775 3.2
    endloop
  endfacet
  facet normal 0.946953 0.321371 0
    outer loop
      vertex 49.7365 51.0624 3.2
      vertex 49.6335 51.3659 0
      vertex 49.6335 51.3659 3.2
    endloop
  endfacet
  facet normal 0.946953 0.321371 0
    outer loop
      vertex 49.6335 51.3659 0
      vertex 49.7365 51.0624 3.2
      vertex 49.7365 51.0624 0
    endloop
  endfacet
  facet normal 0.555636 -0.831426 0
    outer loop
      vertex 50.5085 53.9437 0
      vertex 50.775 54.1218 3.2
      vertex 50.5085 53.9437 3.2
    endloop
  endfacet
  facet normal 0.555636 -0.831426 0
    outer loop
      vertex 50.775 54.1218 3.2
      vertex 50.5085 53.9437 0
      vertex 50.775 54.1218 0
    endloop
  endfacet
  facet normal -0.946953 0.321371 0
    outer loop
      vertex 54.2635 51.0624 0
      vertex 54.3665 51.3659 3.2
      vertex 54.3665 51.3659 0
    endloop
  endfacet
  facet normal -0.946953 0.321371 0
    outer loop
      vertex 54.3665 51.3659 3.2
      vertex 54.2635 51.0624 0
      vertex 54.2635 51.0624 3.2
    endloop
  endfacet
  facet normal -0.321371 -0.946953 0
    outer loop
      vertex 52.6341 54.3665 0
      vertex 52.9376 54.2635 3.2
      vertex 52.6341 54.3665 3.2
    endloop
  endfacet
  facet normal -0.321371 -0.946953 -0
    outer loop
      vertex 52.9376 54.2635 3.2
      vertex 52.6341 54.3665 0
      vertex 52.9376 54.2635 0
    endloop
  endfacet
  facet normal -0.0655249 -0.997851 0
    outer loop
      vertex 52 54.45 0
      vertex 52.3198 54.429 3.2
      vertex 52 54.45 3.2
    endloop
  endfacet
  facet normal -0.0655249 -0.997851 -0
    outer loop
      vertex 52.3198 54.429 3.2
      vertex 52 54.45 0
      vertex 52.3198 54.429 0
    endloop
  endfacet
  facet normal 0.65941 -0.751784 0
    outer loop
      vertex 50.2676 53.7324 0
      vertex 50.5085 53.9437 3.2
      vertex 50.2676 53.7324 3.2
    endloop
  endfacet
  facet normal 0.65941 -0.751784 0
    outer loop
      vertex 50.5085 53.9437 3.2
      vertex 50.2676 53.7324 0
      vertex 50.5085 53.9437 0
    endloop
  endfacet
  facet normal -0.751784 0.65941 0
    outer loop
      vertex 53.7324 50.2676 0
      vertex 53.9437 50.5085 3.2
      vertex 53.9437 50.5085 0
    endloop
  endfacet
  facet normal -0.751784 0.65941 0
    outer loop
      vertex 53.9437 50.5085 3.2
      vertex 53.7324 50.2676 0
      vertex 53.7324 50.2676 3.2
    endloop
  endfacet
  facet normal -0.195036 0.980796 0
    outer loop
      vertex 52.6341 49.6335 0
      vertex 52.3198 49.571 3.2
      vertex 52.6341 49.6335 3.2
    endloop
  endfacet
  facet normal -0.195036 0.980796 0
    outer loop
      vertex 52.3198 49.571 3.2
      vertex 52.6341 49.6335 0
      vertex 52.3198 49.571 0
    endloop
  endfacet
  facet normal -0.831426 -0.555636 0
    outer loop
      vertex 54.1218 53.225 0
      vertex 53.9437 53.4915 3.2
      vertex 53.9437 53.4915 0
    endloop
  endfacet
  facet normal -0.831426 -0.555636 0
    outer loop
      vertex 53.9437 53.4915 3.2
      vertex 54.1218 53.225 0
      vertex 54.1218 53.225 3.2
    endloop
  endfacet
  facet normal 0.751784 -0.65941 0
    outer loop
      vertex 50.0563 53.4915 3.2
      vertex 50.2676 53.7324 0
      vertex 50.2676 53.7324 3.2
    endloop
  endfacet
  facet normal 0.751784 -0.65941 0
    outer loop
      vertex 50.2676 53.7324 0
      vertex 50.0563 53.4915 3.2
      vertex 50.0563 53.4915 0
    endloop
  endfacet
  facet normal 0.321371 0.946953 -0
    outer loop
      vertex 51.3659 49.6335 0
      vertex 51.0624 49.7365 3.2
      vertex 51.3659 49.6335 3.2
    endloop
  endfacet
  facet normal 0.321371 0.946953 0
    outer loop
      vertex 51.0624 49.7365 3.2
      vertex 51.3659 49.6335 0
      vertex 51.0624 49.7365 0
    endloop
  endfacet
  facet normal -0.321371 0.946953 0
    outer loop
      vertex 52.9376 49.7365 0
      vertex 52.6341 49.6335 3.2
      vertex 52.9376 49.7365 3.2
    endloop
  endfacet
  facet normal -0.321371 0.946953 0
    outer loop
      vertex 52.6341 49.6335 3.2
      vertex 52.9376 49.7365 0
      vertex 52.6341 49.6335 0
    endloop
  endfacet
  facet normal -0.442213 -0.89691 0
    outer loop
      vertex 52.9376 54.2635 0
      vertex 53.225 54.1218 3.2
      vertex 52.9376 54.2635 3.2
    endloop
  endfacet
  facet normal -0.442213 -0.89691 -0
    outer loop
      vertex 53.225 54.1218 3.2
      vertex 52.9376 54.2635 0
      vertex 53.225 54.1218 0
    endloop
  endfacet
  facet normal -0.555636 -0.831426 0
    outer loop
      vertex 53.225 54.1218 0
      vertex 53.4915 53.9437 3.2
      vertex 53.225 54.1218 3.2
    endloop
  endfacet
  facet normal -0.555636 -0.831426 -0
    outer loop
      vertex 53.4915 53.9437 3.2
      vertex 53.225 54.1218 0
      vertex 53.4915 53.9437 0
    endloop
  endfacet
  facet normal -0.555636 0.831426 0
    outer loop
      vertex 53.4915 50.0563 0
      vertex 53.225 49.8782 3.2
      vertex 53.4915 50.0563 3.2
    endloop
  endfacet
  facet normal -0.555636 0.831426 0
    outer loop
      vertex 53.225 49.8782 3.2
      vertex 53.4915 50.0563 0
      vertex 53.225 49.8782 0
    endloop
  endfacet
  facet normal 0.89691 -0.442213 0
    outer loop
      vertex 49.7365 52.9376 3.2
      vertex 49.8782 53.225 0
      vertex 49.8782 53.225 3.2
    endloop
  endfacet
  facet normal 0.89691 -0.442213 0
    outer loop
      vertex 49.8782 53.225 0
      vertex 49.7365 52.9376 3.2
      vertex 49.7365 52.9376 0
    endloop
  endfacet
  facet normal -0.65941 0.751784 0
    outer loop
      vertex 53.7324 50.2676 0
      vertex 53.4915 50.0563 3.2
      vertex 53.7324 50.2676 3.2
    endloop
  endfacet
  facet normal -0.65941 0.751784 0
    outer loop
      vertex 53.4915 50.0563 3.2
      vertex 53.7324 50.2676 0
      vertex 53.4915 50.0563 0
    endloop
  endfacet
  facet normal 0.195036 -0.980796 0
    outer loop
      vertex 51.3659 54.3665 0
      vertex 51.6802 54.429 3.2
      vertex 51.3659 54.3665 3.2
    endloop
  endfacet
  facet normal 0.195036 -0.980796 0
    outer loop
      vertex 51.6802 54.429 3.2
      vertex 51.3659 54.3665 0
      vertex 51.6802 54.429 0
    endloop
  endfacet
  facet normal -0.980796 0.195036 0
    outer loop
      vertex 54.3665 51.3659 0
      vertex 54.429 51.6802 3.2
      vertex 54.429 51.6802 0
    endloop
  endfacet
  facet normal -0.980796 0.195036 0
    outer loop
      vertex 54.429 51.6802 3.2
      vertex 54.3665 51.3659 0
      vertex 54.3665 51.3659 3.2
    endloop
  endfacet
  facet normal -0.997851 0.0655249 0
    outer loop
      vertex 54.429 51.6802 0
      vertex 54.45 52 3.2
      vertex 54.45 52 0
    endloop
  endfacet
  facet normal -0.997851 0.0655249 0
    outer loop
      vertex 54.45 52 3.2
      vertex 54.429 51.6802 0
      vertex 54.429 51.6802 3.2
    endloop
  endfacet
  facet normal 0.89691 0.442213 0
    outer loop
      vertex 49.8782 50.775 3.2
      vertex 49.7365 51.0624 0
      vertex 49.7365 51.0624 3.2
    endloop
  endfacet
  facet normal 0.89691 0.442213 0
    outer loop
      vertex 49.7365 51.0624 0
      vertex 49.8782 50.775 3.2
      vertex 49.8782 50.775 0
    endloop
  endfacet
  facet normal 0.980796 -0.195036 0
    outer loop
      vertex 49.571 52.3198 3.2
      vertex 49.6335 52.6341 0
      vertex 49.6335 52.6341 3.2
    endloop
  endfacet
  facet normal 0.980796 -0.195036 0
    outer loop
      vertex 49.6335 52.6341 0
      vertex 49.571 52.3198 3.2
      vertex 49.571 52.3198 0
    endloop
  endfacet
  facet normal -0.89691 -0.442213 0
    outer loop
      vertex 54.2635 52.9376 0
      vertex 54.1218 53.225 3.2
      vertex 54.1218 53.225 0
    endloop
  endfacet
  facet normal -0.89691 -0.442213 0
    outer loop
      vertex 54.1218 53.225 3.2
      vertex 54.2635 52.9376 0
      vertex 54.2635 52.9376 3.2
    endloop
  endfacet
  facet normal -0.0655249 0.997851 0
    outer loop
      vertex 52.3198 49.571 0
      vertex 52 49.55 3.2
      vertex 52.3198 49.571 3.2
    endloop
  endfacet
  facet normal -0.0655249 0.997851 0
    outer loop
      vertex 52 49.55 3.2
      vertex 52.3198 49.571 0
      vertex 52 49.55 0
    endloop
  endfacet
  facet normal -0.831426 0.555636 0
    outer loop
      vertex 53.9437 50.5085 0
      vertex 54.1218 50.775 3.2
      vertex 54.1218 50.775 0
    endloop
  endfacet
  facet normal -0.831426 0.555636 0
    outer loop
      vertex 54.1218 50.775 3.2
      vertex 53.9437 50.5085 0
      vertex 53.9437 50.5085 3.2
    endloop
  endfacet
  facet normal 0.442213 -0.89691 0
    outer loop
      vertex 50.775 54.1218 0
      vertex 51.0624 54.2635 3.2
      vertex 50.775 54.1218 3.2
    endloop
  endfacet
  facet normal 0.442213 -0.89691 0
    outer loop
      vertex 51.0624 54.2635 3.2
      vertex 50.775 54.1218 0
      vertex 51.0624 54.2635 0
    endloop
  endfacet
  facet normal 0.0655249 -0.997851 0
    outer loop
      vertex 51.6802 54.429 0
      vertex 52 54.45 3.2
      vertex 51.6802 54.429 3.2
    endloop
  endfacet
  facet normal 0.0655249 -0.997851 0
    outer loop
      vertex 52 54.45 3.2
      vertex 51.6802 54.429 0
      vertex 52 54.45 0
    endloop
  endfacet
  facet normal -0.751784 -0.65941 0
    outer loop
      vertex 53.9437 53.4915 0
      vertex 53.7324 53.7324 3.2
      vertex 53.7324 53.7324 0
    endloop
  endfacet
  facet normal -0.751784 -0.65941 0
    outer loop
      vertex 53.7324 53.7324 3.2
      vertex 53.9437 53.4915 0
      vertex 53.9437 53.4915 3.2
    endloop
  endfacet
  facet normal -0.946953 -0.321371 0
    outer loop
      vertex 54.3665 52.6341 0
      vertex 54.2635 52.9376 3.2
      vertex 54.2635 52.9376 0
    endloop
  endfacet
  facet normal -0.946953 -0.321371 0
    outer loop
      vertex 54.2635 52.9376 3.2
      vertex 54.3665 52.6341 0
      vertex 54.3665 52.6341 3.2
    endloop
  endfacet
  facet normal 0.321371 -0.946953 0
    outer loop
      vertex 51.0624 54.2635 0
      vertex 51.3659 54.3665 3.2
      vertex 51.0624 54.2635 3.2
    endloop
  endfacet
  facet normal 0.321371 -0.946953 0
    outer loop
      vertex 51.3659 54.3665 3.2
      vertex 51.0624 54.2635 0
      vertex 51.3659 54.3665 0
    endloop
  endfacet
  facet normal 0.997851 0.0655249 0
    outer loop
      vertex 49.571 51.6802 3.2
      vertex 49.55 52 0
      vertex 49.55 52 3.2
    endloop
  endfacet
  facet normal 0.997851 0.0655249 0
    outer loop
      vertex 49.55 52 0
      vertex 49.571 51.6802 3.2
      vertex 49.571 51.6802 0
    endloop
  endfacet
  facet normal 0.980796 0.195036 0
    outer loop
      vertex 49.6335 51.3659 3.2
      vertex 49.571 51.6802 0
      vertex 49.571 51.6802 3.2
    endloop
  endfacet
  facet normal 0.980796 0.195036 0
    outer loop
      vertex 49.571 51.6802 0
      vertex 49.6335 51.3659 3.2
      vertex 49.6335 51.3659 0
    endloop
  endfacet
  facet normal 0.831426 -0.555636 0
    outer loop
      vertex 49.8782 53.225 3.2
      vertex 50.0563 53.4915 0
      vertex 50.0563 53.4915 3.2
    endloop
  endfacet
  facet normal 0.831426 -0.555636 0
    outer loop
      vertex 50.0563 53.4915 0
      vertex 49.8782 53.225 3.2
      vertex 49.8782 53.225 0
    endloop
  endfacet
  facet normal 0.442213 0.89691 -0
    outer loop
      vertex 51.0624 49.7365 0
      vertex 50.775 49.8782 3.2
      vertex 51.0624 49.7365 3.2
    endloop
  endfacet
  facet normal 0.442213 0.89691 0
    outer loop
      vertex 50.775 49.8782 3.2
      vertex 51.0624 49.7365 0
      vertex 50.775 49.8782 0
    endloop
  endfacet
  facet normal 0.195036 0.980796 -0
    outer loop
      vertex 51.6802 49.571 0
      vertex 51.3659 49.6335 3.2
      vertex 51.6802 49.571 3.2
    endloop
  endfacet
  facet normal 0.195036 0.980796 0
    outer loop
      vertex 51.3659 49.6335 3.2
      vertex 51.6802 49.571 0
      vertex 51.3659 49.6335 0
    endloop
  endfacet
  facet normal 0.946953 -0.321371 0
    outer loop
      vertex 49.6335 52.6341 3.2
      vertex 49.7365 52.9376 0
      vertex 49.7365 52.9376 3.2
    endloop
  endfacet
  facet normal 0.946953 -0.321371 0
    outer loop
      vertex 49.7365 52.9376 0
      vertex 49.6335 52.6341 3.2
      vertex 49.6335 52.6341 0
    endloop
  endfacet
  facet normal 0.751784 0.65941 0
    outer loop
      vertex 50.2676 50.2676 3.2
      vertex 50.0563 50.5085 0
      vertex 50.0563 50.5085 3.2
    endloop
  endfacet
  facet normal 0.751784 0.65941 0
    outer loop
      vertex 50.0563 50.5085 0
      vertex 50.2676 50.2676 3.2
      vertex 50.2676 50.2676 0
    endloop
  endfacet
  facet normal 0.997851 -0.0655249 0
    outer loop
      vertex 49.55 52 3.2
      vertex 49.571 52.3198 0
      vertex 49.571 52.3198 3.2
    endloop
  endfacet
  facet normal 0.997851 -0.0655249 0
    outer loop
      vertex 49.571 52.3198 0
      vertex 49.55 52 3.2
      vertex 49.55 52 0
    endloop
  endfacet
  facet normal -0.195036 -0.980796 0
    outer loop
      vertex 52.3198 54.429 0
      vertex 52.6341 54.3665 3.2
      vertex 52.3198 54.429 3.2
    endloop
  endfacet
  facet normal -0.195036 -0.980796 -0
    outer loop
      vertex 52.6341 54.3665 3.2
      vertex 52.3198 54.429 0
      vertex 52.6341 54.3665 0
    endloop
  endfacet
  facet normal 0.0655249 0.997851 -0
    outer loop
      vertex 52 49.55 0
      vertex 51.6802 49.571 3.2
      vertex 52 49.55 3.2
    endloop
  endfacet
  facet normal 0.0655249 0.997851 0
    outer loop
      vertex 51.6802 49.571 3.2
      vertex 52 49.55 0
      vertex 51.6802 49.571 0
    endloop
  endfacet
  facet normal 0.65941 0.751784 -0
    outer loop
      vertex 50.5085 50.0563 0
      vertex 50.2676 50.2676 3.2
      vertex 50.5085 50.0563 3.2
    endloop
  endfacet
  facet normal 0.65941 0.751784 0
    outer loop
      vertex 50.2676 50.2676 3.2
      vertex 50.5085 50.0563 0
      vertex 50.2676 50.2676 0
    endloop
  endfacet
  facet normal 0.831397 0.555679 0
    outer loop
      vertex 58.0563 2.50853 3.2
      vertex 57.8782 2.775 0
      vertex 57.8782 2.775 3.2
    endloop
  endfacet
  facet normal 0.831397 0.555679 0
    outer loop
      vertex 57.8782 2.775 0
      vertex 58.0563 2.50853 3.2
      vertex 58.0563 2.50853 0
    endloop
  endfacet
  facet normal -0.980798 -0.195024 0
    outer loop
      vertex 62.429 4.31979 0
      vertex 62.3665 4.63411 3.2
      vertex 62.3665 4.63411 0
    endloop
  endfacet
  facet normal -0.980798 -0.195024 0
    outer loop
      vertex 62.3665 4.63411 3.2
      vertex 62.429 4.31979 0
      vertex 62.429 4.31979 3.2
    endloop
  endfacet
  facet normal -0.997851 -0.065527 0
    outer loop
      vertex 62.45 4 0
      vertex 62.429 4.31979 3.2
      vertex 62.429 4.31979 0
    endloop
  endfacet
  facet normal -0.997851 -0.065527 0
    outer loop
      vertex 62.429 4.31979 3.2
      vertex 62.45 4 0
      vertex 62.45 4 3.2
    endloop
  endfacet
  facet normal -0.442314 0.89686 0
    outer loop
      vertex 61.225 1.87824 0
      vertex 60.9376 1.7365 3.2
      vertex 61.225 1.87824 3.2
    endloop
  endfacet
  facet normal -0.442314 0.89686 0
    outer loop
      vertex 60.9376 1.7365 3.2
      vertex 61.225 1.87824 0
      vertex 60.9376 1.7365 0
    endloop
  endfacet
  facet normal 0.555506 0.831512 -0
    outer loop
      vertex 58.775 1.87824 0
      vertex 58.5085 2.05628 3.2
      vertex 58.775 1.87824 3.2
    endloop
  endfacet
  facet normal 0.555506 0.831512 0
    outer loop
      vertex 58.5085 2.05628 3.2
      vertex 58.775 1.87824 0
      vertex 58.5085 2.05628 0
    endloop
  endfacet
  facet normal -0.659428 -0.751768 0
    outer loop
      vertex 61.4915 5.94372 0
      vertex 61.7324 5.73241 3.2
      vertex 61.4915 5.94372 3.2
    endloop
  endfacet
  facet normal -0.659428 -0.751768 -0
    outer loop
      vertex 61.7324 5.73241 3.2
      vertex 61.4915 5.94372 0
      vertex 61.7324 5.73241 0
    endloop
  endfacet
  facet normal -0.896922 0.442189 0
    outer loop
      vertex 62.1218 2.775 0
      vertex 62.2635 3.06242 3.2
      vertex 62.2635 3.06242 0
    endloop
  endfacet
  facet normal -0.896922 0.442189 0
    outer loop
      vertex 62.2635 3.06242 3.2
      vertex 62.1218 2.775 0
      vertex 62.1218 2.775 3.2
    endloop
  endfacet
  facet normal 0.946944 0.3214 0
    outer loop
      vertex 57.7365 3.06242 3.2
      vertex 57.6335 3.36589 0
      vertex 57.6335 3.36589 3.2
    endloop
  endfacet
  facet normal 0.946944 0.3214 0
    outer loop
      vertex 57.6335 3.36589 0
      vertex 57.7365 3.06242 3.2
      vertex 57.7365 3.06242 0
    endloop
  endfacet
  facet normal 0.555506 -0.831512 0
    outer loop
      vertex 58.5085 5.94372 0
      vertex 58.775 6.12176 3.2
      vertex 58.5085 5.94372 3.2
    endloop
  endfacet
  facet normal 0.555506 -0.831512 0
    outer loop
      vertex 58.775 6.12176 3.2
      vertex 58.5085 5.94372 0
      vertex 58.775 6.12176 0
    endloop
  endfacet
  facet normal -0.946944 0.3214 0
    outer loop
      vertex 62.2635 3.06242 0
      vertex 62.3665 3.36589 3.2
      vertex 62.3665 3.36589 0
    endloop
  endfacet
  facet normal -0.946944 0.3214 0
    outer loop
      vertex 62.3665 3.36589 3.2
      vertex 62.2635 3.06242 0
      vertex 62.2635 3.06242 3.2
    endloop
  endfacet
  facet normal -0.321427 -0.946934 0
    outer loop
      vertex 60.6341 6.36652 0
      vertex 60.9376 6.2635 3.2
      vertex 60.6341 6.36652 3.2
    endloop
  endfacet
  facet normal -0.321427 -0.946934 -0
    outer loop
      vertex 60.9376 6.2635 3.2
      vertex 60.6341 6.36652 0
      vertex 60.9376 6.2635 0
    endloop
  endfacet
  facet normal -0.0654006 -0.997859 0
    outer loop
      vertex 60 6.45 0
      vertex 60.3198 6.42904 3.2
      vertex 60 6.45 3.2
    endloop
  endfacet
  facet normal -0.0654006 -0.997859 -0
    outer loop
      vertex 60.3198 6.42904 3.2
      vertex 60 6.45 0
      vertex 60.3198 6.42904 0
    endloop
  endfacet
  facet normal 0.659428 -0.751768 0
    outer loop
      vertex 58.2676 5.73241 0
      vertex 58.5085 5.94372 3.2
      vertex 58.2676 5.73241 3.2
    endloop
  endfacet
  facet normal 0.659428 -0.751768 0
    outer loop
      vertex 58.5085 5.94372 3.2
      vertex 58.2676 5.73241 0
      vertex 58.5085 5.94372 0
    endloop
  endfacet
  facet normal -0.751838 0.659348 0
    outer loop
      vertex 61.7324 2.26759 0
      vertex 61.9437 2.50853 3.2
      vertex 61.9437 2.50853 0
    endloop
  endfacet
  facet normal -0.751838 0.659348 0
    outer loop
      vertex 61.9437 2.50853 3.2
      vertex 61.7324 2.26759 0
      vertex 61.7324 2.26759 3.2
    endloop
  endfacet
  facet normal -0.195096 0.980784 0
    outer loop
      vertex 60.6341 1.63348 0
      vertex 60.3198 1.57096 3.2
      vertex 60.6341 1.63348 3.2
    endloop
  endfacet
  facet normal -0.195096 0.980784 0
    outer loop
      vertex 60.3198 1.57096 3.2
      vertex 60.6341 1.63348 0
      vertex 60.3198 1.57096 0
    endloop
  endfacet
  facet normal -0.831387 -0.555693 0
    outer loop
      vertex 62.1218 5.225 0
      vertex 61.9437 5.49146 3.2
      vertex 61.9437 5.49146 0
    endloop
  endfacet
  facet normal -0.831387 -0.555693 0
    outer loop
      vertex 61.9437 5.49146 3.2
      vertex 62.1218 5.225 0
      vertex 62.1218 5.225 3.2
    endloop
  endfacet
  facet normal 0.751851 -0.659333 0
    outer loop
      vertex 58.0563 5.49146 3.2
      vertex 58.2676 5.73241 0
      vertex 58.2676 5.73241 3.2
    endloop
  endfacet
  facet normal 0.751851 -0.659333 0
    outer loop
      vertex 58.2676 5.73241 0
      vertex 58.0563 5.49146 3.2
      vertex 58.0563 5.49146 0
    endloop
  endfacet
  facet normal 0.321427 0.946934 -0
    outer loop
      vertex 59.3659 1.63348 0
      vertex 59.0624 1.7365 3.2
      vertex 59.3659 1.63348 3.2
    endloop
  endfacet
  facet normal 0.321427 0.946934 0
    outer loop
      vertex 59.0624 1.7365 3.2
      vertex 59.3659 1.63348 0
      vertex 59.0624 1.7365 0
    endloop
  endfacet
  facet normal -0.195096 -0.980784 0
    outer loop
      vertex 60.3198 6.42904 0
      vertex 60.6341 6.36652 3.2
      vertex 60.3198 6.42904 3.2
    endloop
  endfacet
  facet normal -0.195096 -0.980784 -0
    outer loop
      vertex 60.6341 6.36652 3.2
      vertex 60.3198 6.42904 0
      vertex 60.6341 6.36652 0
    endloop
  endfacet
  facet normal -0.321427 0.946934 0
    outer loop
      vertex 60.9376 1.7365 0
      vertex 60.6341 1.63348 3.2
      vertex 60.9376 1.7365 3.2
    endloop
  endfacet
  facet normal -0.321427 0.946934 0
    outer loop
      vertex 60.6341 1.63348 3.2
      vertex 60.9376 1.7365 0
      vertex 60.6341 1.63348 0
    endloop
  endfacet
  facet normal -0.442314 -0.89686 0
    outer loop
      vertex 60.9376 6.2635 0
      vertex 61.225 6.12176 3.2
      vertex 60.9376 6.2635 3.2
    endloop
  endfacet
  facet normal -0.442314 -0.89686 -0
    outer loop
      vertex 61.225 6.12176 3.2
      vertex 60.9376 6.2635 0
      vertex 61.225 6.12176 0
    endloop
  endfacet
  facet normal -0.555506 -0.831512 0
    outer loop
      vertex 61.225 6.12176 0
      vertex 61.4915 5.94372 3.2
      vertex 61.225 6.12176 3.2
    endloop
  endfacet
  facet normal -0.555506 -0.831512 -0
    outer loop
      vertex 61.4915 5.94372 3.2
      vertex 61.225 6.12176 0
      vertex 61.4915 5.94372 0
    endloop
  endfacet
  facet normal -0.555506 0.831512 0
    outer loop
      vertex 61.4915 2.05628 0
      vertex 61.225 1.87824 3.2
      vertex 61.4915 2.05628 3.2
    endloop
  endfacet
  facet normal -0.555506 0.831512 0
    outer loop
      vertex 61.225 1.87824 3.2
      vertex 61.4915 2.05628 0
      vertex 61.225 1.87824 0
    endloop
  endfacet
  facet normal 0.896928 -0.442176 0
    outer loop
      vertex 57.7365 4.93757 3.2
      vertex 57.8782 5.225 0
      vertex 57.8782 5.225 3.2
    endloop
  endfacet
  facet normal 0.896928 -0.442176 0
    outer loop
      vertex 57.8782 5.225 0
      vertex 57.7365 4.93757 3.2
      vertex 57.7365 4.93757 0
    endloop
  endfacet
  facet normal 0.997851 -0.065527 0
    outer loop
      vertex 57.55 4 3.2
      vertex 57.571 4.31979 0
      vertex 57.571 4.31979 3.2
    endloop
  endfacet
  facet normal 0.997851 -0.065527 0
    outer loop
      vertex 57.571 4.31979 0
      vertex 57.55 4 3.2
      vertex 57.55 4 0
    endloop
  endfacet
  facet normal -0.659428 0.751768 0
    outer loop
      vertex 61.7324 2.26759 0
      vertex 61.4915 2.05628 3.2
      vertex 61.7324 2.26759 3.2
    endloop
  endfacet
  facet normal -0.659428 0.751768 0
    outer loop
      vertex 61.4915 2.05628 3.2
      vertex 61.7324 2.26759 0
      vertex 61.4915 2.05628 0
    endloop
  endfacet
  facet normal 0.195096 -0.980784 0
    outer loop
      vertex 59.3659 6.36652 0
      vertex 59.6802 6.42904 3.2
      vertex 59.3659 6.36652 3.2
    endloop
  endfacet
  facet normal 0.195096 -0.980784 0
    outer loop
      vertex 59.6802 6.42904 3.2
      vertex 59.3659 6.36652 0
      vertex 59.6802 6.42904 0
    endloop
  endfacet
  facet normal -0.980798 0.195024 0
    outer loop
      vertex 62.3665 3.36589 0
      vertex 62.429 3.68021 3.2
      vertex 62.429 3.68021 0
    endloop
  endfacet
  facet normal -0.980798 0.195024 0
    outer loop
      vertex 62.429 3.68021 3.2
      vertex 62.3665 3.36589 0
      vertex 62.3665 3.36589 3.2
    endloop
  endfacet
  facet normal -0.997851 0.065527 0
    outer loop
      vertex 62.429 3.68021 0
      vertex 62.45 4 3.2
      vertex 62.45 4 0
    endloop
  endfacet
  facet normal -0.997851 0.065527 0
    outer loop
      vertex 62.45 4 3.2
      vertex 62.429 3.68021 0
      vertex 62.429 3.68021 3.2
    endloop
  endfacet
  facet normal 0.896922 0.442189 0
    outer loop
      vertex 57.8782 2.775 3.2
      vertex 57.7365 3.06242 0
      vertex 57.7365 3.06242 3.2
    endloop
  endfacet
  facet normal 0.896922 0.442189 0
    outer loop
      vertex 57.7365 3.06242 0
      vertex 57.8782 2.775 3.2
      vertex 57.8782 2.775 0
    endloop
  endfacet
  facet normal 0.980798 -0.195024 0
    outer loop
      vertex 57.571 4.31979 3.2
      vertex 57.6335 4.63411 0
      vertex 57.6335 4.63411 3.2
    endloop
  endfacet
  facet normal 0.980798 -0.195024 0
    outer loop
      vertex 57.6335 4.63411 0
      vertex 57.571 4.31979 3.2
      vertex 57.571 4.31979 0
    endloop
  endfacet
  facet normal -0.896928 -0.442176 0
    outer loop
      vertex 62.2635 4.93757 0
      vertex 62.1218 5.225 3.2
      vertex 62.1218 5.225 0
    endloop
  endfacet
  facet normal -0.896928 -0.442176 0
    outer loop
      vertex 62.1218 5.225 3.2
      vertex 62.2635 4.93757 0
      vertex 62.2635 4.93757 3.2
    endloop
  endfacet
  facet normal -0.0654006 0.997859 0
    outer loop
      vertex 60.3198 1.57096 0
      vertex 60 1.55 3.2
      vertex 60.3198 1.57096 3.2
    endloop
  endfacet
  facet normal -0.0654006 0.997859 0
    outer loop
      vertex 60 1.55 3.2
      vertex 60.3198 1.57096 0
      vertex 60 1.55 0
    endloop
  endfacet
  facet normal -0.831397 0.555679 0
    outer loop
      vertex 61.9437 2.50853 0
      vertex 62.1218 2.775 3.2
      vertex 62.1218 2.775 0
    endloop
  endfacet
  facet normal -0.831397 0.555679 0
    outer loop
      vertex 62.1218 2.775 3.2
      vertex 61.9437 2.50853 0
      vertex 61.9437 2.50853 3.2
    endloop
  endfacet
  facet normal 0.442314 -0.89686 0
    outer loop
      vertex 58.775 6.12176 0
      vertex 59.0624 6.2635 3.2
      vertex 58.775 6.12176 3.2
    endloop
  endfacet
  facet normal 0.442314 -0.89686 0
    outer loop
      vertex 59.0624 6.2635 3.2
      vertex 58.775 6.12176 0
      vertex 59.0624 6.2635 0
    endloop
  endfacet
  facet normal 0.0654006 -0.997859 0
    outer loop
      vertex 59.6802 6.42904 0
      vertex 60 6.45 3.2
      vertex 59.6802 6.42904 3.2
    endloop
  endfacet
  facet normal 0.0654006 -0.997859 0
    outer loop
      vertex 60 6.45 3.2
      vertex 59.6802 6.42904 0
      vertex 60 6.45 0
    endloop
  endfacet
  facet normal -0.751851 -0.659333 0
    outer loop
      vertex 61.9437 5.49146 0
      vertex 61.7324 5.73241 3.2
      vertex 61.7324 5.73241 0
    endloop
  endfacet
  facet normal -0.751851 -0.659333 0
    outer loop
      vertex 61.7324 5.73241 3.2
      vertex 61.9437 5.49146 0
      vertex 61.9437 5.49146 3.2
    endloop
  endfacet
  facet normal -0.94694 -0.321409 0
    outer loop
      vertex 62.3665 4.63411 0
      vertex 62.2635 4.93757 3.2
      vertex 62.2635 4.93757 0
    endloop
  endfacet
  facet normal -0.94694 -0.321409 0
    outer loop
      vertex 62.2635 4.93757 3.2
      vertex 62.3665 4.63411 0
      vertex 62.3665 4.63411 3.2
    endloop
  endfacet
  facet normal 0.321427 -0.946934 0
    outer loop
      vertex 59.0624 6.2635 0
      vertex 59.3659 6.36652 3.2
      vertex 59.0624 6.2635 3.2
    endloop
  endfacet
  facet normal 0.321427 -0.946934 0
    outer loop
      vertex 59.3659 6.36652 3.2
      vertex 59.0624 6.2635 0
      vertex 59.3659 6.36652 0
    endloop
  endfacet
  facet normal 0.997851 0.065527 0
    outer loop
      vertex 57.571 3.68021 3.2
      vertex 57.55 4 0
      vertex 57.55 4 3.2
    endloop
  endfacet
  facet normal 0.997851 0.065527 0
    outer loop
      vertex 57.55 4 0
      vertex 57.571 3.68021 3.2
      vertex 57.571 3.68021 0
    endloop
  endfacet
  facet normal 0.980798 0.195024 0
    outer loop
      vertex 57.6335 3.36589 3.2
      vertex 57.571 3.68021 0
      vertex 57.571 3.68021 3.2
    endloop
  endfacet
  facet normal 0.980798 0.195024 0
    outer loop
      vertex 57.571 3.68021 0
      vertex 57.6335 3.36589 3.2
      vertex 57.6335 3.36589 0
    endloop
  endfacet
  facet normal 0.831387 -0.555693 0
    outer loop
      vertex 57.8782 5.225 3.2
      vertex 58.0563 5.49146 0
      vertex 58.0563 5.49146 3.2
    endloop
  endfacet
  facet normal 0.831387 -0.555693 0
    outer loop
      vertex 58.0563 5.49146 0
      vertex 57.8782 5.225 3.2
      vertex 57.8782 5.225 0
    endloop
  endfacet
  facet normal 0.442314 0.89686 -0
    outer loop
      vertex 59.0624 1.7365 0
      vertex 58.775 1.87824 3.2
      vertex 59.0624 1.7365 3.2
    endloop
  endfacet
  facet normal 0.442314 0.89686 0
    outer loop
      vertex 58.775 1.87824 3.2
      vertex 59.0624 1.7365 0
      vertex 58.775 1.87824 0
    endloop
  endfacet
  facet normal 0.195096 0.980784 -0
    outer loop
      vertex 59.6802 1.57096 0
      vertex 59.3659 1.63348 3.2
      vertex 59.6802 1.57096 3.2
    endloop
  endfacet
  facet normal 0.195096 0.980784 0
    outer loop
      vertex 59.3659 1.63348 3.2
      vertex 59.6802 1.57096 0
      vertex 59.3659 1.63348 0
    endloop
  endfacet
  facet normal 0.94694 -0.321409 0
    outer loop
      vertex 57.6335 4.63411 3.2
      vertex 57.7365 4.93757 0
      vertex 57.7365 4.93757 3.2
    endloop
  endfacet
  facet normal 0.94694 -0.321409 0
    outer loop
      vertex 57.7365 4.93757 0
      vertex 57.6335 4.63411 3.2
      vertex 57.6335 4.63411 0
    endloop
  endfacet
  facet normal 0.751838 0.659348 0
    outer loop
      vertex 58.2676 2.26759 3.2
      vertex 58.0563 2.50853 0
      vertex 58.0563 2.50853 3.2
    endloop
  endfacet
  facet normal 0.751838 0.659348 0
    outer loop
      vertex 58.0563 2.50853 0
      vertex 58.2676 2.26759 3.2
      vertex 58.2676 2.26759 0
    endloop
  endfacet
  facet normal 0.0654006 0.997859 -0
    outer loop
      vertex 60 1.55 0
      vertex 59.6802 1.57096 3.2
      vertex 60 1.55 3.2
    endloop
  endfacet
  facet normal 0.0654006 0.997859 0
    outer loop
      vertex 59.6802 1.57096 3.2
      vertex 60 1.55 0
      vertex 59.6802 1.57096 0
    endloop
  endfacet
  facet normal 0.659428 0.751768 -0
    outer loop
      vertex 58.5085 2.05628 0
      vertex 58.2676 2.26759 3.2
      vertex 58.5085 2.05628 3.2
    endloop
  endfacet
  facet normal 0.659428 0.751768 0
    outer loop
      vertex 58.2676 2.26759 3.2
      vertex 58.5085 2.05628 0
      vertex 58.2676 2.26759 0
    endloop
  endfacet
  facet normal 0.831426 0.555636 0
    outer loop
      vertex 58.0563 50.5085 3.2
      vertex 57.8782 50.775 0
      vertex 57.8782 50.775 3.2
    endloop
  endfacet
  facet normal 0.831426 0.555636 0
    outer loop
      vertex 57.8782 50.775 0
      vertex 58.0563 50.5085 3.2
      vertex 58.0563 50.5085 0
    endloop
  endfacet
  facet normal -0.980796 -0.195036 0
    outer loop
      vertex 62.429 52.3198 0
      vertex 62.3665 52.6341 3.2
      vertex 62.3665 52.6341 0
    endloop
  endfacet
  facet normal -0.980796 -0.195036 0
    outer loop
      vertex 62.3665 52.6341 3.2
      vertex 62.429 52.3198 0
      vertex 62.429 52.3198 3.2
    endloop
  endfacet
  facet normal -0.997851 -0.0655249 0
    outer loop
      vertex 62.45 52 0
      vertex 62.429 52.3198 3.2
      vertex 62.429 52.3198 0
    endloop
  endfacet
  facet normal -0.997851 -0.0655249 0
    outer loop
      vertex 62.429 52.3198 3.2
      vertex 62.45 52 0
      vertex 62.45 52 3.2
    endloop
  endfacet
  facet normal -0.442213 0.89691 0
    outer loop
      vertex 61.225 49.8782 0
      vertex 60.9376 49.7365 3.2
      vertex 61.225 49.8782 3.2
    endloop
  endfacet
  facet normal -0.442213 0.89691 0
    outer loop
      vertex 60.9376 49.7365 3.2
      vertex 61.225 49.8782 0
      vertex 60.9376 49.7365 0
    endloop
  endfacet
  facet normal 0.555636 0.831426 -0
    outer loop
      vertex 58.775 49.8782 0
      vertex 58.5085 50.0563 3.2
      vertex 58.775 49.8782 3.2
    endloop
  endfacet
  facet normal 0.555636 0.831426 0
    outer loop
      vertex 58.5085 50.0563 3.2
      vertex 58.775 49.8782 0
      vertex 58.5085 50.0563 0
    endloop
  endfacet
  facet normal -0.65941 -0.751784 0
    outer loop
      vertex 61.4915 53.9437 0
      vertex 61.7324 53.7324 3.2
      vertex 61.4915 53.9437 3.2
    endloop
  endfacet
  facet normal -0.65941 -0.751784 -0
    outer loop
      vertex 61.7324 53.7324 3.2
      vertex 61.4915 53.9437 0
      vertex 61.7324 53.7324 0
    endloop
  endfacet
  facet normal -0.89691 0.442213 0
    outer loop
      vertex 62.1218 50.775 0
      vertex 62.2635 51.0624 3.2
      vertex 62.2635 51.0624 0
    endloop
  endfacet
  facet normal -0.89691 0.442213 0
    outer loop
      vertex 62.2635 51.0624 3.2
      vertex 62.1218 50.775 0
      vertex 62.1218 50.775 3.2
    endloop
  endfacet
  facet normal 0.946953 0.321371 0
    outer loop
      vertex 57.7365 51.0624 3.2
      vertex 57.6335 51.3659 0
      vertex 57.6335 51.3659 3.2
    endloop
  endfacet
  facet normal 0.946953 0.321371 0
    outer loop
      vertex 57.6335 51.3659 0
      vertex 57.7365 51.0624 3.2
      vertex 57.7365 51.0624 0
    endloop
  endfacet
  facet normal 0.555636 -0.831426 0
    outer loop
      vertex 58.5085 53.9437 0
      vertex 58.775 54.1218 3.2
      vertex 58.5085 53.9437 3.2
    endloop
  endfacet
  facet normal 0.555636 -0.831426 0
    outer loop
      vertex 58.775 54.1218 3.2
      vertex 58.5085 53.9437 0
      vertex 58.775 54.1218 0
    endloop
  endfacet
  facet normal -0.946953 0.321371 0
    outer loop
      vertex 62.2635 51.0624 0
      vertex 62.3665 51.3659 3.2
      vertex 62.3665 51.3659 0
    endloop
  endfacet
  facet normal -0.946953 0.321371 0
    outer loop
      vertex 62.3665 51.3659 3.2
      vertex 62.2635 51.0624 0
      vertex 62.2635 51.0624 3.2
    endloop
  endfacet
  facet normal -0.321371 -0.946953 0
    outer loop
      vertex 60.6341 54.3665 0
      vertex 60.9376 54.2635 3.2
      vertex 60.6341 54.3665 3.2
    endloop
  endfacet
  facet normal -0.321371 -0.946953 -0
    outer loop
      vertex 60.9376 54.2635 3.2
      vertex 60.6341 54.3665 0
      vertex 60.9376 54.2635 0
    endloop
  endfacet
  facet normal -0.0655249 -0.997851 0
    outer loop
      vertex 60 54.45 0
      vertex 60.3198 54.429 3.2
      vertex 60 54.45 3.2
    endloop
  endfacet
  facet normal -0.0655249 -0.997851 -0
    outer loop
      vertex 60.3198 54.429 3.2
      vertex 60 54.45 0
      vertex 60.3198 54.429 0
    endloop
  endfacet
  facet normal 0.65941 -0.751784 0
    outer loop
      vertex 58.2676 53.7324 0
      vertex 58.5085 53.9437 3.2
      vertex 58.2676 53.7324 3.2
    endloop
  endfacet
  facet normal 0.65941 -0.751784 0
    outer loop
      vertex 58.5085 53.9437 3.2
      vertex 58.2676 53.7324 0
      vertex 58.5085 53.9437 0
    endloop
  endfacet
  facet normal -0.751784 0.65941 0
    outer loop
      vertex 61.7324 50.2676 0
      vertex 61.9437 50.5085 3.2
      vertex 61.9437 50.5085 0
    endloop
  endfacet
  facet normal -0.751784 0.65941 0
    outer loop
      vertex 61.9437 50.5085 3.2
      vertex 61.7324 50.2676 0
      vertex 61.7324 50.2676 3.2
    endloop
  endfacet
  facet normal -0.195036 0.980796 0
    outer loop
      vertex 60.6341 49.6335 0
      vertex 60.3198 49.571 3.2
      vertex 60.6341 49.6335 3.2
    endloop
  endfacet
  facet normal -0.195036 0.980796 0
    outer loop
      vertex 60.3198 49.571 3.2
      vertex 60.6341 49.6335 0
      vertex 60.3198 49.571 0
    endloop
  endfacet
  facet normal -0.831426 -0.555636 0
    outer loop
      vertex 62.1218 53.225 0
      vertex 61.9437 53.4915 3.2
      vertex 61.9437 53.4915 0
    endloop
  endfacet
  facet normal -0.831426 -0.555636 0
    outer loop
      vertex 61.9437 53.4915 3.2
      vertex 62.1218 53.225 0
      vertex 62.1218 53.225 3.2
    endloop
  endfacet
  facet normal 0.751784 -0.65941 0
    outer loop
      vertex 58.0563 53.4915 3.2
      vertex 58.2676 53.7324 0
      vertex 58.2676 53.7324 3.2
    endloop
  endfacet
  facet normal 0.751784 -0.65941 0
    outer loop
      vertex 58.2676 53.7324 0
      vertex 58.0563 53.4915 3.2
      vertex 58.0563 53.4915 0
    endloop
  endfacet
  facet normal 0.321371 0.946953 -0
    outer loop
      vertex 59.3659 49.6335 0
      vertex 59.0624 49.7365 3.2
      vertex 59.3659 49.6335 3.2
    endloop
  endfacet
  facet normal 0.321371 0.946953 0
    outer loop
      vertex 59.0624 49.7365 3.2
      vertex 59.3659 49.6335 0
      vertex 59.0624 49.7365 0
    endloop
  endfacet
  facet normal -0.195036 -0.980796 0
    outer loop
      vertex 60.3198 54.429 0
      vertex 60.6341 54.3665 3.2
      vertex 60.3198 54.429 3.2
    endloop
  endfacet
  facet normal -0.195036 -0.980796 -0
    outer loop
      vertex 60.6341 54.3665 3.2
      vertex 60.3198 54.429 0
      vertex 60.6341 54.3665 0
    endloop
  endfacet
  facet normal -0.321371 0.946953 0
    outer loop
      vertex 60.9376 49.7365 0
      vertex 60.6341 49.6335 3.2
      vertex 60.9376 49.7365 3.2
    endloop
  endfacet
  facet normal -0.321371 0.946953 0
    outer loop
      vertex 60.6341 49.6335 3.2
      vertex 60.9376 49.7365 0
      vertex 60.6341 49.6335 0
    endloop
  endfacet
  facet normal -0.442213 -0.89691 0
    outer loop
      vertex 60.9376 54.2635 0
      vertex 61.225 54.1218 3.2
      vertex 60.9376 54.2635 3.2
    endloop
  endfacet
  facet normal -0.442213 -0.89691 -0
    outer loop
      vertex 61.225 54.1218 3.2
      vertex 60.9376 54.2635 0
      vertex 61.225 54.1218 0
    endloop
  endfacet
  facet normal -0.555636 -0.831426 0
    outer loop
      vertex 61.225 54.1218 0
      vertex 61.4915 53.9437 3.2
      vertex 61.225 54.1218 3.2
    endloop
  endfacet
  facet normal -0.555636 -0.831426 -0
    outer loop
      vertex 61.4915 53.9437 3.2
      vertex 61.225 54.1218 0
      vertex 61.4915 53.9437 0
    endloop
  endfacet
  facet normal -0.555636 0.831426 0
    outer loop
      vertex 61.4915 50.0563 0
      vertex 61.225 49.8782 3.2
      vertex 61.4915 50.0563 3.2
    endloop
  endfacet
  facet normal -0.555636 0.831426 0
    outer loop
      vertex 61.225 49.8782 3.2
      vertex 61.4915 50.0563 0
      vertex 61.225 49.8782 0
    endloop
  endfacet
  facet normal 0.89691 -0.442213 0
    outer loop
      vertex 57.7365 52.9376 3.2
      vertex 57.8782 53.225 0
      vertex 57.8782 53.225 3.2
    endloop
  endfacet
  facet normal 0.89691 -0.442213 0
    outer loop
      vertex 57.8782 53.225 0
      vertex 57.7365 52.9376 3.2
      vertex 57.7365 52.9376 0
    endloop
  endfacet
  facet normal -0.65941 0.751784 0
    outer loop
      vertex 61.7324 50.2676 0
      vertex 61.4915 50.0563 3.2
      vertex 61.7324 50.2676 3.2
    endloop
  endfacet
  facet normal -0.65941 0.751784 0
    outer loop
      vertex 61.4915 50.0563 3.2
      vertex 61.7324 50.2676 0
      vertex 61.4915 50.0563 0
    endloop
  endfacet
  facet normal 0.195036 -0.980796 0
    outer loop
      vertex 59.3659 54.3665 0
      vertex 59.6802 54.429 3.2
      vertex 59.3659 54.3665 3.2
    endloop
  endfacet
  facet normal 0.195036 -0.980796 0
    outer loop
      vertex 59.6802 54.429 3.2
      vertex 59.3659 54.3665 0
      vertex 59.6802 54.429 0
    endloop
  endfacet
  facet normal -0.980796 0.195036 0
    outer loop
      vertex 62.3665 51.3659 0
      vertex 62.429 51.6802 3.2
      vertex 62.429 51.6802 0
    endloop
  endfacet
  facet normal -0.980796 0.195036 0
    outer loop
      vertex 62.429 51.6802 3.2
      vertex 62.3665 51.3659 0
      vertex 62.3665 51.3659 3.2
    endloop
  endfacet
  facet normal -0.997851 0.0655249 0
    outer loop
      vertex 62.429 51.6802 0
      vertex 62.45 52 3.2
      vertex 62.45 52 0
    endloop
  endfacet
  facet normal -0.997851 0.0655249 0
    outer loop
      vertex 62.45 52 3.2
      vertex 62.429 51.6802 0
      vertex 62.429 51.6802 3.2
    endloop
  endfacet
  facet normal 0.89691 0.442213 0
    outer loop
      vertex 57.8782 50.775 3.2
      vertex 57.7365 51.0624 0
      vertex 57.7365 51.0624 3.2
    endloop
  endfacet
  facet normal 0.89691 0.442213 0
    outer loop
      vertex 57.7365 51.0624 0
      vertex 57.8782 50.775 3.2
      vertex 57.8782 50.775 0
    endloop
  endfacet
  facet normal 0.980796 -0.195036 0
    outer loop
      vertex 57.571 52.3198 3.2
      vertex 57.6335 52.6341 0
      vertex 57.6335 52.6341 3.2
    endloop
  endfacet
  facet normal 0.980796 -0.195036 0
    outer loop
      vertex 57.6335 52.6341 0
      vertex 57.571 52.3198 3.2
      vertex 57.571 52.3198 0
    endloop
  endfacet
  facet normal -0.89691 -0.442213 0
    outer loop
      vertex 62.2635 52.9376 0
      vertex 62.1218 53.225 3.2
      vertex 62.1218 53.225 0
    endloop
  endfacet
  facet normal -0.89691 -0.442213 0
    outer loop
      vertex 62.1218 53.225 3.2
      vertex 62.2635 52.9376 0
      vertex 62.2635 52.9376 3.2
    endloop
  endfacet
  facet normal -0.0655249 0.997851 0
    outer loop
      vertex 60.3198 49.571 0
      vertex 60 49.55 3.2
      vertex 60.3198 49.571 3.2
    endloop
  endfacet
  facet normal -0.0655249 0.997851 0
    outer loop
      vertex 60 49.55 3.2
      vertex 60.3198 49.571 0
      vertex 60 49.55 0
    endloop
  endfacet
  facet normal -0.831426 0.555636 0
    outer loop
      vertex 61.9437 50.5085 0
      vertex 62.1218 50.775 3.2
      vertex 62.1218 50.775 0
    endloop
  endfacet
  facet normal -0.831426 0.555636 0
    outer loop
      vertex 62.1218 50.775 3.2
      vertex 61.9437 50.5085 0
      vertex 61.9437 50.5085 3.2
    endloop
  endfacet
  facet normal 0.442213 -0.89691 0
    outer loop
      vertex 58.775 54.1218 0
      vertex 59.0624 54.2635 3.2
      vertex 58.775 54.1218 3.2
    endloop
  endfacet
  facet normal 0.442213 -0.89691 0
    outer loop
      vertex 59.0624 54.2635 3.2
      vertex 58.775 54.1218 0
      vertex 59.0624 54.2635 0
    endloop
  endfacet
  facet normal 0.0655249 -0.997851 0
    outer loop
      vertex 59.6802 54.429 0
      vertex 60 54.45 3.2
      vertex 59.6802 54.429 3.2
    endloop
  endfacet
  facet normal 0.0655249 -0.997851 0
    outer loop
      vertex 60 54.45 3.2
      vertex 59.6802 54.429 0
      vertex 60 54.45 0
    endloop
  endfacet
  facet normal -0.751784 -0.65941 0
    outer loop
      vertex 61.9437 53.4915 0
      vertex 61.7324 53.7324 3.2
      vertex 61.7324 53.7324 0
    endloop
  endfacet
  facet normal -0.751784 -0.65941 0
    outer loop
      vertex 61.7324 53.7324 3.2
      vertex 61.9437 53.4915 0
      vertex 61.9437 53.4915 3.2
    endloop
  endfacet
  facet normal -0.946953 -0.321371 0
    outer loop
      vertex 62.3665 52.6341 0
      vertex 62.2635 52.9376 3.2
      vertex 62.2635 52.9376 0
    endloop
  endfacet
  facet normal -0.946953 -0.321371 0
    outer loop
      vertex 62.2635 52.9376 3.2
      vertex 62.3665 52.6341 0
      vertex 62.3665 52.6341 3.2
    endloop
  endfacet
  facet normal 0.321371 -0.946953 0
    outer loop
      vertex 59.0624 54.2635 0
      vertex 59.3659 54.3665 3.2
      vertex 59.0624 54.2635 3.2
    endloop
  endfacet
  facet normal 0.321371 -0.946953 0
    outer loop
      vertex 59.3659 54.3665 3.2
      vertex 59.0624 54.2635 0
      vertex 59.3659 54.3665 0
    endloop
  endfacet
  facet normal 0.997851 0.0655249 0
    outer loop
      vertex 57.571 51.6802 3.2
      vertex 57.55 52 0
      vertex 57.55 52 3.2
    endloop
  endfacet
  facet normal 0.997851 0.0655249 0
    outer loop
      vertex 57.55 52 0
      vertex 57.571 51.6802 3.2
      vertex 57.571 51.6802 0
    endloop
  endfacet
  facet normal 0.980796 0.195036 0
    outer loop
      vertex 57.6335 51.3659 3.2
      vertex 57.571 51.6802 0
      vertex 57.571 51.6802 3.2
    endloop
  endfacet
  facet normal 0.980796 0.195036 0
    outer loop
      vertex 57.571 51.6802 0
      vertex 57.6335 51.3659 3.2
      vertex 57.6335 51.3659 0
    endloop
  endfacet
  facet normal 0.831426 -0.555636 0
    outer loop
      vertex 57.8782 53.225 3.2
      vertex 58.0563 53.4915 0
      vertex 58.0563 53.4915 3.2
    endloop
  endfacet
  facet normal 0.831426 -0.555636 0
    outer loop
      vertex 58.0563 53.4915 0
      vertex 57.8782 53.225 3.2
      vertex 57.8782 53.225 0
    endloop
  endfacet
  facet normal 0.442213 0.89691 -0
    outer loop
      vertex 59.0624 49.7365 0
      vertex 58.775 49.8782 3.2
      vertex 59.0624 49.7365 3.2
    endloop
  endfacet
  facet normal 0.442213 0.89691 0
    outer loop
      vertex 58.775 49.8782 3.2
      vertex 59.0624 49.7365 0
      vertex 58.775 49.8782 0
    endloop
  endfacet
  facet normal 0.195036 0.980796 -0
    outer loop
      vertex 59.6802 49.571 0
      vertex 59.3659 49.6335 3.2
      vertex 59.6802 49.571 3.2
    endloop
  endfacet
  facet normal 0.195036 0.980796 0
    outer loop
      vertex 59.3659 49.6335 3.2
      vertex 59.6802 49.571 0
      vertex 59.3659 49.6335 0
    endloop
  endfacet
  facet normal 0.946953 -0.321371 0
    outer loop
      vertex 57.6335 52.6341 3.2
      vertex 57.7365 52.9376 0
      vertex 57.7365 52.9376 3.2
    endloop
  endfacet
  facet normal 0.946953 -0.321371 0
    outer loop
      vertex 57.7365 52.9376 0
      vertex 57.6335 52.6341 3.2
      vertex 57.6335 52.6341 0
    endloop
  endfacet
  facet normal 0.751784 0.65941 0
    outer loop
      vertex 58.2676 50.2676 3.2
      vertex 58.0563 50.5085 0
      vertex 58.0563 50.5085 3.2
    endloop
  endfacet
  facet normal 0.751784 0.65941 0
    outer loop
      vertex 58.0563 50.5085 0
      vertex 58.2676 50.2676 3.2
      vertex 58.2676 50.2676 0
    endloop
  endfacet
  facet normal 0.997851 -0.0655249 0
    outer loop
      vertex 57.55 52 3.2
      vertex 57.571 52.3198 0
      vertex 57.571 52.3198 3.2
    endloop
  endfacet
  facet normal 0.997851 -0.0655249 0
    outer loop
      vertex 57.571 52.3198 0
      vertex 57.55 52 3.2
      vertex 57.55 52 0
    endloop
  endfacet
  facet normal 0.0655249 0.997851 -0
    outer loop
      vertex 60 49.55 0
      vertex 59.6802 49.571 3.2
      vertex 60 49.55 3.2
    endloop
  endfacet
  facet normal 0.0655249 0.997851 0
    outer loop
      vertex 59.6802 49.571 3.2
      vertex 60 49.55 0
      vertex 59.6802 49.571 0
    endloop
  endfacet
  facet normal 0.65941 0.751784 -0
    outer loop
      vertex 58.5085 50.0563 0
      vertex 58.2676 50.2676 3.2
      vertex 58.5085 50.0563 3.2
    endloop
  endfacet
  facet normal 0.65941 0.751784 0
    outer loop
      vertex 58.2676 50.2676 3.2
      vertex 58.5085 50.0563 0
      vertex 58.2676 50.2676 0
    endloop
  endfacet
  facet normal 0.831397 0.555679 0
    outer loop
      vertex 66.0563 2.50853 3.2
      vertex 65.8782 2.775 0
      vertex 65.8782 2.775 3.2
    endloop
  endfacet
  facet normal 0.831397 0.555679 0
    outer loop
      vertex 65.8782 2.775 0
      vertex 66.0563 2.50853 3.2
      vertex 66.0563 2.50853 0
    endloop
  endfacet
  facet normal -0.980798 -0.195024 0
    outer loop
      vertex 70.429 4.31979 0
      vertex 70.3665 4.63411 3.2
      vertex 70.3665 4.63411 0
    endloop
  endfacet
  facet normal -0.980798 -0.195024 0
    outer loop
      vertex 70.3665 4.63411 3.2
      vertex 70.429 4.31979 0
      vertex 70.429 4.31979 3.2
    endloop
  endfacet
  facet normal -0.997851 -0.065527 0
    outer loop
      vertex 70.45 4 0
      vertex 70.429 4.31979 3.2
      vertex 70.429 4.31979 0
    endloop
  endfacet
  facet normal -0.997851 -0.065527 0
    outer loop
      vertex 70.429 4.31979 3.2
      vertex 70.45 4 0
      vertex 70.45 4 3.2
    endloop
  endfacet
  facet normal -0.442314 0.89686 0
    outer loop
      vertex 69.225 1.87824 0
      vertex 68.9376 1.7365 3.2
      vertex 69.225 1.87824 3.2
    endloop
  endfacet
  facet normal -0.442314 0.89686 0
    outer loop
      vertex 68.9376 1.7365 3.2
      vertex 69.225 1.87824 0
      vertex 68.9376 1.7365 0
    endloop
  endfacet
  facet normal 0.555506 0.831512 -0
    outer loop
      vertex 66.775 1.87824 0
      vertex 66.5085 2.05628 3.2
      vertex 66.775 1.87824 3.2
    endloop
  endfacet
  facet normal 0.555506 0.831512 0
    outer loop
      vertex 66.5085 2.05628 3.2
      vertex 66.775 1.87824 0
      vertex 66.5085 2.05628 0
    endloop
  endfacet
  facet normal -0.659428 -0.751768 0
    outer loop
      vertex 69.4915 5.94372 0
      vertex 69.7324 5.73241 3.2
      vertex 69.4915 5.94372 3.2
    endloop
  endfacet
  facet normal -0.659428 -0.751768 -0
    outer loop
      vertex 69.7324 5.73241 3.2
      vertex 69.4915 5.94372 0
      vertex 69.7324 5.73241 0
    endloop
  endfacet
  facet normal -0.896922 0.442189 0
    outer loop
      vertex 70.1218 2.775 0
      vertex 70.2635 3.06242 3.2
      vertex 70.2635 3.06242 0
    endloop
  endfacet
  facet normal -0.896922 0.442189 0
    outer loop
      vertex 70.2635 3.06242 3.2
      vertex 70.1218 2.775 0
      vertex 70.1218 2.775 3.2
    endloop
  endfacet
  facet normal 0.946944 0.3214 0
    outer loop
      vertex 65.7365 3.06242 3.2
      vertex 65.6335 3.36589 0
      vertex 65.6335 3.36589 3.2
    endloop
  endfacet
  facet normal 0.946944 0.3214 0
    outer loop
      vertex 65.6335 3.36589 0
      vertex 65.7365 3.06242 3.2
      vertex 65.7365 3.06242 0
    endloop
  endfacet
  facet normal 0.555506 -0.831512 0
    outer loop
      vertex 66.5085 5.94372 0
      vertex 66.775 6.12176 3.2
      vertex 66.5085 5.94372 3.2
    endloop
  endfacet
  facet normal 0.555506 -0.831512 0
    outer loop
      vertex 66.775 6.12176 3.2
      vertex 66.5085 5.94372 0
      vertex 66.775 6.12176 0
    endloop
  endfacet
  facet normal -0.946944 0.3214 0
    outer loop
      vertex 70.2635 3.06242 0
      vertex 70.3665 3.36589 3.2
      vertex 70.3665 3.36589 0
    endloop
  endfacet
  facet normal -0.946944 0.3214 0
    outer loop
      vertex 70.3665 3.36589 3.2
      vertex 70.2635 3.06242 0
      vertex 70.2635 3.06242 3.2
    endloop
  endfacet
  facet normal -0.321427 -0.946934 0
    outer loop
      vertex 68.6341 6.36652 0
      vertex 68.9376 6.2635 3.2
      vertex 68.6341 6.36652 3.2
    endloop
  endfacet
  facet normal -0.321427 -0.946934 -0
    outer loop
      vertex 68.9376 6.2635 3.2
      vertex 68.6341 6.36652 0
      vertex 68.9376 6.2635 0
    endloop
  endfacet
  facet normal -0.0654006 -0.997859 0
    outer loop
      vertex 68 6.45 0
      vertex 68.3198 6.42904 3.2
      vertex 68 6.45 3.2
    endloop
  endfacet
  facet normal -0.0654006 -0.997859 -0
    outer loop
      vertex 68.3198 6.42904 3.2
      vertex 68 6.45 0
      vertex 68.3198 6.42904 0
    endloop
  endfacet
  facet normal 0.659428 -0.751768 0
    outer loop
      vertex 66.2676 5.73241 0
      vertex 66.5085 5.94372 3.2
      vertex 66.2676 5.73241 3.2
    endloop
  endfacet
  facet normal 0.659428 -0.751768 0
    outer loop
      vertex 66.5085 5.94372 3.2
      vertex 66.2676 5.73241 0
      vertex 66.5085 5.94372 0
    endloop
  endfacet
  facet normal -0.751838 0.659348 0
    outer loop
      vertex 69.7324 2.26759 0
      vertex 69.9437 2.50853 3.2
      vertex 69.9437 2.50853 0
    endloop
  endfacet
  facet normal -0.751838 0.659348 0
    outer loop
      vertex 69.9437 2.50853 3.2
      vertex 69.7324 2.26759 0
      vertex 69.7324 2.26759 3.2
    endloop
  endfacet
  facet normal -0.195096 0.980784 0
    outer loop
      vertex 68.6341 1.63348 0
      vertex 68.3198 1.57096 3.2
      vertex 68.6341 1.63348 3.2
    endloop
  endfacet
  facet normal -0.195096 0.980784 0
    outer loop
      vertex 68.3198 1.57096 3.2
      vertex 68.6341 1.63348 0
      vertex 68.3198 1.57096 0
    endloop
  endfacet
  facet normal -0.831387 -0.555693 0
    outer loop
      vertex 70.1218 5.225 0
      vertex 69.9437 5.49146 3.2
      vertex 69.9437 5.49146 0
    endloop
  endfacet
  facet normal -0.831387 -0.555693 0
    outer loop
      vertex 69.9437 5.49146 3.2
      vertex 70.1218 5.225 0
      vertex 70.1218 5.225 3.2
    endloop
  endfacet
  facet normal 0.751851 -0.659333 0
    outer loop
      vertex 66.0563 5.49146 3.2
      vertex 66.2676 5.73241 0
      vertex 66.2676 5.73241 3.2
    endloop
  endfacet
  facet normal 0.751851 -0.659333 0
    outer loop
      vertex 66.2676 5.73241 0
      vertex 66.0563 5.49146 3.2
      vertex 66.0563 5.49146 0
    endloop
  endfacet
  facet normal 0.321427 0.946934 -0
    outer loop
      vertex 67.3659 1.63348 0
      vertex 67.0624 1.7365 3.2
      vertex 67.3659 1.63348 3.2
    endloop
  endfacet
  facet normal 0.321427 0.946934 0
    outer loop
      vertex 67.0624 1.7365 3.2
      vertex 67.3659 1.63348 0
      vertex 67.0624 1.7365 0
    endloop
  endfacet
  facet normal -0.321427 0.946934 0
    outer loop
      vertex 68.9376 1.7365 0
      vertex 68.6341 1.63348 3.2
      vertex 68.9376 1.7365 3.2
    endloop
  endfacet
  facet normal -0.321427 0.946934 0
    outer loop
      vertex 68.6341 1.63348 3.2
      vertex 68.9376 1.7365 0
      vertex 68.6341 1.63348 0
    endloop
  endfacet
  facet normal -0.442314 -0.89686 0
    outer loop
      vertex 68.9376 6.2635 0
      vertex 69.225 6.12176 3.2
      vertex 68.9376 6.2635 3.2
    endloop
  endfacet
  facet normal -0.442314 -0.89686 -0
    outer loop
      vertex 69.225 6.12176 3.2
      vertex 68.9376 6.2635 0
      vertex 69.225 6.12176 0
    endloop
  endfacet
  facet normal -0.555506 -0.831512 0
    outer loop
      vertex 69.225 6.12176 0
      vertex 69.4915 5.94372 3.2
      vertex 69.225 6.12176 3.2
    endloop
  endfacet
  facet normal -0.555506 -0.831512 -0
    outer loop
      vertex 69.4915 5.94372 3.2
      vertex 69.225 6.12176 0
      vertex 69.4915 5.94372 0
    endloop
  endfacet
  facet normal -0.555506 0.831512 0
    outer loop
      vertex 69.4915 2.05628 0
      vertex 69.225 1.87824 3.2
      vertex 69.4915 2.05628 3.2
    endloop
  endfacet
  facet normal -0.555506 0.831512 0
    outer loop
      vertex 69.225 1.87824 3.2
      vertex 69.4915 2.05628 0
      vertex 69.225 1.87824 0
    endloop
  endfacet
  facet normal 0.896928 -0.442176 0
    outer loop
      vertex 65.7365 4.93757 3.2
      vertex 65.8782 5.225 0
      vertex 65.8782 5.225 3.2
    endloop
  endfacet
  facet normal 0.896928 -0.442176 0
    outer loop
      vertex 65.8782 5.225 0
      vertex 65.7365 4.93757 3.2
      vertex 65.7365 4.93757 0
    endloop
  endfacet
  facet normal -0.659428 0.751768 0
    outer loop
      vertex 69.7324 2.26759 0
      vertex 69.4915 2.05628 3.2
      vertex 69.7324 2.26759 3.2
    endloop
  endfacet
  facet normal -0.659428 0.751768 0
    outer loop
      vertex 69.4915 2.05628 3.2
      vertex 69.7324 2.26759 0
      vertex 69.4915 2.05628 0
    endloop
  endfacet
  facet normal 0.195096 -0.980784 0
    outer loop
      vertex 67.3659 6.36652 0
      vertex 67.6802 6.42904 3.2
      vertex 67.3659 6.36652 3.2
    endloop
  endfacet
  facet normal 0.195096 -0.980784 0
    outer loop
      vertex 67.6802 6.42904 3.2
      vertex 67.3659 6.36652 0
      vertex 67.6802 6.42904 0
    endloop
  endfacet
  facet normal -0.980798 0.195024 0
    outer loop
      vertex 70.3665 3.36589 0
      vertex 70.429 3.68021 3.2
      vertex 70.429 3.68021 0
    endloop
  endfacet
  facet normal -0.980798 0.195024 0
    outer loop
      vertex 70.429 3.68021 3.2
      vertex 70.3665 3.36589 0
      vertex 70.3665 3.36589 3.2
    endloop
  endfacet
  facet normal -0.997851 0.065527 0
    outer loop
      vertex 70.429 3.68021 0
      vertex 70.45 4 3.2
      vertex 70.45 4 0
    endloop
  endfacet
  facet normal -0.997851 0.065527 0
    outer loop
      vertex 70.45 4 3.2
      vertex 70.429 3.68021 0
      vertex 70.429 3.68021 3.2
    endloop
  endfacet
  facet normal 0.896922 0.442189 0
    outer loop
      vertex 65.8782 2.775 3.2
      vertex 65.7365 3.06242 0
      vertex 65.7365 3.06242 3.2
    endloop
  endfacet
  facet normal 0.896922 0.442189 0
    outer loop
      vertex 65.7365 3.06242 0
      vertex 65.8782 2.775 3.2
      vertex 65.8782 2.775 0
    endloop
  endfacet
  facet normal 0.980798 -0.195024 0
    outer loop
      vertex 65.571 4.31979 3.2
      vertex 65.6335 4.63411 0
      vertex 65.6335 4.63411 3.2
    endloop
  endfacet
  facet normal 0.980798 -0.195024 0
    outer loop
      vertex 65.6335 4.63411 0
      vertex 65.571 4.31979 3.2
      vertex 65.571 4.31979 0
    endloop
  endfacet
  facet normal -0.896928 -0.442176 0
    outer loop
      vertex 70.2635 4.93757 0
      vertex 70.1218 5.225 3.2
      vertex 70.1218 5.225 0
    endloop
  endfacet
  facet normal -0.896928 -0.442176 0
    outer loop
      vertex 70.1218 5.225 3.2
      vertex 70.2635 4.93757 0
      vertex 70.2635 4.93757 3.2
    endloop
  endfacet
  facet normal -0.0654006 0.997859 0
    outer loop
      vertex 68.3198 1.57096 0
      vertex 68 1.55 3.2
      vertex 68.3198 1.57096 3.2
    endloop
  endfacet
  facet normal -0.0654006 0.997859 0
    outer loop
      vertex 68 1.55 3.2
      vertex 68.3198 1.57096 0
      vertex 68 1.55 0
    endloop
  endfacet
  facet normal -0.831397 0.555679 0
    outer loop
      vertex 69.9437 2.50853 0
      vertex 70.1218 2.775 3.2
      vertex 70.1218 2.775 0
    endloop
  endfacet
  facet normal -0.831397 0.555679 0
    outer loop
      vertex 70.1218 2.775 3.2
      vertex 69.9437 2.50853 0
      vertex 69.9437 2.50853 3.2
    endloop
  endfacet
  facet normal 0.442314 -0.89686 0
    outer loop
      vertex 66.775 6.12176 0
      vertex 67.0624 6.2635 3.2
      vertex 66.775 6.12176 3.2
    endloop
  endfacet
  facet normal 0.442314 -0.89686 0
    outer loop
      vertex 67.0624 6.2635 3.2
      vertex 66.775 6.12176 0
      vertex 67.0624 6.2635 0
    endloop
  endfacet
  facet normal 0.0654006 -0.997859 0
    outer loop
      vertex 67.6802 6.42904 0
      vertex 68 6.45 3.2
      vertex 67.6802 6.42904 3.2
    endloop
  endfacet
  facet normal 0.0654006 -0.997859 0
    outer loop
      vertex 68 6.45 3.2
      vertex 67.6802 6.42904 0
      vertex 68 6.45 0
    endloop
  endfacet
  facet normal -0.751851 -0.659333 0
    outer loop
      vertex 69.9437 5.49146 0
      vertex 69.7324 5.73241 3.2
      vertex 69.7324 5.73241 0
    endloop
  endfacet
  facet normal -0.751851 -0.659333 0
    outer loop
      vertex 69.7324 5.73241 3.2
      vertex 69.9437 5.49146 0
      vertex 69.9437 5.49146 3.2
    endloop
  endfacet
  facet normal -0.94694 -0.321409 0
    outer loop
      vertex 70.3665 4.63411 0
      vertex 70.2635 4.93757 3.2
      vertex 70.2635 4.93757 0
    endloop
  endfacet
  facet normal -0.94694 -0.321409 0
    outer loop
      vertex 70.2635 4.93757 3.2
      vertex 70.3665 4.63411 0
      vertex 70.3665 4.63411 3.2
    endloop
  endfacet
  facet normal 0.321427 -0.946934 0
    outer loop
      vertex 67.0624 6.2635 0
      vertex 67.3659 6.36652 3.2
      vertex 67.0624 6.2635 3.2
    endloop
  endfacet
  facet normal 0.321427 -0.946934 0
    outer loop
      vertex 67.3659 6.36652 3.2
      vertex 67.0624 6.2635 0
      vertex 67.3659 6.36652 0
    endloop
  endfacet
  facet normal 0.997851 0.065527 0
    outer loop
      vertex 65.571 3.68021 3.2
      vertex 65.55 4 0
      vertex 65.55 4 3.2
    endloop
  endfacet
  facet normal 0.997851 0.065527 0
    outer loop
      vertex 65.55 4 0
      vertex 65.571 3.68021 3.2
      vertex 65.571 3.68021 0
    endloop
  endfacet
  facet normal 0.980798 0.195024 0
    outer loop
      vertex 65.6335 3.36589 3.2
      vertex 65.571 3.68021 0
      vertex 65.571 3.68021 3.2
    endloop
  endfacet
  facet normal 0.980798 0.195024 0
    outer loop
      vertex 65.571 3.68021 0
      vertex 65.6335 3.36589 3.2
      vertex 65.6335 3.36589 0
    endloop
  endfacet
  facet normal 0.831387 -0.555693 0
    outer loop
      vertex 65.8782 5.225 3.2
      vertex 66.0563 5.49146 0
      vertex 66.0563 5.49146 3.2
    endloop
  endfacet
  facet normal 0.831387 -0.555693 0
    outer loop
      vertex 66.0563 5.49146 0
      vertex 65.8782 5.225 3.2
      vertex 65.8782 5.225 0
    endloop
  endfacet
  facet normal 0.442314 0.89686 -0
    outer loop
      vertex 67.0624 1.7365 0
      vertex 66.775 1.87824 3.2
      vertex 67.0624 1.7365 3.2
    endloop
  endfacet
  facet normal 0.442314 0.89686 0
    outer loop
      vertex 66.775 1.87824 3.2
      vertex 67.0624 1.7365 0
      vertex 66.775 1.87824 0
    endloop
  endfacet
  facet normal 0.195096 0.980784 -0
    outer loop
      vertex 67.6802 1.57096 0
      vertex 67.3659 1.63348 3.2
      vertex 67.6802 1.57096 3.2
    endloop
  endfacet
  facet normal 0.195096 0.980784 0
    outer loop
      vertex 67.3659 1.63348 3.2
      vertex 67.6802 1.57096 0
      vertex 67.3659 1.63348 0
    endloop
  endfacet
  facet normal 0.94694 -0.321409 0
    outer loop
      vertex 65.6335 4.63411 3.2
      vertex 65.7365 4.93757 0
      vertex 65.7365 4.93757 3.2
    endloop
  endfacet
  facet normal 0.94694 -0.321409 0
    outer loop
      vertex 65.7365 4.93757 0
      vertex 65.6335 4.63411 3.2
      vertex 65.6335 4.63411 0
    endloop
  endfacet
  facet normal 0.751838 0.659348 0
    outer loop
      vertex 66.2676 2.26759 3.2
      vertex 66.0563 2.50853 0
      vertex 66.0563 2.50853 3.2
    endloop
  endfacet
  facet normal 0.751838 0.659348 0
    outer loop
      vertex 66.0563 2.50853 0
      vertex 66.2676 2.26759 3.2
      vertex 66.2676 2.26759 0
    endloop
  endfacet
  facet normal 0.997851 -0.065527 0
    outer loop
      vertex 65.55 4 3.2
      vertex 65.571 4.31979 0
      vertex 65.571 4.31979 3.2
    endloop
  endfacet
  facet normal 0.997851 -0.065527 0
    outer loop
      vertex 65.571 4.31979 0
      vertex 65.55 4 3.2
      vertex 65.55 4 0
    endloop
  endfacet
  facet normal -0.195096 -0.980784 0
    outer loop
      vertex 68.3198 6.42904 0
      vertex 68.6341 6.36652 3.2
      vertex 68.3198 6.42904 3.2
    endloop
  endfacet
  facet normal -0.195096 -0.980784 -0
    outer loop
      vertex 68.6341 6.36652 3.2
      vertex 68.3198 6.42904 0
      vertex 68.6341 6.36652 0
    endloop
  endfacet
  facet normal 0.0654006 0.997859 -0
    outer loop
      vertex 68 1.55 0
      vertex 67.6802 1.57096 3.2
      vertex 68 1.55 3.2
    endloop
  endfacet
  facet normal 0.0654006 0.997859 0
    outer loop
      vertex 67.6802 1.57096 3.2
      vertex 68 1.55 0
      vertex 67.6802 1.57096 0
    endloop
  endfacet
  facet normal 0.659428 0.751768 -0
    outer loop
      vertex 66.5085 2.05628 0
      vertex 66.2676 2.26759 3.2
      vertex 66.5085 2.05628 3.2
    endloop
  endfacet
  facet normal 0.659428 0.751768 0
    outer loop
      vertex 66.2676 2.26759 3.2
      vertex 66.5085 2.05628 0
      vertex 66.2676 2.26759 0
    endloop
  endfacet
  facet normal 0.831426 0.555636 0
    outer loop
      vertex 66.0563 10.5085 3.2
      vertex 65.8782 10.775 0
      vertex 65.8782 10.775 3.2
    endloop
  endfacet
  facet normal 0.831426 0.555636 0
    outer loop
      vertex 65.8782 10.775 0
      vertex 66.0563 10.5085 3.2
      vertex 66.0563 10.5085 0
    endloop
  endfacet
  facet normal -0.980796 -0.195036 0
    outer loop
      vertex 70.429 12.3198 0
      vertex 70.3665 12.6341 3.2
      vertex 70.3665 12.6341 0
    endloop
  endfacet
  facet normal -0.980796 -0.195036 0
    outer loop
      vertex 70.3665 12.6341 3.2
      vertex 70.429 12.3198 0
      vertex 70.429 12.3198 3.2
    endloop
  endfacet
  facet normal -0.997851 -0.0655249 0
    outer loop
      vertex 70.45 12 0
      vertex 70.429 12.3198 3.2
      vertex 70.429 12.3198 0
    endloop
  endfacet
  facet normal -0.997851 -0.0655249 0
    outer loop
      vertex 70.429 12.3198 3.2
      vertex 70.45 12 0
      vertex 70.45 12 3.2
    endloop
  endfacet
  facet normal -0.442314 0.89686 0
    outer loop
      vertex 69.225 9.87824 0
      vertex 68.9376 9.7365 3.2
      vertex 69.225 9.87824 3.2
    endloop
  endfacet
  facet normal -0.442314 0.89686 0
    outer loop
      vertex 68.9376 9.7365 3.2
      vertex 69.225 9.87824 0
      vertex 68.9376 9.7365 0
    endloop
  endfacet
  facet normal 0.55555 0.831483 -0
    outer loop
      vertex 66.775 9.87824 0
      vertex 66.5085 10.0563 3.2
      vertex 66.775 9.87824 3.2
    endloop
  endfacet
  facet normal 0.55555 0.831483 0
    outer loop
      vertex 66.5085 10.0563 3.2
      vertex 66.775 9.87824 0
      vertex 66.5085 10.0563 0
    endloop
  endfacet
  facet normal -0.65941 -0.751784 0
    outer loop
      vertex 69.4915 13.9437 0
      vertex 69.7324 13.7324 3.2
      vertex 69.4915 13.9437 3.2
    endloop
  endfacet
  facet normal -0.65941 -0.751784 -0
    outer loop
      vertex 69.7324 13.7324 3.2
      vertex 69.4915 13.9437 0
      vertex 69.7324 13.7324 0
    endloop
  endfacet
  facet normal -0.89691 0.442213 0
    outer loop
      vertex 70.1218 10.775 0
      vertex 70.2635 11.0624 3.2
      vertex 70.2635 11.0624 0
    endloop
  endfacet
  facet normal -0.89691 0.442213 0
    outer loop
      vertex 70.2635 11.0624 3.2
      vertex 70.1218 10.775 0
      vertex 70.1218 10.775 3.2
    endloop
  endfacet
  facet normal 0.946953 0.321371 0
    outer loop
      vertex 65.7365 11.0624 3.2
      vertex 65.6335 11.3659 0
      vertex 65.6335 11.3659 3.2
    endloop
  endfacet
  facet normal 0.946953 0.321371 0
    outer loop
      vertex 65.6335 11.3659 0
      vertex 65.7365 11.0624 3.2
      vertex 65.7365 11.0624 0
    endloop
  endfacet
  facet normal 0.555636 -0.831426 0
    outer loop
      vertex 66.5085 13.9437 0
      vertex 66.775 14.1218 3.2
      vertex 66.5085 13.9437 3.2
    endloop
  endfacet
  facet normal 0.555636 -0.831426 0
    outer loop
      vertex 66.775 14.1218 3.2
      vertex 66.5085 13.9437 0
      vertex 66.775 14.1218 0
    endloop
  endfacet
  facet normal -0.946953 0.321371 0
    outer loop
      vertex 70.2635 11.0624 0
      vertex 70.3665 11.3659 3.2
      vertex 70.3665 11.3659 0
    endloop
  endfacet
  facet normal -0.946953 0.321371 0
    outer loop
      vertex 70.3665 11.3659 3.2
      vertex 70.2635 11.0624 0
      vertex 70.2635 11.0624 3.2
    endloop
  endfacet
  facet normal -0.321371 -0.946953 0
    outer loop
      vertex 68.6341 14.3665 0
      vertex 68.9376 14.2635 3.2
      vertex 68.6341 14.3665 3.2
    endloop
  endfacet
  facet normal -0.321371 -0.946953 -0
    outer loop
      vertex 68.9376 14.2635 3.2
      vertex 68.6341 14.3665 0
      vertex 68.9376 14.2635 0
    endloop
  endfacet
  facet normal -0.0655249 -0.997851 0
    outer loop
      vertex 68 14.45 0
      vertex 68.3198 14.429 3.2
      vertex 68 14.45 3.2
    endloop
  endfacet
  facet normal -0.0655249 -0.997851 -0
    outer loop
      vertex 68.3198 14.429 3.2
      vertex 68 14.45 0
      vertex 68.3198 14.429 0
    endloop
  endfacet
  facet normal 0.65941 -0.751784 0
    outer loop
      vertex 66.2676 13.7324 0
      vertex 66.5085 13.9437 3.2
      vertex 66.2676 13.7324 3.2
    endloop
  endfacet
  facet normal 0.65941 -0.751784 0
    outer loop
      vertex 66.5085 13.9437 3.2
      vertex 66.2676 13.7324 0
      vertex 66.5085 13.9437 0
    endloop
  endfacet
  facet normal -0.751784 0.65941 0
    outer loop
      vertex 69.7324 10.2676 0
      vertex 69.9437 10.5085 3.2
      vertex 69.9437 10.5085 0
    endloop
  endfacet
  facet normal -0.751784 0.65941 0
    outer loop
      vertex 69.9437 10.5085 3.2
      vertex 69.7324 10.2676 0
      vertex 69.7324 10.2676 3.2
    endloop
  endfacet
  facet normal -0.195096 0.980784 0
    outer loop
      vertex 68.6341 9.63348 0
      vertex 68.3198 9.57096 3.2
      vertex 68.6341 9.63348 3.2
    endloop
  endfacet
  facet normal -0.195096 0.980784 0
    outer loop
      vertex 68.3198 9.57096 3.2
      vertex 68.6341 9.63348 0
      vertex 68.3198 9.57096 0
    endloop
  endfacet
  facet normal -0.831426 -0.555636 0
    outer loop
      vertex 70.1218 13.225 0
      vertex 69.9437 13.4915 3.2
      vertex 69.9437 13.4915 0
    endloop
  endfacet
  facet normal -0.831426 -0.555636 0
    outer loop
      vertex 69.9437 13.4915 3.2
      vertex 70.1218 13.225 0
      vertex 70.1218 13.225 3.2
    endloop
  endfacet
  facet normal 0.751784 -0.65941 0
    outer loop
      vertex 66.0563 13.4915 3.2
      vertex 66.2676 13.7324 0
      vertex 66.2676 13.7324 3.2
    endloop
  endfacet
  facet normal 0.751784 -0.65941 0
    outer loop
      vertex 66.2676 13.7324 0
      vertex 66.0563 13.4915 3.2
      vertex 66.0563 13.4915 0
    endloop
  endfacet
  facet normal 0.321427 0.946934 -0
    outer loop
      vertex 67.3659 9.63348 0
      vertex 67.0624 9.7365 3.2
      vertex 67.3659 9.63348 3.2
    endloop
  endfacet
  facet normal 0.321427 0.946934 0
    outer loop
      vertex 67.0624 9.7365 3.2
      vertex 67.3659 9.63348 0
      vertex 67.0624 9.7365 0
    endloop
  endfacet
  facet normal -0.195036 -0.980796 0
    outer loop
      vertex 68.3198 14.429 0
      vertex 68.6341 14.3665 3.2
      vertex 68.3198 14.429 3.2
    endloop
  endfacet
  facet normal -0.195036 -0.980796 -0
    outer loop
      vertex 68.6341 14.3665 3.2
      vertex 68.3198 14.429 0
      vertex 68.6341 14.3665 0
    endloop
  endfacet
  facet normal -0.321427 0.946934 0
    outer loop
      vertex 68.9376 9.7365 0
      vertex 68.6341 9.63348 3.2
      vertex 68.9376 9.7365 3.2
    endloop
  endfacet
  facet normal -0.321427 0.946934 0
    outer loop
      vertex 68.6341 9.63348 3.2
      vertex 68.9376 9.7365 0
      vertex 68.6341 9.63348 0
    endloop
  endfacet
  facet normal -0.442213 -0.89691 0
    outer loop
      vertex 68.9376 14.2635 0
      vertex 69.225 14.1218 3.2
      vertex 68.9376 14.2635 3.2
    endloop
  endfacet
  facet normal -0.442213 -0.89691 -0
    outer loop
      vertex 69.225 14.1218 3.2
      vertex 68.9376 14.2635 0
      vertex 69.225 14.1218 0
    endloop
  endfacet
  facet normal -0.555636 -0.831426 0
    outer loop
      vertex 69.225 14.1218 0
      vertex 69.4915 13.9437 3.2
      vertex 69.225 14.1218 3.2
    endloop
  endfacet
  facet normal -0.555636 -0.831426 -0
    outer loop
      vertex 69.4915 13.9437 3.2
      vertex 69.225 14.1218 0
      vertex 69.4915 13.9437 0
    endloop
  endfacet
  facet normal -0.55555 0.831483 0
    outer loop
      vertex 69.4915 10.0563 0
      vertex 69.225 9.87824 3.2
      vertex 69.4915 10.0563 3.2
    endloop
  endfacet
  facet normal -0.55555 0.831483 0
    outer loop
      vertex 69.225 9.87824 3.2
      vertex 69.4915 10.0563 0
      vertex 69.225 9.87824 0
    endloop
  endfacet
  facet normal 0.89691 -0.442213 0
    outer loop
      vertex 65.7365 12.9376 3.2
      vertex 65.8782 13.225 0
      vertex 65.8782 13.225 3.2
    endloop
  endfacet
  facet normal 0.89691 -0.442213 0
    outer loop
      vertex 65.8782 13.225 0
      vertex 65.7365 12.9376 3.2
      vertex 65.7365 12.9376 0
    endloop
  endfacet
  facet normal 0.997851 -0.0655249 0
    outer loop
      vertex 65.55 12 3.2
      vertex 65.571 12.3198 0
      vertex 65.571 12.3198 3.2
    endloop
  endfacet
  facet normal 0.997851 -0.0655249 0
    outer loop
      vertex 65.571 12.3198 0
      vertex 65.55 12 3.2
      vertex 65.55 12 0
    endloop
  endfacet
  facet normal -0.65941 0.751784 0
    outer loop
      vertex 69.7324 10.2676 0
      vertex 69.4915 10.0563 3.2
      vertex 69.7324 10.2676 3.2
    endloop
  endfacet
  facet normal -0.65941 0.751784 0
    outer loop
      vertex 69.4915 10.0563 3.2
      vertex 69.7324 10.2676 0
      vertex 69.4915 10.0563 0
    endloop
  endfacet
  facet normal 0.195036 -0.980796 0
    outer loop
      vertex 67.3659 14.3665 0
      vertex 67.6802 14.429 3.2
      vertex 67.3659 14.3665 3.2
    endloop
  endfacet
  facet normal 0.195036 -0.980796 0
    outer loop
      vertex 67.6802 14.429 3.2
      vertex 67.3659 14.3665 0
      vertex 67.6802 14.429 0
    endloop
  endfacet
  facet normal -0.980796 0.195036 0
    outer loop
      vertex 70.3665 11.3659 0
      vertex 70.429 11.6802 3.2
      vertex 70.429 11.6802 0
    endloop
  endfacet
  facet normal -0.980796 0.195036 0
    outer loop
      vertex 70.429 11.6802 3.2
      vertex 70.3665 11.3659 0
      vertex 70.3665 11.3659 3.2
    endloop
  endfacet
  facet normal -0.997851 0.0655249 0
    outer loop
      vertex 70.429 11.6802 0
      vertex 70.45 12 3.2
      vertex 70.45 12 0
    endloop
  endfacet
  facet normal -0.997851 0.0655249 0
    outer loop
      vertex 70.45 12 3.2
      vertex 70.429 11.6802 0
      vertex 70.429 11.6802 3.2
    endloop
  endfacet
  facet normal 0.89691 0.442213 0
    outer loop
      vertex 65.8782 10.775 3.2
      vertex 65.7365 11.0624 0
      vertex 65.7365 11.0624 3.2
    endloop
  endfacet
  facet normal 0.89691 0.442213 0
    outer loop
      vertex 65.7365 11.0624 0
      vertex 65.8782 10.775 3.2
      vertex 65.8782 10.775 0
    endloop
  endfacet
  facet normal 0.980796 -0.195036 0
    outer loop
      vertex 65.571 12.3198 3.2
      vertex 65.6335 12.6341 0
      vertex 65.6335 12.6341 3.2
    endloop
  endfacet
  facet normal 0.980796 -0.195036 0
    outer loop
      vertex 65.6335 12.6341 0
      vertex 65.571 12.3198 3.2
      vertex 65.571 12.3198 0
    endloop
  endfacet
  facet normal -0.89691 -0.442213 0
    outer loop
      vertex 70.2635 12.9376 0
      vertex 70.1218 13.225 3.2
      vertex 70.1218 13.225 0
    endloop
  endfacet
  facet normal -0.89691 -0.442213 0
    outer loop
      vertex 70.1218 13.225 3.2
      vertex 70.2635 12.9376 0
      vertex 70.2635 12.9376 3.2
    endloop
  endfacet
  facet normal -0.0654006 0.997859 0
    outer loop
      vertex 68.3198 9.57096 0
      vertex 68 9.55 3.2
      vertex 68.3198 9.57096 3.2
    endloop
  endfacet
  facet normal -0.0654006 0.997859 0
    outer loop
      vertex 68 9.55 3.2
      vertex 68.3198 9.57096 0
      vertex 68 9.55 0
    endloop
  endfacet
  facet normal -0.831426 0.555636 0
    outer loop
      vertex 69.9437 10.5085 0
      vertex 70.1218 10.775 3.2
      vertex 70.1218 10.775 0
    endloop
  endfacet
  facet normal -0.831426 0.555636 0
    outer loop
      vertex 70.1218 10.775 3.2
      vertex 69.9437 10.5085 0
      vertex 69.9437 10.5085 3.2
    endloop
  endfacet
  facet normal 0.442213 -0.89691 0
    outer loop
      vertex 66.775 14.1218 0
      vertex 67.0624 14.2635 3.2
      vertex 66.775 14.1218 3.2
    endloop
  endfacet
  facet normal 0.442213 -0.89691 0
    outer loop
      vertex 67.0624 14.2635 3.2
      vertex 66.775 14.1218 0
      vertex 67.0624 14.2635 0
    endloop
  endfacet
  facet normal 0.0655249 -0.997851 0
    outer loop
      vertex 67.6802 14.429 0
      vertex 68 14.45 3.2
      vertex 67.6802 14.429 3.2
    endloop
  endfacet
  facet normal 0.0655249 -0.997851 0
    outer loop
      vertex 68 14.45 3.2
      vertex 67.6802 14.429 0
      vertex 68 14.45 0
    endloop
  endfacet
  facet normal -0.751784 -0.65941 0
    outer loop
      vertex 69.9437 13.4915 0
      vertex 69.7324 13.7324 3.2
      vertex 69.7324 13.7324 0
    endloop
  endfacet
  facet normal -0.751784 -0.65941 0
    outer loop
      vertex 69.7324 13.7324 3.2
      vertex 69.9437 13.4915 0
      vertex 69.9437 13.4915 3.2
    endloop
  endfacet
  facet normal -0.946953 -0.321371 0
    outer loop
      vertex 70.3665 12.6341 0
      vertex 70.2635 12.9376 3.2
      vertex 70.2635 12.9376 0
    endloop
  endfacet
  facet normal -0.946953 -0.321371 0
    outer loop
      vertex 70.2635 12.9376 3.2
      vertex 70.3665 12.6341 0
      vertex 70.3665 12.6341 3.2
    endloop
  endfacet
  facet normal 0.321371 -0.946953 0
    outer loop
      vertex 67.0624 14.2635 0
      vertex 67.3659 14.3665 3.2
      vertex 67.0624 14.2635 3.2
    endloop
  endfacet
  facet normal 0.321371 -0.946953 0
    outer loop
      vertex 67.3659 14.3665 3.2
      vertex 67.0624 14.2635 0
      vertex 67.3659 14.3665 0
    endloop
  endfacet
  facet normal 0.997851 0.0655249 0
    outer loop
      vertex 65.571 11.6802 3.2
      vertex 65.55 12 0
      vertex 65.55 12 3.2
    endloop
  endfacet
  facet normal 0.997851 0.0655249 0
    outer loop
      vertex 65.55 12 0
      vertex 65.571 11.6802 3.2
      vertex 65.571 11.6802 0
    endloop
  endfacet
  facet normal 0.980796 0.195036 0
    outer loop
      vertex 65.6335 11.3659 3.2
      vertex 65.571 11.6802 0
      vertex 65.571 11.6802 3.2
    endloop
  endfacet
  facet normal 0.980796 0.195036 0
    outer loop
      vertex 65.571 11.6802 0
      vertex 65.6335 11.3659 3.2
      vertex 65.6335 11.3659 0
    endloop
  endfacet
  facet normal 0.831426 -0.555636 0
    outer loop
      vertex 65.8782 13.225 3.2
      vertex 66.0563 13.4915 0
      vertex 66.0563 13.4915 3.2
    endloop
  endfacet
  facet normal 0.831426 -0.555636 0
    outer loop
      vertex 66.0563 13.4915 0
      vertex 65.8782 13.225 3.2
      vertex 65.8782 13.225 0
    endloop
  endfacet
  facet normal 0.442314 0.89686 -0
    outer loop
      vertex 67.0624 9.7365 0
      vertex 66.775 9.87824 3.2
      vertex 67.0624 9.7365 3.2
    endloop
  endfacet
  facet normal 0.442314 0.89686 0
    outer loop
      vertex 66.775 9.87824 3.2
      vertex 67.0624 9.7365 0
      vertex 66.775 9.87824 0
    endloop
  endfacet
  facet normal 0.195096 0.980784 -0
    outer loop
      vertex 67.6802 9.57096 0
      vertex 67.3659 9.63348 3.2
      vertex 67.6802 9.57096 3.2
    endloop
  endfacet
  facet normal 0.195096 0.980784 0
    outer loop
      vertex 67.3659 9.63348 3.2
      vertex 67.6802 9.57096 0
      vertex 67.3659 9.63348 0
    endloop
  endfacet
  facet normal 0.946953 -0.321371 0
    outer loop
      vertex 65.6335 12.6341 3.2
      vertex 65.7365 12.9376 0
      vertex 65.7365 12.9376 3.2
    endloop
  endfacet
  facet normal 0.946953 -0.321371 0
    outer loop
      vertex 65.7365 12.9376 0
      vertex 65.6335 12.6341 3.2
      vertex 65.6335 12.6341 0
    endloop
  endfacet
  facet normal 0.751784 0.65941 0
    outer loop
      vertex 66.2676 10.2676 3.2
      vertex 66.0563 10.5085 0
      vertex 66.0563 10.5085 3.2
    endloop
  endfacet
  facet normal 0.751784 0.65941 0
    outer loop
      vertex 66.0563 10.5085 0
      vertex 66.2676 10.2676 3.2
      vertex 66.2676 10.2676 0
    endloop
  endfacet
  facet normal 0.0654006 0.997859 -0
    outer loop
      vertex 68 9.55 0
      vertex 67.6802 9.57096 3.2
      vertex 68 9.55 3.2
    endloop
  endfacet
  facet normal 0.0654006 0.997859 0
    outer loop
      vertex 67.6802 9.57096 3.2
      vertex 68 9.55 0
      vertex 67.6802 9.57096 0
    endloop
  endfacet
  facet normal 0.65941 0.751784 -0
    outer loop
      vertex 66.5085 10.0563 0
      vertex 66.2676 10.2676 3.2
      vertex 66.5085 10.0563 3.2
    endloop
  endfacet
  facet normal 0.65941 0.751784 0
    outer loop
      vertex 66.2676 10.2676 3.2
      vertex 66.5085 10.0563 0
      vertex 66.2676 10.2676 0
    endloop
  endfacet
  facet normal 0.831426 0.555636 0
    outer loop
      vertex 66.0563 18.5085 3.2
      vertex 65.8782 18.775 0
      vertex 65.8782 18.775 3.2
    endloop
  endfacet
  facet normal 0.831426 0.555636 0
    outer loop
      vertex 65.8782 18.775 0
      vertex 66.0563 18.5085 3.2
      vertex 66.0563 18.5085 0
    endloop
  endfacet
  facet normal -0.980796 -0.195036 0
    outer loop
      vertex 70.429 20.3198 0
      vertex 70.3665 20.6341 3.2
      vertex 70.3665 20.6341 0
    endloop
  endfacet
  facet normal -0.980796 -0.195036 0
    outer loop
      vertex 70.3665 20.6341 3.2
      vertex 70.429 20.3198 0
      vertex 70.429 20.3198 3.2
    endloop
  endfacet
  facet normal -0.997851 -0.0655249 0
    outer loop
      vertex 70.45 20 0
      vertex 70.429 20.3198 3.2
      vertex 70.429 20.3198 0
    endloop
  endfacet
  facet normal -0.997851 -0.0655249 0
    outer loop
      vertex 70.429 20.3198 3.2
      vertex 70.45 20 0
      vertex 70.45 20 3.2
    endloop
  endfacet
  facet normal -0.442213 0.89691 0
    outer loop
      vertex 69.225 17.8782 0
      vertex 68.9376 17.7365 3.2
      vertex 69.225 17.8782 3.2
    endloop
  endfacet
  facet normal -0.442213 0.89691 0
    outer loop
      vertex 68.9376 17.7365 3.2
      vertex 69.225 17.8782 0
      vertex 68.9376 17.7365 0
    endloop
  endfacet
  facet normal 0.555636 0.831426 -0
    outer loop
      vertex 66.775 17.8782 0
      vertex 66.5085 18.0563 3.2
      vertex 66.775 17.8782 3.2
    endloop
  endfacet
  facet normal 0.555636 0.831426 0
    outer loop
      vertex 66.5085 18.0563 3.2
      vertex 66.775 17.8782 0
      vertex 66.5085 18.0563 0
    endloop
  endfacet
  facet normal -0.65941 -0.751784 0
    outer loop
      vertex 69.4915 21.9437 0
      vertex 69.7324 21.7324 3.2
      vertex 69.4915 21.9437 3.2
    endloop
  endfacet
  facet normal -0.65941 -0.751784 -0
    outer loop
      vertex 69.7324 21.7324 3.2
      vertex 69.4915 21.9437 0
      vertex 69.7324 21.7324 0
    endloop
  endfacet
  facet normal -0.89691 0.442213 0
    outer loop
      vertex 70.1218 18.775 0
      vertex 70.2635 19.0624 3.2
      vertex 70.2635 19.0624 0
    endloop
  endfacet
  facet normal -0.89691 0.442213 0
    outer loop
      vertex 70.2635 19.0624 3.2
      vertex 70.1218 18.775 0
      vertex 70.1218 18.775 3.2
    endloop
  endfacet
  facet normal 0.946953 0.321371 0
    outer loop
      vertex 65.7365 19.0624 3.2
      vertex 65.6335 19.3659 0
      vertex 65.6335 19.3659 3.2
    endloop
  endfacet
  facet normal 0.946953 0.321371 0
    outer loop
      vertex 65.6335 19.3659 0
      vertex 65.7365 19.0624 3.2
      vertex 65.7365 19.0624 0
    endloop
  endfacet
  facet normal 0.555636 -0.831426 0
    outer loop
      vertex 66.5085 21.9437 0
      vertex 66.775 22.1218 3.2
      vertex 66.5085 21.9437 3.2
    endloop
  endfacet
  facet normal 0.555636 -0.831426 0
    outer loop
      vertex 66.775 22.1218 3.2
      vertex 66.5085 21.9437 0
      vertex 66.775 22.1218 0
    endloop
  endfacet
  facet normal -0.946953 0.321371 0
    outer loop
      vertex 70.2635 19.0624 0
      vertex 70.3665 19.3659 3.2
      vertex 70.3665 19.3659 0
    endloop
  endfacet
  facet normal -0.946953 0.321371 0
    outer loop
      vertex 70.3665 19.3659 3.2
      vertex 70.2635 19.0624 0
      vertex 70.2635 19.0624 3.2
    endloop
  endfacet
  facet normal -0.321371 -0.946953 0
    outer loop
      vertex 68.6341 22.3665 0
      vertex 68.9376 22.2635 3.2
      vertex 68.6341 22.3665 3.2
    endloop
  endfacet
  facet normal -0.321371 -0.946953 -0
    outer loop
      vertex 68.9376 22.2635 3.2
      vertex 68.6341 22.3665 0
      vertex 68.9376 22.2635 0
    endloop
  endfacet
  facet normal -0.0655249 -0.997851 0
    outer loop
      vertex 68 22.45 0
      vertex 68.3198 22.429 3.2
      vertex 68 22.45 3.2
    endloop
  endfacet
  facet normal -0.0655249 -0.997851 -0
    outer loop
      vertex 68.3198 22.429 3.2
      vertex 68 22.45 0
      vertex 68.3198 22.429 0
    endloop
  endfacet
  facet normal 0.65941 -0.751784 0
    outer loop
      vertex 66.2676 21.7324 0
      vertex 66.5085 21.9437 3.2
      vertex 66.2676 21.7324 3.2
    endloop
  endfacet
  facet normal 0.65941 -0.751784 0
    outer loop
      vertex 66.5085 21.9437 3.2
      vertex 66.2676 21.7324 0
      vertex 66.5085 21.9437 0
    endloop
  endfacet
  facet normal -0.751784 0.65941 0
    outer loop
      vertex 69.7324 18.2676 0
      vertex 69.9437 18.5085 3.2
      vertex 69.9437 18.5085 0
    endloop
  endfacet
  facet normal -0.751784 0.65941 0
    outer loop
      vertex 69.9437 18.5085 3.2
      vertex 69.7324 18.2676 0
      vertex 69.7324 18.2676 3.2
    endloop
  endfacet
  facet normal -0.195036 0.980796 0
    outer loop
      vertex 68.6341 17.6335 0
      vertex 68.3198 17.571 3.2
      vertex 68.6341 17.6335 3.2
    endloop
  endfacet
  facet normal -0.195036 0.980796 0
    outer loop
      vertex 68.3198 17.571 3.2
      vertex 68.6341 17.6335 0
      vertex 68.3198 17.571 0
    endloop
  endfacet
  facet normal -0.831426 -0.555636 0
    outer loop
      vertex 70.1218 21.225 0
      vertex 69.9437 21.4915 3.2
      vertex 69.9437 21.4915 0
    endloop
  endfacet
  facet normal -0.831426 -0.555636 0
    outer loop
      vertex 69.9437 21.4915 3.2
      vertex 70.1218 21.225 0
      vertex 70.1218 21.225 3.2
    endloop
  endfacet
  facet normal 0.751784 -0.65941 0
    outer loop
      vertex 66.0563 21.4915 3.2
      vertex 66.2676 21.7324 0
      vertex 66.2676 21.7324 3.2
    endloop
  endfacet
  facet normal 0.751784 -0.65941 0
    outer loop
      vertex 66.2676 21.7324 0
      vertex 66.0563 21.4915 3.2
      vertex 66.0563 21.4915 0
    endloop
  endfacet
  facet normal 0.321371 0.946953 -0
    outer loop
      vertex 67.3659 17.6335 0
      vertex 67.0624 17.7365 3.2
      vertex 67.3659 17.6335 3.2
    endloop
  endfacet
  facet normal 0.321371 0.946953 0
    outer loop
      vertex 67.0624 17.7365 3.2
      vertex 67.3659 17.6335 0
      vertex 67.0624 17.7365 0
    endloop
  endfacet
  facet normal -0.195036 -0.980796 0
    outer loop
      vertex 68.3198 22.429 0
      vertex 68.6341 22.3665 3.2
      vertex 68.3198 22.429 3.2
    endloop
  endfacet
  facet normal -0.195036 -0.980796 -0
    outer loop
      vertex 68.6341 22.3665 3.2
      vertex 68.3198 22.429 0
      vertex 68.6341 22.3665 0
    endloop
  endfacet
  facet normal -0.321371 0.946953 0
    outer loop
      vertex 68.9376 17.7365 0
      vertex 68.6341 17.6335 3.2
      vertex 68.9376 17.7365 3.2
    endloop
  endfacet
  facet normal -0.321371 0.946953 0
    outer loop
      vertex 68.6341 17.6335 3.2
      vertex 68.9376 17.7365 0
      vertex 68.6341 17.6335 0
    endloop
  endfacet
  facet normal -0.442213 -0.89691 0
    outer loop
      vertex 68.9376 22.2635 0
      vertex 69.225 22.1218 3.2
      vertex 68.9376 22.2635 3.2
    endloop
  endfacet
  facet normal -0.442213 -0.89691 -0
    outer loop
      vertex 69.225 22.1218 3.2
      vertex 68.9376 22.2635 0
      vertex 69.225 22.1218 0
    endloop
  endfacet
  facet normal -0.555636 -0.831426 0
    outer loop
      vertex 69.225 22.1218 0
      vertex 69.4915 21.9437 3.2
      vertex 69.225 22.1218 3.2
    endloop
  endfacet
  facet normal -0.555636 -0.831426 -0
    outer loop
      vertex 69.4915 21.9437 3.2
      vertex 69.225 22.1218 0
      vertex 69.4915 21.9437 0
    endloop
  endfacet
  facet normal -0.555636 0.831426 0
    outer loop
      vertex 69.4915 18.0563 0
      vertex 69.225 17.8782 3.2
      vertex 69.4915 18.0563 3.2
    endloop
  endfacet
  facet normal -0.555636 0.831426 0
    outer loop
      vertex 69.225 17.8782 3.2
      vertex 69.4915 18.0563 0
      vertex 69.225 17.8782 0
    endloop
  endfacet
  facet normal 0.89691 -0.442213 0
    outer loop
      vertex 65.7365 20.9376 3.2
      vertex 65.8782 21.225 0
      vertex 65.8782 21.225 3.2
    endloop
  endfacet
  facet normal 0.89691 -0.442213 0
    outer loop
      vertex 65.8782 21.225 0
      vertex 65.7365 20.9376 3.2
      vertex 65.7365 20.9376 0
    endloop
  endfacet
  facet normal -0.65941 0.751784 0
    outer loop
      vertex 69.7324 18.2676 0
      vertex 69.4915 18.0563 3.2
      vertex 69.7324 18.2676 3.2
    endloop
  endfacet
  facet normal -0.65941 0.751784 0
    outer loop
      vertex 69.4915 18.0563 3.2
      vertex 69.7324 18.2676 0
      vertex 69.4915 18.0563 0
    endloop
  endfacet
  facet normal 0.195036 -0.980796 0
    outer loop
      vertex 67.3659 22.3665 0
      vertex 67.6802 22.429 3.2
      vertex 67.3659 22.3665 3.2
    endloop
  endfacet
  facet normal 0.195036 -0.980796 0
    outer loop
      vertex 67.6802 22.429 3.2
      vertex 67.3659 22.3665 0
      vertex 67.6802 22.429 0
    endloop
  endfacet
  facet normal -0.980796 0.195036 0
    outer loop
      vertex 70.3665 19.3659 0
      vertex 70.429 19.6802 3.2
      vertex 70.429 19.6802 0
    endloop
  endfacet
  facet normal -0.980796 0.195036 0
    outer loop
      vertex 70.429 19.6802 3.2
      vertex 70.3665 19.3659 0
      vertex 70.3665 19.3659 3.2
    endloop
  endfacet
  facet normal -0.997851 0.0655249 0
    outer loop
      vertex 70.429 19.6802 0
      vertex 70.45 20 3.2
      vertex 70.45 20 0
    endloop
  endfacet
  facet normal -0.997851 0.0655249 0
    outer loop
      vertex 70.45 20 3.2
      vertex 70.429 19.6802 0
      vertex 70.429 19.6802 3.2
    endloop
  endfacet
  facet normal 0.89691 0.442213 0
    outer loop
      vertex 65.8782 18.775 3.2
      vertex 65.7365 19.0624 0
      vertex 65.7365 19.0624 3.2
    endloop
  endfacet
  facet normal 0.89691 0.442213 0
    outer loop
      vertex 65.7365 19.0624 0
      vertex 65.8782 18.775 3.2
      vertex 65.8782 18.775 0
    endloop
  endfacet
  facet normal 0.980796 -0.195036 0
    outer loop
      vertex 65.571 20.3198 3.2
      vertex 65.6335 20.6341 0
      vertex 65.6335 20.6341 3.2
    endloop
  endfacet
  facet normal 0.980796 -0.195036 0
    outer loop
      vertex 65.6335 20.6341 0
      vertex 65.571 20.3198 3.2
      vertex 65.571 20.3198 0
    endloop
  endfacet
  facet normal -0.89691 -0.442213 0
    outer loop
      vertex 70.2635 20.9376 0
      vertex 70.1218 21.225 3.2
      vertex 70.1218 21.225 0
    endloop
  endfacet
  facet normal -0.89691 -0.442213 0
    outer loop
      vertex 70.1218 21.225 3.2
      vertex 70.2635 20.9376 0
      vertex 70.2635 20.9376 3.2
    endloop
  endfacet
  facet normal -0.0655249 0.997851 0
    outer loop
      vertex 68.3198 17.571 0
      vertex 68 17.55 3.2
      vertex 68.3198 17.571 3.2
    endloop
  endfacet
  facet normal -0.0655249 0.997851 0
    outer loop
      vertex 68 17.55 3.2
      vertex 68.3198 17.571 0
      vertex 68 17.55 0
    endloop
  endfacet
  facet normal -0.831426 0.555636 0
    outer loop
      vertex 69.9437 18.5085 0
      vertex 70.1218 18.775 3.2
      vertex 70.1218 18.775 0
    endloop
  endfacet
  facet normal -0.831426 0.555636 0
    outer loop
      vertex 70.1218 18.775 3.2
      vertex 69.9437 18.5085 0
      vertex 69.9437 18.5085 3.2
    endloop
  endfacet
  facet normal 0.442213 -0.89691 0
    outer loop
      vertex 66.775 22.1218 0
      vertex 67.0624 22.2635 3.2
      vertex 66.775 22.1218 3.2
    endloop
  endfacet
  facet normal 0.442213 -0.89691 0
    outer loop
      vertex 67.0624 22.2635 3.2
      vertex 66.775 22.1218 0
      vertex 67.0624 22.2635 0
    endloop
  endfacet
  facet normal 0.0655249 -0.997851 0
    outer loop
      vertex 67.6802 22.429 0
      vertex 68 22.45 3.2
      vertex 67.6802 22.429 3.2
    endloop
  endfacet
  facet normal 0.0655249 -0.997851 0
    outer loop
      vertex 68 22.45 3.2
      vertex 67.6802 22.429 0
      vertex 68 22.45 0
    endloop
  endfacet
  facet normal -0.751784 -0.65941 0
    outer loop
      vertex 69.9437 21.4915 0
      vertex 69.7324 21.7324 3.2
      vertex 69.7324 21.7324 0
    endloop
  endfacet
  facet normal -0.751784 -0.65941 0
    outer loop
      vertex 69.7324 21.7324 3.2
      vertex 69.9437 21.4915 0
      vertex 69.9437 21.4915 3.2
    endloop
  endfacet
  facet normal -0.946953 -0.321371 0
    outer loop
      vertex 70.3665 20.6341 0
      vertex 70.2635 20.9376 3.2
      vertex 70.2635 20.9376 0
    endloop
  endfacet
  facet normal -0.946953 -0.321371 0
    outer loop
      vertex 70.2635 20.9376 3.2
      vertex 70.3665 20.6341 0
      vertex 70.3665 20.6341 3.2
    endloop
  endfacet
  facet normal 0.321371 -0.946953 0
    outer loop
      vertex 67.0624 22.2635 0
      vertex 67.3659 22.3665 3.2
      vertex 67.0624 22.2635 3.2
    endloop
  endfacet
  facet normal 0.321371 -0.946953 0
    outer loop
      vertex 67.3659 22.3665 3.2
      vertex 67.0624 22.2635 0
      vertex 67.3659 22.3665 0
    endloop
  endfacet
  facet normal 0.997851 0.0655249 0
    outer loop
      vertex 65.571 19.6802 3.2
      vertex 65.55 20 0
      vertex 65.55 20 3.2
    endloop
  endfacet
  facet normal 0.997851 0.0655249 0
    outer loop
      vertex 65.55 20 0
      vertex 65.571 19.6802 3.2
      vertex 65.571 19.6802 0
    endloop
  endfacet
  facet normal 0.980796 0.195036 0
    outer loop
      vertex 65.6335 19.3659 3.2
      vertex 65.571 19.6802 0
      vertex 65.571 19.6802 3.2
    endloop
  endfacet
  facet normal 0.980796 0.195036 0
    outer loop
      vertex 65.571 19.6802 0
      vertex 65.6335 19.3659 3.2
      vertex 65.6335 19.3659 0
    endloop
  endfacet
  facet normal 0.831426 -0.555636 0
    outer loop
      vertex 65.8782 21.225 3.2
      vertex 66.0563 21.4915 0
      vertex 66.0563 21.4915 3.2
    endloop
  endfacet
  facet normal 0.831426 -0.555636 0
    outer loop
      vertex 66.0563 21.4915 0
      vertex 65.8782 21.225 3.2
      vertex 65.8782 21.225 0
    endloop
  endfacet
  facet normal 0.442213 0.89691 -0
    outer loop
      vertex 67.0624 17.7365 0
      vertex 66.775 17.8782 3.2
      vertex 67.0624 17.7365 3.2
    endloop
  endfacet
  facet normal 0.442213 0.89691 0
    outer loop
      vertex 66.775 17.8782 3.2
      vertex 67.0624 17.7365 0
      vertex 66.775 17.8782 0
    endloop
  endfacet
  facet normal 0.195036 0.980796 -0
    outer loop
      vertex 67.6802 17.571 0
      vertex 67.3659 17.6335 3.2
      vertex 67.6802 17.571 3.2
    endloop
  endfacet
  facet normal 0.195036 0.980796 0
    outer loop
      vertex 67.3659 17.6335 3.2
      vertex 67.6802 17.571 0
      vertex 67.3659 17.6335 0
    endloop
  endfacet
  facet normal 0.946953 -0.321371 0
    outer loop
      vertex 65.6335 20.6341 3.2
      vertex 65.7365 20.9376 0
      vertex 65.7365 20.9376 3.2
    endloop
  endfacet
  facet normal 0.946953 -0.321371 0
    outer loop
      vertex 65.7365 20.9376 0
      vertex 65.6335 20.6341 3.2
      vertex 65.6335 20.6341 0
    endloop
  endfacet
  facet normal 0.751784 0.65941 0
    outer loop
      vertex 66.2676 18.2676 3.2
      vertex 66.0563 18.5085 0
      vertex 66.0563 18.5085 3.2
    endloop
  endfacet
  facet normal 0.751784 0.65941 0
    outer loop
      vertex 66.0563 18.5085 0
      vertex 66.2676 18.2676 3.2
      vertex 66.2676 18.2676 0
    endloop
  endfacet
  facet normal 0.997851 -0.0655249 0
    outer loop
      vertex 65.55 20 3.2
      vertex 65.571 20.3198 0
      vertex 65.571 20.3198 3.2
    endloop
  endfacet
  facet normal 0.997851 -0.0655249 0
    outer loop
      vertex 65.571 20.3198 0
      vertex 65.55 20 3.2
      vertex 65.55 20 0
    endloop
  endfacet
  facet normal 0.0655249 0.997851 -0
    outer loop
      vertex 68 17.55 0
      vertex 67.6802 17.571 3.2
      vertex 68 17.55 3.2
    endloop
  endfacet
  facet normal 0.0655249 0.997851 0
    outer loop
      vertex 67.6802 17.571 3.2
      vertex 68 17.55 0
      vertex 67.6802 17.571 0
    endloop
  endfacet
  facet normal 0.65941 0.751784 -0
    outer loop
      vertex 66.5085 18.0563 0
      vertex 66.2676 18.2676 3.2
      vertex 66.5085 18.0563 3.2
    endloop
  endfacet
  facet normal 0.65941 0.751784 0
    outer loop
      vertex 66.2676 18.2676 3.2
      vertex 66.5085 18.0563 0
      vertex 66.2676 18.2676 0
    endloop
  endfacet
  facet normal 0.831426 0.555636 0
    outer loop
      vertex 66.0563 26.5085 3.2
      vertex 65.8782 26.775 0
      vertex 65.8782 26.775 3.2
    endloop
  endfacet
  facet normal 0.831426 0.555636 0
    outer loop
      vertex 65.8782 26.775 0
      vertex 66.0563 26.5085 3.2
      vertex 66.0563 26.5085 0
    endloop
  endfacet
  facet normal -0.980796 -0.195036 0
    outer loop
      vertex 70.429 28.3198 0
      vertex 70.3665 28.6341 3.2
      vertex 70.3665 28.6341 0
    endloop
  endfacet
  facet normal -0.980796 -0.195036 0
    outer loop
      vertex 70.3665 28.6341 3.2
      vertex 70.429 28.3198 0
      vertex 70.429 28.3198 3.2
    endloop
  endfacet
  facet normal -0.997851 -0.0655249 0
    outer loop
      vertex 70.45 28 0
      vertex 70.429 28.3198 3.2
      vertex 70.429 28.3198 0
    endloop
  endfacet
  facet normal -0.997851 -0.0655249 0
    outer loop
      vertex 70.429 28.3198 3.2
      vertex 70.45 28 0
      vertex 70.45 28 3.2
    endloop
  endfacet
  facet normal -0.442213 0.89691 0
    outer loop
      vertex 69.225 25.8782 0
      vertex 68.9376 25.7365 3.2
      vertex 69.225 25.8782 3.2
    endloop
  endfacet
  facet normal -0.442213 0.89691 0
    outer loop
      vertex 68.9376 25.7365 3.2
      vertex 69.225 25.8782 0
      vertex 68.9376 25.7365 0
    endloop
  endfacet
  facet normal 0.555636 0.831426 -0
    outer loop
      vertex 66.775 25.8782 0
      vertex 66.5085 26.0563 3.2
      vertex 66.775 25.8782 3.2
    endloop
  endfacet
  facet normal 0.555636 0.831426 0
    outer loop
      vertex 66.5085 26.0563 3.2
      vertex 66.775 25.8782 0
      vertex 66.5085 26.0563 0
    endloop
  endfacet
  facet normal -0.65941 -0.751784 0
    outer loop
      vertex 69.4915 29.9437 0
      vertex 69.7324 29.7324 3.2
      vertex 69.4915 29.9437 3.2
    endloop
  endfacet
  facet normal -0.65941 -0.751784 -0
    outer loop
      vertex 69.7324 29.7324 3.2
      vertex 69.4915 29.9437 0
      vertex 69.7324 29.7324 0
    endloop
  endfacet
  facet normal -0.89691 0.442213 0
    outer loop
      vertex 70.1218 26.775 0
      vertex 70.2635 27.0624 3.2
      vertex 70.2635 27.0624 0
    endloop
  endfacet
  facet normal -0.89691 0.442213 0
    outer loop
      vertex 70.2635 27.0624 3.2
      vertex 70.1218 26.775 0
      vertex 70.1218 26.775 3.2
    endloop
  endfacet
  facet normal 0.946953 0.321371 0
    outer loop
      vertex 65.7365 27.0624 3.2
      vertex 65.6335 27.3659 0
      vertex 65.6335 27.3659 3.2
    endloop
  endfacet
  facet normal 0.946953 0.321371 0
    outer loop
      vertex 65.6335 27.3659 0
      vertex 65.7365 27.0624 3.2
      vertex 65.7365 27.0624 0
    endloop
  endfacet
  facet normal 0.555636 -0.831426 0
    outer loop
      vertex 66.5085 29.9437 0
      vertex 66.775 30.1218 3.2
      vertex 66.5085 29.9437 3.2
    endloop
  endfacet
  facet normal 0.555636 -0.831426 0
    outer loop
      vertex 66.775 30.1218 3.2
      vertex 66.5085 29.9437 0
      vertex 66.775 30.1218 0
    endloop
  endfacet
  facet normal -0.946953 0.321371 0
    outer loop
      vertex 70.2635 27.0624 0
      vertex 70.3665 27.3659 3.2
      vertex 70.3665 27.3659 0
    endloop
  endfacet
  facet normal -0.946953 0.321371 0
    outer loop
      vertex 70.3665 27.3659 3.2
      vertex 70.2635 27.0624 0
      vertex 70.2635 27.0624 3.2
    endloop
  endfacet
  facet normal -0.321371 -0.946953 0
    outer loop
      vertex 68.6341 30.3665 0
      vertex 68.9376 30.2635 3.2
      vertex 68.6341 30.3665 3.2
    endloop
  endfacet
  facet normal -0.321371 -0.946953 -0
    outer loop
      vertex 68.9376 30.2635 3.2
      vertex 68.6341 30.3665 0
      vertex 68.9376 30.2635 0
    endloop
  endfacet
  facet normal -0.0655249 -0.997851 0
    outer loop
      vertex 68 30.45 0
      vertex 68.3198 30.429 3.2
      vertex 68 30.45 3.2
    endloop
  endfacet
  facet normal -0.0655249 -0.997851 -0
    outer loop
      vertex 68.3198 30.429 3.2
      vertex 68 30.45 0
      vertex 68.3198 30.429 0
    endloop
  endfacet
  facet normal 0.65941 -0.751784 0
    outer loop
      vertex 66.2676 29.7324 0
      vertex 66.5085 29.9437 3.2
      vertex 66.2676 29.7324 3.2
    endloop
  endfacet
  facet normal 0.65941 -0.751784 0
    outer loop
      vertex 66.5085 29.9437 3.2
      vertex 66.2676 29.7324 0
      vertex 66.5085 29.9437 0
    endloop
  endfacet
  facet normal -0.751784 0.65941 0
    outer loop
      vertex 69.7324 26.2676 0
      vertex 69.9437 26.5085 3.2
      vertex 69.9437 26.5085 0
    endloop
  endfacet
  facet normal -0.751784 0.65941 0
    outer loop
      vertex 69.9437 26.5085 3.2
      vertex 69.7324 26.2676 0
      vertex 69.7324 26.2676 3.2
    endloop
  endfacet
  facet normal -0.195036 0.980796 0
    outer loop
      vertex 68.6341 25.6335 0
      vertex 68.3198 25.571 3.2
      vertex 68.6341 25.6335 3.2
    endloop
  endfacet
  facet normal -0.195036 0.980796 0
    outer loop
      vertex 68.3198 25.571 3.2
      vertex 68.6341 25.6335 0
      vertex 68.3198 25.571 0
    endloop
  endfacet
  facet normal -0.831426 -0.555636 0
    outer loop
      vertex 70.1218 29.225 0
      vertex 69.9437 29.4915 3.2
      vertex 69.9437 29.4915 0
    endloop
  endfacet
  facet normal -0.831426 -0.555636 0
    outer loop
      vertex 69.9437 29.4915 3.2
      vertex 70.1218 29.225 0
      vertex 70.1218 29.225 3.2
    endloop
  endfacet
  facet normal 0.751784 -0.65941 0
    outer loop
      vertex 66.0563 29.4915 3.2
      vertex 66.2676 29.7324 0
      vertex 66.2676 29.7324 3.2
    endloop
  endfacet
  facet normal 0.751784 -0.65941 0
    outer loop
      vertex 66.2676 29.7324 0
      vertex 66.0563 29.4915 3.2
      vertex 66.0563 29.4915 0
    endloop
  endfacet
  facet normal 0.321371 0.946953 -0
    outer loop
      vertex 67.3659 25.6335 0
      vertex 67.0624 25.7365 3.2
      vertex 67.3659 25.6335 3.2
    endloop
  endfacet
  facet normal 0.321371 0.946953 0
    outer loop
      vertex 67.0624 25.7365 3.2
      vertex 67.3659 25.6335 0
      vertex 67.0624 25.7365 0
    endloop
  endfacet
  facet normal -0.321371 0.946953 0
    outer loop
      vertex 68.9376 25.7365 0
      vertex 68.6341 25.6335 3.2
      vertex 68.9376 25.7365 3.2
    endloop
  endfacet
  facet normal -0.321371 0.946953 0
    outer loop
      vertex 68.6341 25.6335 3.2
      vertex 68.9376 25.7365 0
      vertex 68.6341 25.6335 0
    endloop
  endfacet
  facet normal -0.442213 -0.89691 0
    outer loop
      vertex 68.9376 30.2635 0
      vertex 69.225 30.1218 3.2
      vertex 68.9376 30.2635 3.2
    endloop
  endfacet
  facet normal -0.442213 -0.89691 -0
    outer loop
      vertex 69.225 30.1218 3.2
      vertex 68.9376 30.2635 0
      vertex 69.225 30.1218 0
    endloop
  endfacet
  facet normal -0.555636 -0.831426 0
    outer loop
      vertex 69.225 30.1218 0
      vertex 69.4915 29.9437 3.2
      vertex 69.225 30.1218 3.2
    endloop
  endfacet
  facet normal -0.555636 -0.831426 -0
    outer loop
      vertex 69.4915 29.9437 3.2
      vertex 69.225 30.1218 0
      vertex 69.4915 29.9437 0
    endloop
  endfacet
  facet normal -0.555636 0.831426 0
    outer loop
      vertex 69.4915 26.0563 0
      vertex 69.225 25.8782 3.2
      vertex 69.4915 26.0563 3.2
    endloop
  endfacet
  facet normal -0.555636 0.831426 0
    outer loop
      vertex 69.225 25.8782 3.2
      vertex 69.4915 26.0563 0
      vertex 69.225 25.8782 0
    endloop
  endfacet
  facet normal 0.89691 -0.442213 0
    outer loop
      vertex 65.7365 28.9376 3.2
      vertex 65.8782 29.225 0
      vertex 65.8782 29.225 3.2
    endloop
  endfacet
  facet normal 0.89691 -0.442213 0
    outer loop
      vertex 65.8782 29.225 0
      vertex 65.7365 28.9376 3.2
      vertex 65.7365 28.9376 0
    endloop
  endfacet
  facet normal 0.997851 -0.0655249 0
    outer loop
      vertex 65.55 28 3.2
      vertex 65.571 28.3198 0
      vertex 65.571 28.3198 3.2
    endloop
  endfacet
  facet normal 0.997851 -0.0655249 0
    outer loop
      vertex 65.571 28.3198 0
      vertex 65.55 28 3.2
      vertex 65.55 28 0
    endloop
  endfacet
  facet normal -0.65941 0.751784 0
    outer loop
      vertex 69.7324 26.2676 0
      vertex 69.4915 26.0563 3.2
      vertex 69.7324 26.2676 3.2
    endloop
  endfacet
  facet normal -0.65941 0.751784 0
    outer loop
      vertex 69.4915 26.0563 3.2
      vertex 69.7324 26.2676 0
      vertex 69.4915 26.0563 0
    endloop
  endfacet
  facet normal 0.195036 -0.980796 0
    outer loop
      vertex 67.3659 30.3665 0
      vertex 67.6802 30.429 3.2
      vertex 67.3659 30.3665 3.2
    endloop
  endfacet
  facet normal 0.195036 -0.980796 0
    outer loop
      vertex 67.6802 30.429 3.2
      vertex 67.3659 30.3665 0
      vertex 67.6802 30.429 0
    endloop
  endfacet
  facet normal -0.980796 0.195036 0
    outer loop
      vertex 70.3665 27.3659 0
      vertex 70.429 27.6802 3.2
      vertex 70.429 27.6802 0
    endloop
  endfacet
  facet normal -0.980796 0.195036 0
    outer loop
      vertex 70.429 27.6802 3.2
      vertex 70.3665 27.3659 0
      vertex 70.3665 27.3659 3.2
    endloop
  endfacet
  facet normal -0.997851 0.0655249 0
    outer loop
      vertex 70.429 27.6802 0
      vertex 70.45 28 3.2
      vertex 70.45 28 0
    endloop
  endfacet
  facet normal -0.997851 0.0655249 0
    outer loop
      vertex 70.45 28 3.2
      vertex 70.429 27.6802 0
      vertex 70.429 27.6802 3.2
    endloop
  endfacet
  facet normal 0.89691 0.442213 0
    outer loop
      vertex 65.8782 26.775 3.2
      vertex 65.7365 27.0624 0
      vertex 65.7365 27.0624 3.2
    endloop
  endfacet
  facet normal 0.89691 0.442213 0
    outer loop
      vertex 65.7365 27.0624 0
      vertex 65.8782 26.775 3.2
      vertex 65.8782 26.775 0
    endloop
  endfacet
  facet normal 0.980796 -0.195036 0
    outer loop
      vertex 65.571 28.3198 3.2
      vertex 65.6335 28.6341 0
      vertex 65.6335 28.6341 3.2
    endloop
  endfacet
  facet normal 0.980796 -0.195036 0
    outer loop
      vertex 65.6335 28.6341 0
      vertex 65.571 28.3198 3.2
      vertex 65.571 28.3198 0
    endloop
  endfacet
  facet normal -0.89691 -0.442213 0
    outer loop
      vertex 70.2635 28.9376 0
      vertex 70.1218 29.225 3.2
      vertex 70.1218 29.225 0
    endloop
  endfacet
  facet normal -0.89691 -0.442213 0
    outer loop
      vertex 70.1218 29.225 3.2
      vertex 70.2635 28.9376 0
      vertex 70.2635 28.9376 3.2
    endloop
  endfacet
  facet normal -0.0655249 0.997851 0
    outer loop
      vertex 68.3198 25.571 0
      vertex 68 25.55 3.2
      vertex 68.3198 25.571 3.2
    endloop
  endfacet
  facet normal -0.0655249 0.997851 0
    outer loop
      vertex 68 25.55 3.2
      vertex 68.3198 25.571 0
      vertex 68 25.55 0
    endloop
  endfacet
  facet normal -0.831426 0.555636 0
    outer loop
      vertex 69.9437 26.5085 0
      vertex 70.1218 26.775 3.2
      vertex 70.1218 26.775 0
    endloop
  endfacet
  facet normal -0.831426 0.555636 0
    outer loop
      vertex 70.1218 26.775 3.2
      vertex 69.9437 26.5085 0
      vertex 69.9437 26.5085 3.2
    endloop
  endfacet
  facet normal 0.442213 -0.89691 0
    outer loop
      vertex 66.775 30.1218 0
      vertex 67.0624 30.2635 3.2
      vertex 66.775 30.1218 3.2
    endloop
  endfacet
  facet normal 0.442213 -0.89691 0
    outer loop
      vertex 67.0624 30.2635 3.2
      vertex 66.775 30.1218 0
      vertex 67.0624 30.2635 0
    endloop
  endfacet
  facet normal 0.0655249 -0.997851 0
    outer loop
      vertex 67.6802 30.429 0
      vertex 68 30.45 3.2
      vertex 67.6802 30.429 3.2
    endloop
  endfacet
  facet normal 0.0655249 -0.997851 0
    outer loop
      vertex 68 30.45 3.2
      vertex 67.6802 30.429 0
      vertex 68 30.45 0
    endloop
  endfacet
  facet normal -0.751784 -0.65941 0
    outer loop
      vertex 69.9437 29.4915 0
      vertex 69.7324 29.7324 3.2
      vertex 69.7324 29.7324 0
    endloop
  endfacet
  facet normal -0.751784 -0.65941 0
    outer loop
      vertex 69.7324 29.7324 3.2
      vertex 69.9437 29.4915 0
      vertex 69.9437 29.4915 3.2
    endloop
  endfacet
  facet normal -0.946953 -0.321371 0
    outer loop
      vertex 70.3665 28.6341 0
      vertex 70.2635 28.9376 3.2
      vertex 70.2635 28.9376 0
    endloop
  endfacet
  facet normal -0.946953 -0.321371 0
    outer loop
      vertex 70.2635 28.9376 3.2
      vertex 70.3665 28.6341 0
      vertex 70.3665 28.6341 3.2
    endloop
  endfacet
  facet normal 0.321371 -0.946953 0
    outer loop
      vertex 67.0624 30.2635 0
      vertex 67.3659 30.3665 3.2
      vertex 67.0624 30.2635 3.2
    endloop
  endfacet
  facet normal 0.321371 -0.946953 0
    outer loop
      vertex 67.3659 30.3665 3.2
      vertex 67.0624 30.2635 0
      vertex 67.3659 30.3665 0
    endloop
  endfacet
  facet normal 0.997851 0.0655249 0
    outer loop
      vertex 65.571 27.6802 3.2
      vertex 65.55 28 0
      vertex 65.55 28 3.2
    endloop
  endfacet
  facet normal 0.997851 0.0655249 0
    outer loop
      vertex 65.55 28 0
      vertex 65.571 27.6802 3.2
      vertex 65.571 27.6802 0
    endloop
  endfacet
  facet normal 0.980796 0.195036 0
    outer loop
      vertex 65.6335 27.3659 3.2
      vertex 65.571 27.6802 0
      vertex 65.571 27.6802 3.2
    endloop
  endfacet
  facet normal 0.980796 0.195036 0
    outer loop
      vertex 65.571 27.6802 0
      vertex 65.6335 27.3659 3.2
      vertex 65.6335 27.3659 0
    endloop
  endfacet
  facet normal 0.831426 -0.555636 0
    outer loop
      vertex 65.8782 29.225 3.2
      vertex 66.0563 29.4915 0
      vertex 66.0563 29.4915 3.2
    endloop
  endfacet
  facet normal 0.831426 -0.555636 0
    outer loop
      vertex 66.0563 29.4915 0
      vertex 65.8782 29.225 3.2
      vertex 65.8782 29.225 0
    endloop
  endfacet
  facet normal 0.442213 0.89691 -0
    outer loop
      vertex 67.0624 25.7365 0
      vertex 66.775 25.8782 3.2
      vertex 67.0624 25.7365 3.2
    endloop
  endfacet
  facet normal 0.442213 0.89691 0
    outer loop
      vertex 66.775 25.8782 3.2
      vertex 67.0624 25.7365 0
      vertex 66.775 25.8782 0
    endloop
  endfacet
  facet normal 0.195036 0.980796 -0
    outer loop
      vertex 67.6802 25.571 0
      vertex 67.3659 25.6335 3.2
      vertex 67.6802 25.571 3.2
    endloop
  endfacet
  facet normal 0.195036 0.980796 0
    outer loop
      vertex 67.3659 25.6335 3.2
      vertex 67.6802 25.571 0
      vertex 67.3659 25.6335 0
    endloop
  endfacet
  facet normal 0.946953 -0.321371 0
    outer loop
      vertex 65.6335 28.6341 3.2
      vertex 65.7365 28.9376 0
      vertex 65.7365 28.9376 3.2
    endloop
  endfacet
  facet normal 0.946953 -0.321371 0
    outer loop
      vertex 65.7365 28.9376 0
      vertex 65.6335 28.6341 3.2
      vertex 65.6335 28.6341 0
    endloop
  endfacet
  facet normal 0.751784 0.65941 0
    outer loop
      vertex 66.2676 26.2676 3.2
      vertex 66.0563 26.5085 0
      vertex 66.0563 26.5085 3.2
    endloop
  endfacet
  facet normal 0.751784 0.65941 0
    outer loop
      vertex 66.0563 26.5085 0
      vertex 66.2676 26.2676 3.2
      vertex 66.2676 26.2676 0
    endloop
  endfacet
  facet normal -0.195036 -0.980796 0
    outer loop
      vertex 68.3198 30.429 0
      vertex 68.6341 30.3665 3.2
      vertex 68.3198 30.429 3.2
    endloop
  endfacet
  facet normal -0.195036 -0.980796 -0
    outer loop
      vertex 68.6341 30.3665 3.2
      vertex 68.3198 30.429 0
      vertex 68.6341 30.3665 0
    endloop
  endfacet
  facet normal 0.0655249 0.997851 -0
    outer loop
      vertex 68 25.55 0
      vertex 67.6802 25.571 3.2
      vertex 68 25.55 3.2
    endloop
  endfacet
  facet normal 0.0655249 0.997851 0
    outer loop
      vertex 67.6802 25.571 3.2
      vertex 68 25.55 0
      vertex 67.6802 25.571 0
    endloop
  endfacet
  facet normal 0.65941 0.751784 -0
    outer loop
      vertex 66.5085 26.0563 0
      vertex 66.2676 26.2676 3.2
      vertex 66.5085 26.0563 3.2
    endloop
  endfacet
  facet normal 0.65941 0.751784 0
    outer loop
      vertex 66.2676 26.2676 3.2
      vertex 66.5085 26.0563 0
      vertex 66.2676 26.2676 0
    endloop
  endfacet
  facet normal 0.831426 0.555636 0
    outer loop
      vertex 66.0563 34.5085 3.2
      vertex 65.8782 34.775 0
      vertex 65.8782 34.775 3.2
    endloop
  endfacet
  facet normal 0.831426 0.555636 0
    outer loop
      vertex 65.8782 34.775 0
      vertex 66.0563 34.5085 3.2
      vertex 66.0563 34.5085 0
    endloop
  endfacet
  facet normal -0.980796 -0.195036 0
    outer loop
      vertex 70.429 36.3198 0
      vertex 70.3665 36.6341 3.2
      vertex 70.3665 36.6341 0
    endloop
  endfacet
  facet normal -0.980796 -0.195036 0
    outer loop
      vertex 70.3665 36.6341 3.2
      vertex 70.429 36.3198 0
      vertex 70.429 36.3198 3.2
    endloop
  endfacet
  facet normal -0.997851 -0.0655249 0
    outer loop
      vertex 70.45 36 0
      vertex 70.429 36.3198 3.2
      vertex 70.429 36.3198 0
    endloop
  endfacet
  facet normal -0.997851 -0.0655249 0
    outer loop
      vertex 70.429 36.3198 3.2
      vertex 70.45 36 0
      vertex 70.45 36 3.2
    endloop
  endfacet
  facet normal -0.442213 0.89691 0
    outer loop
      vertex 69.225 33.8782 0
      vertex 68.9376 33.7365 3.2
      vertex 69.225 33.8782 3.2
    endloop
  endfacet
  facet normal -0.442213 0.89691 0
    outer loop
      vertex 68.9376 33.7365 3.2
      vertex 69.225 33.8782 0
      vertex 68.9376 33.7365 0
    endloop
  endfacet
  facet normal 0.555636 0.831426 -0
    outer loop
      vertex 66.775 33.8782 0
      vertex 66.5085 34.0563 3.2
      vertex 66.775 33.8782 3.2
    endloop
  endfacet
  facet normal 0.555636 0.831426 0
    outer loop
      vertex 66.5085 34.0563 3.2
      vertex 66.775 33.8782 0
      vertex 66.5085 34.0563 0
    endloop
  endfacet
  facet normal -0.65941 -0.751784 0
    outer loop
      vertex 69.4915 37.9437 0
      vertex 69.7324 37.7324 3.2
      vertex 69.4915 37.9437 3.2
    endloop
  endfacet
  facet normal -0.65941 -0.751784 -0
    outer loop
      vertex 69.7324 37.7324 3.2
      vertex 69.4915 37.9437 0
      vertex 69.7324 37.7324 0
    endloop
  endfacet
  facet normal -0.89691 0.442213 0
    outer loop
      vertex 70.1218 34.775 0
      vertex 70.2635 35.0624 3.2
      vertex 70.2635 35.0624 0
    endloop
  endfacet
  facet normal -0.89691 0.442213 0
    outer loop
      vertex 70.2635 35.0624 3.2
      vertex 70.1218 34.775 0
      vertex 70.1218 34.775 3.2
    endloop
  endfacet
  facet normal 0.946953 0.321371 0
    outer loop
      vertex 65.7365 35.0624 3.2
      vertex 65.6335 35.3659 0
      vertex 65.6335 35.3659 3.2
    endloop
  endfacet
  facet normal 0.946953 0.321371 0
    outer loop
      vertex 65.6335 35.3659 0
      vertex 65.7365 35.0624 3.2
      vertex 65.7365 35.0624 0
    endloop
  endfacet
  facet normal 0.555636 -0.831426 0
    outer loop
      vertex 66.5085 37.9437 0
      vertex 66.775 38.1218 3.2
      vertex 66.5085 37.9437 3.2
    endloop
  endfacet
  facet normal 0.555636 -0.831426 0
    outer loop
      vertex 66.775 38.1218 3.2
      vertex 66.5085 37.9437 0
      vertex 66.775 38.1218 0
    endloop
  endfacet
  facet normal -0.946953 0.321371 0
    outer loop
      vertex 70.2635 35.0624 0
      vertex 70.3665 35.3659 3.2
      vertex 70.3665 35.3659 0
    endloop
  endfacet
  facet normal -0.946953 0.321371 0
    outer loop
      vertex 70.3665 35.3659 3.2
      vertex 70.2635 35.0624 0
      vertex 70.2635 35.0624 3.2
    endloop
  endfacet
  facet normal -0.321371 -0.946953 0
    outer loop
      vertex 68.6341 38.3665 0
      vertex 68.9376 38.2635 3.2
      vertex 68.6341 38.3665 3.2
    endloop
  endfacet
  facet normal -0.321371 -0.946953 -0
    outer loop
      vertex 68.9376 38.2635 3.2
      vertex 68.6341 38.3665 0
      vertex 68.9376 38.2635 0
    endloop
  endfacet
  facet normal -0.0655249 -0.997851 0
    outer loop
      vertex 68 38.45 0
      vertex 68.3198 38.429 3.2
      vertex 68 38.45 3.2
    endloop
  endfacet
  facet normal -0.0655249 -0.997851 -0
    outer loop
      vertex 68.3198 38.429 3.2
      vertex 68 38.45 0
      vertex 68.3198 38.429 0
    endloop
  endfacet
  facet normal 0.65941 -0.751784 0
    outer loop
      vertex 66.2676 37.7324 0
      vertex 66.5085 37.9437 3.2
      vertex 66.2676 37.7324 3.2
    endloop
  endfacet
  facet normal 0.65941 -0.751784 0
    outer loop
      vertex 66.5085 37.9437 3.2
      vertex 66.2676 37.7324 0
      vertex 66.5085 37.9437 0
    endloop
  endfacet
  facet normal -0.751784 0.65941 0
    outer loop
      vertex 69.7324 34.2676 0
      vertex 69.9437 34.5085 3.2
      vertex 69.9437 34.5085 0
    endloop
  endfacet
  facet normal -0.751784 0.65941 0
    outer loop
      vertex 69.9437 34.5085 3.2
      vertex 69.7324 34.2676 0
      vertex 69.7324 34.2676 3.2
    endloop
  endfacet
  facet normal -0.195036 0.980796 0
    outer loop
      vertex 68.6341 33.6335 0
      vertex 68.3198 33.571 3.2
      vertex 68.6341 33.6335 3.2
    endloop
  endfacet
  facet normal -0.195036 0.980796 0
    outer loop
      vertex 68.3198 33.571 3.2
      vertex 68.6341 33.6335 0
      vertex 68.3198 33.571 0
    endloop
  endfacet
  facet normal -0.831426 -0.555636 0
    outer loop
      vertex 70.1218 37.225 0
      vertex 69.9437 37.4915 3.2
      vertex 69.9437 37.4915 0
    endloop
  endfacet
  facet normal -0.831426 -0.555636 0
    outer loop
      vertex 69.9437 37.4915 3.2
      vertex 70.1218 37.225 0
      vertex 70.1218 37.225 3.2
    endloop
  endfacet
  facet normal 0.751784 -0.65941 0
    outer loop
      vertex 66.0563 37.4915 3.2
      vertex 66.2676 37.7324 0
      vertex 66.2676 37.7324 3.2
    endloop
  endfacet
  facet normal 0.751784 -0.65941 0
    outer loop
      vertex 66.2676 37.7324 0
      vertex 66.0563 37.4915 3.2
      vertex 66.0563 37.4915 0
    endloop
  endfacet
  facet normal 0.321371 0.946953 -0
    outer loop
      vertex 67.3659 33.6335 0
      vertex 67.0624 33.7365 3.2
      vertex 67.3659 33.6335 3.2
    endloop
  endfacet
  facet normal 0.321371 0.946953 0
    outer loop
      vertex 67.0624 33.7365 3.2
      vertex 67.3659 33.6335 0
      vertex 67.0624 33.7365 0
    endloop
  endfacet
  facet normal -0.321371 0.946953 0
    outer loop
      vertex 68.9376 33.7365 0
      vertex 68.6341 33.6335 3.2
      vertex 68.9376 33.7365 3.2
    endloop
  endfacet
  facet normal -0.321371 0.946953 0
    outer loop
      vertex 68.6341 33.6335 3.2
      vertex 68.9376 33.7365 0
      vertex 68.6341 33.6335 0
    endloop
  endfacet
  facet normal -0.442213 -0.89691 0
    outer loop
      vertex 68.9376 38.2635 0
      vertex 69.225 38.1218 3.2
      vertex 68.9376 38.2635 3.2
    endloop
  endfacet
  facet normal -0.442213 -0.89691 -0
    outer loop
      vertex 69.225 38.1218 3.2
      vertex 68.9376 38.2635 0
      vertex 69.225 38.1218 0
    endloop
  endfacet
  facet normal -0.555636 -0.831426 0
    outer loop
      vertex 69.225 38.1218 0
      vertex 69.4915 37.9437 3.2
      vertex 69.225 38.1218 3.2
    endloop
  endfacet
  facet normal -0.555636 -0.831426 -0
    outer loop
      vertex 69.4915 37.9437 3.2
      vertex 69.225 38.1218 0
      vertex 69.4915 37.9437 0
    endloop
  endfacet
  facet normal -0.555636 0.831426 0
    outer loop
      vertex 69.4915 34.0563 0
      vertex 69.225 33.8782 3.2
      vertex 69.4915 34.0563 3.2
    endloop
  endfacet
  facet normal -0.555636 0.831426 0
    outer loop
      vertex 69.225 33.8782 3.2
      vertex 69.4915 34.0563 0
      vertex 69.225 33.8782 0
    endloop
  endfacet
  facet normal 0.89691 -0.442213 0
    outer loop
      vertex 65.7365 36.9376 3.2
      vertex 65.8782 37.225 0
      vertex 65.8782 37.225 3.2
    endloop
  endfacet
  facet normal 0.89691 -0.442213 0
    outer loop
      vertex 65.8782 37.225 0
      vertex 65.7365 36.9376 3.2
      vertex 65.7365 36.9376 0
    endloop
  endfacet
  facet normal -0.65941 0.751784 0
    outer loop
      vertex 69.7324 34.2676 0
      vertex 69.4915 34.0563 3.2
      vertex 69.7324 34.2676 3.2
    endloop
  endfacet
  facet normal -0.65941 0.751784 0
    outer loop
      vertex 69.4915 34.0563 3.2
      vertex 69.7324 34.2676 0
      vertex 69.4915 34.0563 0
    endloop
  endfacet
  facet normal 0.195036 -0.980796 0
    outer loop
      vertex 67.3659 38.3665 0
      vertex 67.6802 38.429 3.2
      vertex 67.3659 38.3665 3.2
    endloop
  endfacet
  facet normal 0.195036 -0.980796 0
    outer loop
      vertex 67.6802 38.429 3.2
      vertex 67.3659 38.3665 0
      vertex 67.6802 38.429 0
    endloop
  endfacet
  facet normal -0.980796 0.195036 0
    outer loop
      vertex 70.3665 35.3659 0
      vertex 70.429 35.6802 3.2
      vertex 70.429 35.6802 0
    endloop
  endfacet
  facet normal -0.980796 0.195036 0
    outer loop
      vertex 70.429 35.6802 3.2
      vertex 70.3665 35.3659 0
      vertex 70.3665 35.3659 3.2
    endloop
  endfacet
  facet normal -0.997851 0.0655249 0
    outer loop
      vertex 70.429 35.6802 0
      vertex 70.45 36 3.2
      vertex 70.45 36 0
    endloop
  endfacet
  facet normal -0.997851 0.0655249 0
    outer loop
      vertex 70.45 36 3.2
      vertex 70.429 35.6802 0
      vertex 70.429 35.6802 3.2
    endloop
  endfacet
  facet normal 0.89691 0.442213 0
    outer loop
      vertex 65.8782 34.775 3.2
      vertex 65.7365 35.0624 0
      vertex 65.7365 35.0624 3.2
    endloop
  endfacet
  facet normal 0.89691 0.442213 0
    outer loop
      vertex 65.7365 35.0624 0
      vertex 65.8782 34.775 3.2
      vertex 65.8782 34.775 0
    endloop
  endfacet
  facet normal 0.980796 -0.195036 0
    outer loop
      vertex 65.571 36.3198 3.2
      vertex 65.6335 36.6341 0
      vertex 65.6335 36.6341 3.2
    endloop
  endfacet
  facet normal 0.980796 -0.195036 0
    outer loop
      vertex 65.6335 36.6341 0
      vertex 65.571 36.3198 3.2
      vertex 65.571 36.3198 0
    endloop
  endfacet
  facet normal -0.89691 -0.442213 0
    outer loop
      vertex 70.2635 36.9376 0
      vertex 70.1218 37.225 3.2
      vertex 70.1218 37.225 0
    endloop
  endfacet
  facet normal -0.89691 -0.442213 0
    outer loop
      vertex 70.1218 37.225 3.2
      vertex 70.2635 36.9376 0
      vertex 70.2635 36.9376 3.2
    endloop
  endfacet
  facet normal -0.0655249 0.997851 0
    outer loop
      vertex 68.3198 33.571 0
      vertex 68 33.55 3.2
      vertex 68.3198 33.571 3.2
    endloop
  endfacet
  facet normal -0.0655249 0.997851 0
    outer loop
      vertex 68 33.55 3.2
      vertex 68.3198 33.571 0
      vertex 68 33.55 0
    endloop
  endfacet
  facet normal -0.831426 0.555636 0
    outer loop
      vertex 69.9437 34.5085 0
      vertex 70.1218 34.775 3.2
      vertex 70.1218 34.775 0
    endloop
  endfacet
  facet normal -0.831426 0.555636 0
    outer loop
      vertex 70.1218 34.775 3.2
      vertex 69.9437 34.5085 0
      vertex 69.9437 34.5085 3.2
    endloop
  endfacet
  facet normal 0.442213 -0.89691 0
    outer loop
      vertex 66.775 38.1218 0
      vertex 67.0624 38.2635 3.2
      vertex 66.775 38.1218 3.2
    endloop
  endfacet
  facet normal 0.442213 -0.89691 0
    outer loop
      vertex 67.0624 38.2635 3.2
      vertex 66.775 38.1218 0
      vertex 67.0624 38.2635 0
    endloop
  endfacet
  facet normal 0.0655249 -0.997851 0
    outer loop
      vertex 67.6802 38.429 0
      vertex 68 38.45 3.2
      vertex 67.6802 38.429 3.2
    endloop
  endfacet
  facet normal 0.0655249 -0.997851 0
    outer loop
      vertex 68 38.45 3.2
      vertex 67.6802 38.429 0
      vertex 68 38.45 0
    endloop
  endfacet
  facet normal -0.751784 -0.65941 0
    outer loop
      vertex 69.9437 37.4915 0
      vertex 69.7324 37.7324 3.2
      vertex 69.7324 37.7324 0
    endloop
  endfacet
  facet normal -0.751784 -0.65941 0
    outer loop
      vertex 69.7324 37.7324 3.2
      vertex 69.9437 37.4915 0
      vertex 69.9437 37.4915 3.2
    endloop
  endfacet
  facet normal -0.946953 -0.321371 0
    outer loop
      vertex 70.3665 36.6341 0
      vertex 70.2635 36.9376 3.2
      vertex 70.2635 36.9376 0
    endloop
  endfacet
  facet normal -0.946953 -0.321371 0
    outer loop
      vertex 70.2635 36.9376 3.2
      vertex 70.3665 36.6341 0
      vertex 70.3665 36.6341 3.2
    endloop
  endfacet
  facet normal 0.321371 -0.946953 0
    outer loop
      vertex 67.0624 38.2635 0
      vertex 67.3659 38.3665 3.2
      vertex 67.0624 38.2635 3.2
    endloop
  endfacet
  facet normal 0.321371 -0.946953 0
    outer loop
      vertex 67.3659 38.3665 3.2
      vertex 67.0624 38.2635 0
      vertex 67.3659 38.3665 0
    endloop
  endfacet
  facet normal 0.997851 0.0655249 0
    outer loop
      vertex 65.571 35.6802 3.2
      vertex 65.55 36 0
      vertex 65.55 36 3.2
    endloop
  endfacet
  facet normal 0.997851 0.0655249 0
    outer loop
      vertex 65.55 36 0
      vertex 65.571 35.6802 3.2
      vertex 65.571 35.6802 0
    endloop
  endfacet
  facet normal 0.980796 0.195036 0
    outer loop
      vertex 65.6335 35.3659 3.2
      vertex 65.571 35.6802 0
      vertex 65.571 35.6802 3.2
    endloop
  endfacet
  facet normal 0.980796 0.195036 0
    outer loop
      vertex 65.571 35.6802 0
      vertex 65.6335 35.3659 3.2
      vertex 65.6335 35.3659 0
    endloop
  endfacet
  facet normal 0.831426 -0.555636 0
    outer loop
      vertex 65.8782 37.225 3.2
      vertex 66.0563 37.4915 0
      vertex 66.0563 37.4915 3.2
    endloop
  endfacet
  facet normal 0.831426 -0.555636 0
    outer loop
      vertex 66.0563 37.4915 0
      vertex 65.8782 37.225 3.2
      vertex 65.8782 37.225 0
    endloop
  endfacet
  facet normal 0.442213 0.89691 -0
    outer loop
      vertex 67.0624 33.7365 0
      vertex 66.775 33.8782 3.2
      vertex 67.0624 33.7365 3.2
    endloop
  endfacet
  facet normal 0.442213 0.89691 0
    outer loop
      vertex 66.775 33.8782 3.2
      vertex 67.0624 33.7365 0
      vertex 66.775 33.8782 0
    endloop
  endfacet
  facet normal 0.195036 0.980796 -0
    outer loop
      vertex 67.6802 33.571 0
      vertex 67.3659 33.6335 3.2
      vertex 67.6802 33.571 3.2
    endloop
  endfacet
  facet normal 0.195036 0.980796 0
    outer loop
      vertex 67.3659 33.6335 3.2
      vertex 67.6802 33.571 0
      vertex 67.3659 33.6335 0
    endloop
  endfacet
  facet normal 0.946953 -0.321371 0
    outer loop
      vertex 65.6335 36.6341 3.2
      vertex 65.7365 36.9376 0
      vertex 65.7365 36.9376 3.2
    endloop
  endfacet
  facet normal 0.946953 -0.321371 0
    outer loop
      vertex 65.7365 36.9376 0
      vertex 65.6335 36.6341 3.2
      vertex 65.6335 36.6341 0
    endloop
  endfacet
  facet normal 0.751784 0.65941 0
    outer loop
      vertex 66.2676 34.2676 3.2
      vertex 66.0563 34.5085 0
      vertex 66.0563 34.5085 3.2
    endloop
  endfacet
  facet normal 0.751784 0.65941 0
    outer loop
      vertex 66.0563 34.5085 0
      vertex 66.2676 34.2676 3.2
      vertex 66.2676 34.2676 0
    endloop
  endfacet
  facet normal 0.997851 -0.0655249 0
    outer loop
      vertex 65.55 36 3.2
      vertex 65.571 36.3198 0
      vertex 65.571 36.3198 3.2
    endloop
  endfacet
  facet normal 0.997851 -0.0655249 0
    outer loop
      vertex 65.571 36.3198 0
      vertex 65.55 36 3.2
      vertex 65.55 36 0
    endloop
  endfacet
  facet normal -0.195036 -0.980796 0
    outer loop
      vertex 68.3198 38.429 0
      vertex 68.6341 38.3665 3.2
      vertex 68.3198 38.429 3.2
    endloop
  endfacet
  facet normal -0.195036 -0.980796 -0
    outer loop
      vertex 68.6341 38.3665 3.2
      vertex 68.3198 38.429 0
      vertex 68.6341 38.3665 0
    endloop
  endfacet
  facet normal 0.0655249 0.997851 -0
    outer loop
      vertex 68 33.55 0
      vertex 67.6802 33.571 3.2
      vertex 68 33.55 3.2
    endloop
  endfacet
  facet normal 0.0655249 0.997851 0
    outer loop
      vertex 67.6802 33.571 3.2
      vertex 68 33.55 0
      vertex 67.6802 33.571 0
    endloop
  endfacet
  facet normal 0.65941 0.751784 -0
    outer loop
      vertex 66.5085 34.0563 0
      vertex 66.2676 34.2676 3.2
      vertex 66.5085 34.0563 3.2
    endloop
  endfacet
  facet normal 0.65941 0.751784 0
    outer loop
      vertex 66.2676 34.2676 3.2
      vertex 66.5085 34.0563 0
      vertex 66.2676 34.2676 0
    endloop
  endfacet
  facet normal 0.831426 0.555636 0
    outer loop
      vertex 66.0563 42.5085 3.2
      vertex 65.8782 42.775 0
      vertex 65.8782 42.775 3.2
    endloop
  endfacet
  facet normal 0.831426 0.555636 0
    outer loop
      vertex 65.8782 42.775 0
      vertex 66.0563 42.5085 3.2
      vertex 66.0563 42.5085 0
    endloop
  endfacet
  facet normal -0.980796 -0.195036 0
    outer loop
      vertex 70.429 44.3198 0
      vertex 70.3665 44.6341 3.2
      vertex 70.3665 44.6341 0
    endloop
  endfacet
  facet normal -0.980796 -0.195036 0
    outer loop
      vertex 70.3665 44.6341 3.2
      vertex 70.429 44.3198 0
      vertex 70.429 44.3198 3.2
    endloop
  endfacet
  facet normal -0.997851 -0.0655249 0
    outer loop
      vertex 70.45 44 0
      vertex 70.429 44.3198 3.2
      vertex 70.429 44.3198 0
    endloop
  endfacet
  facet normal -0.997851 -0.0655249 0
    outer loop
      vertex 70.429 44.3198 3.2
      vertex 70.45 44 0
      vertex 70.45 44 3.2
    endloop
  endfacet
  facet normal -0.442213 0.89691 0
    outer loop
      vertex 69.225 41.8782 0
      vertex 68.9376 41.7365 3.2
      vertex 69.225 41.8782 3.2
    endloop
  endfacet
  facet normal -0.442213 0.89691 0
    outer loop
      vertex 68.9376 41.7365 3.2
      vertex 69.225 41.8782 0
      vertex 68.9376 41.7365 0
    endloop
  endfacet
  facet normal 0.555636 0.831426 -0
    outer loop
      vertex 66.775 41.8782 0
      vertex 66.5085 42.0563 3.2
      vertex 66.775 41.8782 3.2
    endloop
  endfacet
  facet normal 0.555636 0.831426 0
    outer loop
      vertex 66.5085 42.0563 3.2
      vertex 66.775 41.8782 0
      vertex 66.5085 42.0563 0
    endloop
  endfacet
  facet normal -0.65941 -0.751784 0
    outer loop
      vertex 69.4915 45.9437 0
      vertex 69.7324 45.7324 3.2
      vertex 69.4915 45.9437 3.2
    endloop
  endfacet
  facet normal -0.65941 -0.751784 -0
    outer loop
      vertex 69.7324 45.7324 3.2
      vertex 69.4915 45.9437 0
      vertex 69.7324 45.7324 0
    endloop
  endfacet
  facet normal -0.89691 0.442213 0
    outer loop
      vertex 70.1218 42.775 0
      vertex 70.2635 43.0624 3.2
      vertex 70.2635 43.0624 0
    endloop
  endfacet
  facet normal -0.89691 0.442213 0
    outer loop
      vertex 70.2635 43.0624 3.2
      vertex 70.1218 42.775 0
      vertex 70.1218 42.775 3.2
    endloop
  endfacet
  facet normal 0.946953 0.321371 0
    outer loop
      vertex 65.7365 43.0624 3.2
      vertex 65.6335 43.3659 0
      vertex 65.6335 43.3659 3.2
    endloop
  endfacet
  facet normal 0.946953 0.321371 0
    outer loop
      vertex 65.6335 43.3659 0
      vertex 65.7365 43.0624 3.2
      vertex 65.7365 43.0624 0
    endloop
  endfacet
  facet normal 0.555636 -0.831426 0
    outer loop
      vertex 66.5085 45.9437 0
      vertex 66.775 46.1218 3.2
      vertex 66.5085 45.9437 3.2
    endloop
  endfacet
  facet normal 0.555636 -0.831426 0
    outer loop
      vertex 66.775 46.1218 3.2
      vertex 66.5085 45.9437 0
      vertex 66.775 46.1218 0
    endloop
  endfacet
  facet normal -0.946953 0.321371 0
    outer loop
      vertex 70.2635 43.0624 0
      vertex 70.3665 43.3659 3.2
      vertex 70.3665 43.3659 0
    endloop
  endfacet
  facet normal -0.946953 0.321371 0
    outer loop
      vertex 70.3665 43.3659 3.2
      vertex 70.2635 43.0624 0
      vertex 70.2635 43.0624 3.2
    endloop
  endfacet
  facet normal -0.321371 -0.946953 0
    outer loop
      vertex 68.6341 46.3665 0
      vertex 68.9376 46.2635 3.2
      vertex 68.6341 46.3665 3.2
    endloop
  endfacet
  facet normal -0.321371 -0.946953 -0
    outer loop
      vertex 68.9376 46.2635 3.2
      vertex 68.6341 46.3665 0
      vertex 68.9376 46.2635 0
    endloop
  endfacet
  facet normal -0.0655249 -0.997851 0
    outer loop
      vertex 68 46.45 0
      vertex 68.3198 46.429 3.2
      vertex 68 46.45 3.2
    endloop
  endfacet
  facet normal -0.0655249 -0.997851 -0
    outer loop
      vertex 68.3198 46.429 3.2
      vertex 68 46.45 0
      vertex 68.3198 46.429 0
    endloop
  endfacet
  facet normal 0.65941 -0.751784 0
    outer loop
      vertex 66.2676 45.7324 0
      vertex 66.5085 45.9437 3.2
      vertex 66.2676 45.7324 3.2
    endloop
  endfacet
  facet normal 0.65941 -0.751784 0
    outer loop
      vertex 66.5085 45.9437 3.2
      vertex 66.2676 45.7324 0
      vertex 66.5085 45.9437 0
    endloop
  endfacet
  facet normal -0.751784 0.65941 0
    outer loop
      vertex 69.7324 42.2676 0
      vertex 69.9437 42.5085 3.2
      vertex 69.9437 42.5085 0
    endloop
  endfacet
  facet normal -0.751784 0.65941 0
    outer loop
      vertex 69.9437 42.5085 3.2
      vertex 69.7324 42.2676 0
      vertex 69.7324 42.2676 3.2
    endloop
  endfacet
  facet normal -0.195036 0.980796 0
    outer loop
      vertex 68.6341 41.6335 0
      vertex 68.3198 41.571 3.2
      vertex 68.6341 41.6335 3.2
    endloop
  endfacet
  facet normal -0.195036 0.980796 0
    outer loop
      vertex 68.3198 41.571 3.2
      vertex 68.6341 41.6335 0
      vertex 68.3198 41.571 0
    endloop
  endfacet
  facet normal -0.831426 -0.555636 0
    outer loop
      vertex 70.1218 45.225 0
      vertex 69.9437 45.4915 3.2
      vertex 69.9437 45.4915 0
    endloop
  endfacet
  facet normal -0.831426 -0.555636 0
    outer loop
      vertex 69.9437 45.4915 3.2
      vertex 70.1218 45.225 0
      vertex 70.1218 45.225 3.2
    endloop
  endfacet
  facet normal 0.751784 -0.65941 0
    outer loop
      vertex 66.0563 45.4915 3.2
      vertex 66.2676 45.7324 0
      vertex 66.2676 45.7324 3.2
    endloop
  endfacet
  facet normal 0.751784 -0.65941 0
    outer loop
      vertex 66.2676 45.7324 0
      vertex 66.0563 45.4915 3.2
      vertex 66.0563 45.4915 0
    endloop
  endfacet
  facet normal 0.321371 0.946953 -0
    outer loop
      vertex 67.3659 41.6335 0
      vertex 67.0624 41.7365 3.2
      vertex 67.3659 41.6335 3.2
    endloop
  endfacet
  facet normal 0.321371 0.946953 0
    outer loop
      vertex 67.0624 41.7365 3.2
      vertex 67.3659 41.6335 0
      vertex 67.0624 41.7365 0
    endloop
  endfacet
  facet normal -0.321371 0.946953 0
    outer loop
      vertex 68.9376 41.7365 0
      vertex 68.6341 41.6335 3.2
      vertex 68.9376 41.7365 3.2
    endloop
  endfacet
  facet normal -0.321371 0.946953 0
    outer loop
      vertex 68.6341 41.6335 3.2
      vertex 68.9376 41.7365 0
      vertex 68.6341 41.6335 0
    endloop
  endfacet
  facet normal -0.442213 -0.89691 0
    outer loop
      vertex 68.9376 46.2635 0
      vertex 69.225 46.1218 3.2
      vertex 68.9376 46.2635 3.2
    endloop
  endfacet
  facet normal -0.442213 -0.89691 -0
    outer loop
      vertex 69.225 46.1218 3.2
      vertex 68.9376 46.2635 0
      vertex 69.225 46.1218 0
    endloop
  endfacet
  facet normal -0.555636 -0.831426 0
    outer loop
      vertex 69.225 46.1218 0
      vertex 69.4915 45.9437 3.2
      vertex 69.225 46.1218 3.2
    endloop
  endfacet
  facet normal -0.555636 -0.831426 -0
    outer loop
      vertex 69.4915 45.9437 3.2
      vertex 69.225 46.1218 0
      vertex 69.4915 45.9437 0
    endloop
  endfacet
  facet normal -0.555636 0.831426 0
    outer loop
      vertex 69.4915 42.0563 0
      vertex 69.225 41.8782 3.2
      vertex 69.4915 42.0563 3.2
    endloop
  endfacet
  facet normal -0.555636 0.831426 0
    outer loop
      vertex 69.225 41.8782 3.2
      vertex 69.4915 42.0563 0
      vertex 69.225 41.8782 0
    endloop
  endfacet
  facet normal 0.89691 -0.442213 0
    outer loop
      vertex 65.7365 44.9376 3.2
      vertex 65.8782 45.225 0
      vertex 65.8782 45.225 3.2
    endloop
  endfacet
  facet normal 0.89691 -0.442213 0
    outer loop
      vertex 65.8782 45.225 0
      vertex 65.7365 44.9376 3.2
      vertex 65.7365 44.9376 0
    endloop
  endfacet
  facet normal -0.65941 0.751784 0
    outer loop
      vertex 69.7324 42.2676 0
      vertex 69.4915 42.0563 3.2
      vertex 69.7324 42.2676 3.2
    endloop
  endfacet
  facet normal -0.65941 0.751784 0
    outer loop
      vertex 69.4915 42.0563 3.2
      vertex 69.7324 42.2676 0
      vertex 69.4915 42.0563 0
    endloop
  endfacet
  facet normal 0.195036 -0.980796 0
    outer loop
      vertex 67.3659 46.3665 0
      vertex 67.6802 46.429 3.2
      vertex 67.3659 46.3665 3.2
    endloop
  endfacet
  facet normal 0.195036 -0.980796 0
    outer loop
      vertex 67.6802 46.429 3.2
      vertex 67.3659 46.3665 0
      vertex 67.6802 46.429 0
    endloop
  endfacet
  facet normal -0.980796 0.195036 0
    outer loop
      vertex 70.3665 43.3659 0
      vertex 70.429 43.6802 3.2
      vertex 70.429 43.6802 0
    endloop
  endfacet
  facet normal -0.980796 0.195036 0
    outer loop
      vertex 70.429 43.6802 3.2
      vertex 70.3665 43.3659 0
      vertex 70.3665 43.3659 3.2
    endloop
  endfacet
  facet normal -0.997851 0.0655249 0
    outer loop
      vertex 70.429 43.6802 0
      vertex 70.45 44 3.2
      vertex 70.45 44 0
    endloop
  endfacet
  facet normal -0.997851 0.0655249 0
    outer loop
      vertex 70.45 44 3.2
      vertex 70.429 43.6802 0
      vertex 70.429 43.6802 3.2
    endloop
  endfacet
  facet normal 0.89691 0.442213 0
    outer loop
      vertex 65.8782 42.775 3.2
      vertex 65.7365 43.0624 0
      vertex 65.7365 43.0624 3.2
    endloop
  endfacet
  facet normal 0.89691 0.442213 0
    outer loop
      vertex 65.7365 43.0624 0
      vertex 65.8782 42.775 3.2
      vertex 65.8782 42.775 0
    endloop
  endfacet
  facet normal 0.980796 -0.195036 0
    outer loop
      vertex 65.571 44.3198 3.2
      vertex 65.6335 44.6341 0
      vertex 65.6335 44.6341 3.2
    endloop
  endfacet
  facet normal 0.980796 -0.195036 0
    outer loop
      vertex 65.6335 44.6341 0
      vertex 65.571 44.3198 3.2
      vertex 65.571 44.3198 0
    endloop
  endfacet
  facet normal -0.89691 -0.442213 0
    outer loop
      vertex 70.2635 44.9376 0
      vertex 70.1218 45.225 3.2
      vertex 70.1218 45.225 0
    endloop
  endfacet
  facet normal -0.89691 -0.442213 0
    outer loop
      vertex 70.1218 45.225 3.2
      vertex 70.2635 44.9376 0
      vertex 70.2635 44.9376 3.2
    endloop
  endfacet
  facet normal -0.0655249 0.997851 0
    outer loop
      vertex 68.3198 41.571 0
      vertex 68 41.55 3.2
      vertex 68.3198 41.571 3.2
    endloop
  endfacet
  facet normal -0.0655249 0.997851 0
    outer loop
      vertex 68 41.55 3.2
      vertex 68.3198 41.571 0
      vertex 68 41.55 0
    endloop
  endfacet
  facet normal -0.831426 0.555636 0
    outer loop
      vertex 69.9437 42.5085 0
      vertex 70.1218 42.775 3.2
      vertex 70.1218 42.775 0
    endloop
  endfacet
  facet normal -0.831426 0.555636 0
    outer loop
      vertex 70.1218 42.775 3.2
      vertex 69.9437 42.5085 0
      vertex 69.9437 42.5085 3.2
    endloop
  endfacet
  facet normal 0.442213 -0.89691 0
    outer loop
      vertex 66.775 46.1218 0
      vertex 67.0624 46.2635 3.2
      vertex 66.775 46.1218 3.2
    endloop
  endfacet
  facet normal 0.442213 -0.89691 0
    outer loop
      vertex 67.0624 46.2635 3.2
      vertex 66.775 46.1218 0
      vertex 67.0624 46.2635 0
    endloop
  endfacet
  facet normal 0.0655249 -0.997851 0
    outer loop
      vertex 67.6802 46.429 0
      vertex 68 46.45 3.2
      vertex 67.6802 46.429 3.2
    endloop
  endfacet
  facet normal 0.0655249 -0.997851 0
    outer loop
      vertex 68 46.45 3.2
      vertex 67.6802 46.429 0
      vertex 68 46.45 0
    endloop
  endfacet
  facet normal -0.751784 -0.65941 0
    outer loop
      vertex 69.9437 45.4915 0
      vertex 69.7324 45.7324 3.2
      vertex 69.7324 45.7324 0
    endloop
  endfacet
  facet normal -0.751784 -0.65941 0
    outer loop
      vertex 69.7324 45.7324 3.2
      vertex 69.9437 45.4915 0
      vertex 69.9437 45.4915 3.2
    endloop
  endfacet
  facet normal -0.946953 -0.321371 0
    outer loop
      vertex 70.3665 44.6341 0
      vertex 70.2635 44.9376 3.2
      vertex 70.2635 44.9376 0
    endloop
  endfacet
  facet normal -0.946953 -0.321371 0
    outer loop
      vertex 70.2635 44.9376 3.2
      vertex 70.3665 44.6341 0
      vertex 70.3665 44.6341 3.2
    endloop
  endfacet
  facet normal 0.321371 -0.946953 0
    outer loop
      vertex 67.0624 46.2635 0
      vertex 67.3659 46.3665 3.2
      vertex 67.0624 46.2635 3.2
    endloop
  endfacet
  facet normal 0.321371 -0.946953 0
    outer loop
      vertex 67.3659 46.3665 3.2
      vertex 67.0624 46.2635 0
      vertex 67.3659 46.3665 0
    endloop
  endfacet
  facet normal 0.997851 0.0655249 0
    outer loop
      vertex 65.571 43.6802 3.2
      vertex 65.55 44 0
      vertex 65.55 44 3.2
    endloop
  endfacet
  facet normal 0.997851 0.0655249 0
    outer loop
      vertex 65.55 44 0
      vertex 65.571 43.6802 3.2
      vertex 65.571 43.6802 0
    endloop
  endfacet
  facet normal 0.980796 0.195036 0
    outer loop
      vertex 65.6335 43.3659 3.2
      vertex 65.571 43.6802 0
      vertex 65.571 43.6802 3.2
    endloop
  endfacet
  facet normal 0.980796 0.195036 0
    outer loop
      vertex 65.571 43.6802 0
      vertex 65.6335 43.3659 3.2
      vertex 65.6335 43.3659 0
    endloop
  endfacet
  facet normal 0.831426 -0.555636 0
    outer loop
      vertex 65.8782 45.225 3.2
      vertex 66.0563 45.4915 0
      vertex 66.0563 45.4915 3.2
    endloop
  endfacet
  facet normal 0.831426 -0.555636 0
    outer loop
      vertex 66.0563 45.4915 0
      vertex 65.8782 45.225 3.2
      vertex 65.8782 45.225 0
    endloop
  endfacet
  facet normal 0.442213 0.89691 -0
    outer loop
      vertex 67.0624 41.7365 0
      vertex 66.775 41.8782 3.2
      vertex 67.0624 41.7365 3.2
    endloop
  endfacet
  facet normal 0.442213 0.89691 0
    outer loop
      vertex 66.775 41.8782 3.2
      vertex 67.0624 41.7365 0
      vertex 66.775 41.8782 0
    endloop
  endfacet
  facet normal 0.195036 0.980796 -0
    outer loop
      vertex 67.6802 41.571 0
      vertex 67.3659 41.6335 3.2
      vertex 67.6802 41.571 3.2
    endloop
  endfacet
  facet normal 0.195036 0.980796 0
    outer loop
      vertex 67.3659 41.6335 3.2
      vertex 67.6802 41.571 0
      vertex 67.3659 41.6335 0
    endloop
  endfacet
  facet normal 0.946953 -0.321371 0
    outer loop
      vertex 65.6335 44.6341 3.2
      vertex 65.7365 44.9376 0
      vertex 65.7365 44.9376 3.2
    endloop
  endfacet
  facet normal 0.946953 -0.321371 0
    outer loop
      vertex 65.7365 44.9376 0
      vertex 65.6335 44.6341 3.2
      vertex 65.6335 44.6341 0
    endloop
  endfacet
  facet normal 0.751784 0.65941 0
    outer loop
      vertex 66.2676 42.2676 3.2
      vertex 66.0563 42.5085 0
      vertex 66.0563 42.5085 3.2
    endloop
  endfacet
  facet normal 0.751784 0.65941 0
    outer loop
      vertex 66.0563 42.5085 0
      vertex 66.2676 42.2676 3.2
      vertex 66.2676 42.2676 0
    endloop
  endfacet
  facet normal 0.997851 -0.0655249 0
    outer loop
      vertex 65.55 44 3.2
      vertex 65.571 44.3198 0
      vertex 65.571 44.3198 3.2
    endloop
  endfacet
  facet normal 0.997851 -0.0655249 0
    outer loop
      vertex 65.571 44.3198 0
      vertex 65.55 44 3.2
      vertex 65.55 44 0
    endloop
  endfacet
  facet normal -0.195036 -0.980796 0
    outer loop
      vertex 68.3198 46.429 0
      vertex 68.6341 46.3665 3.2
      vertex 68.3198 46.429 3.2
    endloop
  endfacet
  facet normal -0.195036 -0.980796 -0
    outer loop
      vertex 68.6341 46.3665 3.2
      vertex 68.3198 46.429 0
      vertex 68.6341 46.3665 0
    endloop
  endfacet
  facet normal 0.0655249 0.997851 -0
    outer loop
      vertex 68 41.55 0
      vertex 67.6802 41.571 3.2
      vertex 68 41.55 3.2
    endloop
  endfacet
  facet normal 0.0655249 0.997851 0
    outer loop
      vertex 67.6802 41.571 3.2
      vertex 68 41.55 0
      vertex 67.6802 41.571 0
    endloop
  endfacet
  facet normal 0.65941 0.751784 -0
    outer loop
      vertex 66.5085 42.0563 0
      vertex 66.2676 42.2676 3.2
      vertex 66.5085 42.0563 3.2
    endloop
  endfacet
  facet normal 0.65941 0.751784 0
    outer loop
      vertex 66.2676 42.2676 3.2
      vertex 66.5085 42.0563 0
      vertex 66.2676 42.2676 0
    endloop
  endfacet
  facet normal 0.831426 0.555636 0
    outer loop
      vertex 66.0563 50.5085 3.2
      vertex 65.8782 50.775 0
      vertex 65.8782 50.775 3.2
    endloop
  endfacet
  facet normal 0.831426 0.555636 0
    outer loop
      vertex 65.8782 50.775 0
      vertex 66.0563 50.5085 3.2
      vertex 66.0563 50.5085 0
    endloop
  endfacet
  facet normal -0.980796 -0.195036 0
    outer loop
      vertex 70.429 52.3198 0
      vertex 70.3665 52.6341 3.2
      vertex 70.3665 52.6341 0
    endloop
  endfacet
  facet normal -0.980796 -0.195036 0
    outer loop
      vertex 70.3665 52.6341 3.2
      vertex 70.429 52.3198 0
      vertex 70.429 52.3198 3.2
    endloop
  endfacet
  facet normal -0.997851 -0.0655249 0
    outer loop
      vertex 70.45 52 0
      vertex 70.429 52.3198 3.2
      vertex 70.429 52.3198 0
    endloop
  endfacet
  facet normal -0.997851 -0.0655249 0
    outer loop
      vertex 70.429 52.3198 3.2
      vertex 70.45 52 0
      vertex 70.45 52 3.2
    endloop
  endfacet
  facet normal -0.442213 0.89691 0
    outer loop
      vertex 69.225 49.8782 0
      vertex 68.9376 49.7365 3.2
      vertex 69.225 49.8782 3.2
    endloop
  endfacet
  facet normal -0.442213 0.89691 0
    outer loop
      vertex 68.9376 49.7365 3.2
      vertex 69.225 49.8782 0
      vertex 68.9376 49.7365 0
    endloop
  endfacet
  facet normal 0.555636 0.831426 -0
    outer loop
      vertex 66.775 49.8782 0
      vertex 66.5085 50.0563 3.2
      vertex 66.775 49.8782 3.2
    endloop
  endfacet
  facet normal 0.555636 0.831426 0
    outer loop
      vertex 66.5085 50.0563 3.2
      vertex 66.775 49.8782 0
      vertex 66.5085 50.0563 0
    endloop
  endfacet
  facet normal -0.65941 -0.751784 0
    outer loop
      vertex 69.4915 53.9437 0
      vertex 69.7324 53.7324 3.2
      vertex 69.4915 53.9437 3.2
    endloop
  endfacet
  facet normal -0.65941 -0.751784 -0
    outer loop
      vertex 69.7324 53.7324 3.2
      vertex 69.4915 53.9437 0
      vertex 69.7324 53.7324 0
    endloop
  endfacet
  facet normal -0.89691 0.442213 0
    outer loop
      vertex 70.1218 50.775 0
      vertex 70.2635 51.0624 3.2
      vertex 70.2635 51.0624 0
    endloop
  endfacet
  facet normal -0.89691 0.442213 0
    outer loop
      vertex 70.2635 51.0624 3.2
      vertex 70.1218 50.775 0
      vertex 70.1218 50.775 3.2
    endloop
  endfacet
  facet normal 0.946953 0.321371 0
    outer loop
      vertex 65.7365 51.0624 3.2
      vertex 65.6335 51.3659 0
      vertex 65.6335 51.3659 3.2
    endloop
  endfacet
  facet normal 0.946953 0.321371 0
    outer loop
      vertex 65.6335 51.3659 0
      vertex 65.7365 51.0624 3.2
      vertex 65.7365 51.0624 0
    endloop
  endfacet
  facet normal 0.0655249 -0.997851 0
    outer loop
      vertex 67.6802 54.429 0
      vertex 68 54.45 3.2
      vertex 67.6802 54.429 3.2
    endloop
  endfacet
  facet normal 0.0655249 -0.997851 0
    outer loop
      vertex 68 54.45 3.2
      vertex 67.6802 54.429 0
      vertex 68 54.45 0
    endloop
  endfacet
  facet normal 0.555636 -0.831426 0
    outer loop
      vertex 66.5085 53.9437 0
      vertex 66.775 54.1218 3.2
      vertex 66.5085 53.9437 3.2
    endloop
  endfacet
  facet normal 0.555636 -0.831426 0
    outer loop
      vertex 66.775 54.1218 3.2
      vertex 66.5085 53.9437 0
      vertex 66.775 54.1218 0
    endloop
  endfacet
  facet normal -0.946953 0.321371 0
    outer loop
      vertex 70.2635 51.0624 0
      vertex 70.3665 51.3659 3.2
      vertex 70.3665 51.3659 0
    endloop
  endfacet
  facet normal -0.946953 0.321371 0
    outer loop
      vertex 70.3665 51.3659 3.2
      vertex 70.2635 51.0624 0
      vertex 70.2635 51.0624 3.2
    endloop
  endfacet
  facet normal -0.321371 -0.946953 0
    outer loop
      vertex 68.6341 54.3665 0
      vertex 68.9376 54.2635 3.2
      vertex 68.6341 54.3665 3.2
    endloop
  endfacet
  facet normal -0.321371 -0.946953 -0
    outer loop
      vertex 68.9376 54.2635 3.2
      vertex 68.6341 54.3665 0
      vertex 68.9376 54.2635 0
    endloop
  endfacet
  facet normal -0.0655249 -0.997851 0
    outer loop
      vertex 68 54.45 0
      vertex 68.3198 54.429 3.2
      vertex 68 54.45 3.2
    endloop
  endfacet
  facet normal -0.0655249 -0.997851 -0
    outer loop
      vertex 68.3198 54.429 3.2
      vertex 68 54.45 0
      vertex 68.3198 54.429 0
    endloop
  endfacet
  facet normal 0.65941 -0.751784 0
    outer loop
      vertex 66.2676 53.7324 0
      vertex 66.5085 53.9437 3.2
      vertex 66.2676 53.7324 3.2
    endloop
  endfacet
  facet normal 0.65941 -0.751784 0
    outer loop
      vertex 66.5085 53.9437 3.2
      vertex 66.2676 53.7324 0
      vertex 66.5085 53.9437 0
    endloop
  endfacet
  facet normal -0.751784 0.65941 0
    outer loop
      vertex 69.7324 50.2676 0
      vertex 69.9437 50.5085 3.2
      vertex 69.9437 50.5085 0
    endloop
  endfacet
  facet normal -0.751784 0.65941 0
    outer loop
      vertex 69.9437 50.5085 3.2
      vertex 69.7324 50.2676 0
      vertex 69.7324 50.2676 3.2
    endloop
  endfacet
  facet normal -0.195036 0.980796 0
    outer loop
      vertex 68.6341 49.6335 0
      vertex 68.3198 49.571 3.2
      vertex 68.6341 49.6335 3.2
    endloop
  endfacet
  facet normal -0.195036 0.980796 0
    outer loop
      vertex 68.3198 49.571 3.2
      vertex 68.6341 49.6335 0
      vertex 68.3198 49.571 0
    endloop
  endfacet
  facet normal -0.831426 -0.555636 0
    outer loop
      vertex 70.1218 53.225 0
      vertex 69.9437 53.4915 3.2
      vertex 69.9437 53.4915 0
    endloop
  endfacet
  facet normal -0.831426 -0.555636 0
    outer loop
      vertex 69.9437 53.4915 3.2
      vertex 70.1218 53.225 0
      vertex 70.1218 53.225 3.2
    endloop
  endfacet
  facet normal 0.751784 -0.65941 0
    outer loop
      vertex 66.0563 53.4915 3.2
      vertex 66.2676 53.7324 0
      vertex 66.2676 53.7324 3.2
    endloop
  endfacet
  facet normal 0.751784 -0.65941 0
    outer loop
      vertex 66.2676 53.7324 0
      vertex 66.0563 53.4915 3.2
      vertex 66.0563 53.4915 0
    endloop
  endfacet
  facet normal 0.321371 0.946953 -0
    outer loop
      vertex 67.3659 49.6335 0
      vertex 67.0624 49.7365 3.2
      vertex 67.3659 49.6335 3.2
    endloop
  endfacet
  facet normal 0.321371 0.946953 0
    outer loop
      vertex 67.0624 49.7365 3.2
      vertex 67.3659 49.6335 0
      vertex 67.0624 49.7365 0
    endloop
  endfacet
  facet normal -0.195036 -0.980796 0
    outer loop
      vertex 68.3198 54.429 0
      vertex 68.6341 54.3665 3.2
      vertex 68.3198 54.429 3.2
    endloop
  endfacet
  facet normal -0.195036 -0.980796 -0
    outer loop
      vertex 68.6341 54.3665 3.2
      vertex 68.3198 54.429 0
      vertex 68.6341 54.3665 0
    endloop
  endfacet
  facet normal -0.321371 0.946953 0
    outer loop
      vertex 68.9376 49.7365 0
      vertex 68.6341 49.6335 3.2
      vertex 68.9376 49.7365 3.2
    endloop
  endfacet
  facet normal -0.321371 0.946953 0
    outer loop
      vertex 68.6341 49.6335 3.2
      vertex 68.9376 49.7365 0
      vertex 68.6341 49.6335 0
    endloop
  endfacet
  facet normal -0.442213 -0.89691 0
    outer loop
      vertex 68.9376 54.2635 0
      vertex 69.225 54.1218 3.2
      vertex 68.9376 54.2635 3.2
    endloop
  endfacet
  facet normal -0.442213 -0.89691 -0
    outer loop
      vertex 69.225 54.1218 3.2
      vertex 68.9376 54.2635 0
      vertex 69.225 54.1218 0
    endloop
  endfacet
  facet normal -0.555636 -0.831426 0
    outer loop
      vertex 69.225 54.1218 0
      vertex 69.4915 53.9437 3.2
      vertex 69.225 54.1218 3.2
    endloop
  endfacet
  facet normal -0.555636 -0.831426 -0
    outer loop
      vertex 69.4915 53.9437 3.2
      vertex 69.225 54.1218 0
      vertex 69.4915 53.9437 0
    endloop
  endfacet
  facet normal -0.555636 0.831426 0
    outer loop
      vertex 69.4915 50.0563 0
      vertex 69.225 49.8782 3.2
      vertex 69.4915 50.0563 3.2
    endloop
  endfacet
  facet normal -0.555636 0.831426 0
    outer loop
      vertex 69.225 49.8782 3.2
      vertex 69.4915 50.0563 0
      vertex 69.225 49.8782 0
    endloop
  endfacet
  facet normal 0.89691 -0.442213 0
    outer loop
      vertex 65.7365 52.9376 3.2
      vertex 65.8782 53.225 0
      vertex 65.8782 53.225 3.2
    endloop
  endfacet
  facet normal 0.89691 -0.442213 0
    outer loop
      vertex 65.8782 53.225 0
      vertex 65.7365 52.9376 3.2
      vertex 65.7365 52.9376 0
    endloop
  endfacet
  facet normal -0.65941 0.751784 0
    outer loop
      vertex 69.7324 50.2676 0
      vertex 69.4915 50.0563 3.2
      vertex 69.7324 50.2676 3.2
    endloop
  endfacet
  facet normal -0.65941 0.751784 0
    outer loop
      vertex 69.4915 50.0563 3.2
      vertex 69.7324 50.2676 0
      vertex 69.4915 50.0563 0
    endloop
  endfacet
  facet normal 0.195036 -0.980796 0
    outer loop
      vertex 67.3659 54.3665 0
      vertex 67.6802 54.429 3.2
      vertex 67.3659 54.3665 3.2
    endloop
  endfacet
  facet normal 0.195036 -0.980796 0
    outer loop
      vertex 67.6802 54.429 3.2
      vertex 67.3659 54.3665 0
      vertex 67.6802 54.429 0
    endloop
  endfacet
  facet normal -0.980796 0.195036 0
    outer loop
      vertex 70.3665 51.3659 0
      vertex 70.429 51.6802 3.2
      vertex 70.429 51.6802 0
    endloop
  endfacet
  facet normal -0.980796 0.195036 0
    outer loop
      vertex 70.429 51.6802 3.2
      vertex 70.3665 51.3659 0
      vertex 70.3665 51.3659 3.2
    endloop
  endfacet
  facet normal -0.997851 0.0655249 0
    outer loop
      vertex 70.429 51.6802 0
      vertex 70.45 52 3.2
      vertex 70.45 52 0
    endloop
  endfacet
  facet normal -0.997851 0.0655249 0
    outer loop
      vertex 70.45 52 3.2
      vertex 70.429 51.6802 0
      vertex 70.429 51.6802 3.2
    endloop
  endfacet
  facet normal 0.89691 0.442213 0
    outer loop
      vertex 65.8782 50.775 3.2
      vertex 65.7365 51.0624 0
      vertex 65.7365 51.0624 3.2
    endloop
  endfacet
  facet normal 0.89691 0.442213 0
    outer loop
      vertex 65.7365 51.0624 0
      vertex 65.8782 50.775 3.2
      vertex 65.8782 50.775 0
    endloop
  endfacet
  facet normal 0.980796 -0.195036 0
    outer loop
      vertex 65.571 52.3198 3.2
      vertex 65.6335 52.6341 0
      vertex 65.6335 52.6341 3.2
    endloop
  endfacet
  facet normal 0.980796 -0.195036 0
    outer loop
      vertex 65.6335 52.6341 0
      vertex 65.571 52.3198 3.2
      vertex 65.571 52.3198 0
    endloop
  endfacet
  facet normal -0.89691 -0.442213 0
    outer loop
      vertex 70.2635 52.9376 0
      vertex 70.1218 53.225 3.2
      vertex 70.1218 53.225 0
    endloop
  endfacet
  facet normal -0.89691 -0.442213 0
    outer loop
      vertex 70.1218 53.225 3.2
      vertex 70.2635 52.9376 0
      vertex 70.2635 52.9376 3.2
    endloop
  endfacet
  facet normal -0.0655249 0.997851 0
    outer loop
      vertex 68.3198 49.571 0
      vertex 68 49.55 3.2
      vertex 68.3198 49.571 3.2
    endloop
  endfacet
  facet normal -0.0655249 0.997851 0
    outer loop
      vertex 68 49.55 3.2
      vertex 68.3198 49.571 0
      vertex 68 49.55 0
    endloop
  endfacet
  facet normal -0.831426 0.555636 0
    outer loop
      vertex 69.9437 50.5085 0
      vertex 70.1218 50.775 3.2
      vertex 70.1218 50.775 0
    endloop
  endfacet
  facet normal -0.831426 0.555636 0
    outer loop
      vertex 70.1218 50.775 3.2
      vertex 69.9437 50.5085 0
      vertex 69.9437 50.5085 3.2
    endloop
  endfacet
  facet normal 0.442213 -0.89691 0
    outer loop
      vertex 66.775 54.1218 0
      vertex 67.0624 54.2635 3.2
      vertex 66.775 54.1218 3.2
    endloop
  endfacet
  facet normal 0.442213 -0.89691 0
    outer loop
      vertex 67.0624 54.2635 3.2
      vertex 66.775 54.1218 0
      vertex 67.0624 54.2635 0
    endloop
  endfacet
  facet normal -0.751784 -0.65941 0
    outer loop
      vertex 69.9437 53.4915 0
      vertex 69.7324 53.7324 3.2
      vertex 69.7324 53.7324 0
    endloop
  endfacet
  facet normal -0.751784 -0.65941 0
    outer loop
      vertex 69.7324 53.7324 3.2
      vertex 69.9437 53.4915 0
      vertex 69.9437 53.4915 3.2
    endloop
  endfacet
  facet normal -0.946953 -0.321371 0
    outer loop
      vertex 70.3665 52.6341 0
      vertex 70.2635 52.9376 3.2
      vertex 70.2635 52.9376 0
    endloop
  endfacet
  facet normal -0.946953 -0.321371 0
    outer loop
      vertex 70.2635 52.9376 3.2
      vertex 70.3665 52.6341 0
      vertex 70.3665 52.6341 3.2
    endloop
  endfacet
  facet normal 0.321371 -0.946953 0
    outer loop
      vertex 67.0624 54.2635 0
      vertex 67.3659 54.3665 3.2
      vertex 67.0624 54.2635 3.2
    endloop
  endfacet
  facet normal 0.321371 -0.946953 0
    outer loop
      vertex 67.3659 54.3665 3.2
      vertex 67.0624 54.2635 0
      vertex 67.3659 54.3665 0
    endloop
  endfacet
  facet normal 0.997851 0.0655249 0
    outer loop
      vertex 65.571 51.6802 3.2
      vertex 65.55 52 0
      vertex 65.55 52 3.2
    endloop
  endfacet
  facet normal 0.997851 0.0655249 0
    outer loop
      vertex 65.55 52 0
      vertex 65.571 51.6802 3.2
      vertex 65.571 51.6802 0
    endloop
  endfacet
  facet normal 0.980796 0.195036 0
    outer loop
      vertex 65.6335 51.3659 3.2
      vertex 65.571 51.6802 0
      vertex 65.571 51.6802 3.2
    endloop
  endfacet
  facet normal 0.980796 0.195036 0
    outer loop
      vertex 65.571 51.6802 0
      vertex 65.6335 51.3659 3.2
      vertex 65.6335 51.3659 0
    endloop
  endfacet
  facet normal 0.831426 -0.555636 0
    outer loop
      vertex 65.8782 53.225 3.2
      vertex 66.0563 53.4915 0
      vertex 66.0563 53.4915 3.2
    endloop
  endfacet
  facet normal 0.831426 -0.555636 0
    outer loop
      vertex 66.0563 53.4915 0
      vertex 65.8782 53.225 3.2
      vertex 65.8782 53.225 0
    endloop
  endfacet
  facet normal 0.442213 0.89691 -0
    outer loop
      vertex 67.0624 49.7365 0
      vertex 66.775 49.8782 3.2
      vertex 67.0624 49.7365 3.2
    endloop
  endfacet
  facet normal 0.442213 0.89691 0
    outer loop
      vertex 66.775 49.8782 3.2
      vertex 67.0624 49.7365 0
      vertex 66.775 49.8782 0
    endloop
  endfacet
  facet normal 0.195036 0.980796 -0
    outer loop
      vertex 67.6802 49.571 0
      vertex 67.3659 49.6335 3.2
      vertex 67.6802 49.571 3.2
    endloop
  endfacet
  facet normal 0.195036 0.980796 0
    outer loop
      vertex 67.3659 49.6335 3.2
      vertex 67.6802 49.571 0
      vertex 67.3659 49.6335 0
    endloop
  endfacet
  facet normal 0.946953 -0.321371 0
    outer loop
      vertex 65.6335 52.6341 3.2
      vertex 65.7365 52.9376 0
      vertex 65.7365 52.9376 3.2
    endloop
  endfacet
  facet normal 0.946953 -0.321371 0
    outer loop
      vertex 65.7365 52.9376 0
      vertex 65.6335 52.6341 3.2
      vertex 65.6335 52.6341 0
    endloop
  endfacet
  facet normal 0.751784 0.65941 0
    outer loop
      vertex 66.2676 50.2676 3.2
      vertex 66.0563 50.5085 0
      vertex 66.0563 50.5085 3.2
    endloop
  endfacet
  facet normal 0.751784 0.65941 0
    outer loop
      vertex 66.0563 50.5085 0
      vertex 66.2676 50.2676 3.2
      vertex 66.2676 50.2676 0
    endloop
  endfacet
  facet normal 0.997851 -0.0655249 0
    outer loop
      vertex 65.55 52 3.2
      vertex 65.571 52.3198 0
      vertex 65.571 52.3198 3.2
    endloop
  endfacet
  facet normal 0.997851 -0.0655249 0
    outer loop
      vertex 65.571 52.3198 0
      vertex 65.55 52 3.2
      vertex 65.55 52 0
    endloop
  endfacet
  facet normal 0.0655249 0.997851 -0
    outer loop
      vertex 68 49.55 0
      vertex 67.6802 49.571 3.2
      vertex 68 49.55 3.2
    endloop
  endfacet
  facet normal 0.0655249 0.997851 0
    outer loop
      vertex 67.6802 49.571 3.2
      vertex 68 49.55 0
      vertex 67.6802 49.571 0
    endloop
  endfacet
  facet normal 0.65941 0.751784 -0
    outer loop
      vertex 66.5085 50.0563 0
      vertex 66.2676 50.2676 3.2
      vertex 66.5085 50.0563 3.2
    endloop
  endfacet
  facet normal 0.65941 0.751784 0
    outer loop
      vertex 66.2676 50.2676 3.2
      vertex 66.5085 50.0563 0
      vertex 66.2676 50.2676 0
    endloop
  endfacet
  facet normal 1 -0 0
    outer loop
      vertex 72 0 3.2
      vertex 72 56 0
      vertex 72 56 3.2
    endloop
  endfacet
  facet normal 1 0 0
    outer loop
      vertex 72 56 0
      vertex 72 0 3.2
      vertex 72 0 0
    endloop
  endfacet
  facet normal 0 0 1
    outer loop
      vertex 4.31979 54.429 3.2
      vertex 5.65 55.5 3.2
      vertex 5.66155 55.6762 3.2
    endloop
  endfacet
  facet normal 0 0 1
    outer loop
      vertex 5.65 55.5 3.2
      vertex 5.225 54.1218 3.2
      vertex 5.49146 53.9437 3.2
    endloop
  endfacet
  facet normal 0 0 1
    outer loop
      vertex 4 54.45 3.2
      vertex 5.66155 55.6762 3.2
      vertex 5.696 55.8494 3.2
    endloop
  endfacet
  facet normal 0 0 1
    outer loop
      vertex 5.65 55.5 3.2
      vertex 4.93757 54.2635 3.2
      vertex 5.225 54.1218 3.2
    endloop
  endfacet
  facet normal 0 0 1
    outer loop
      vertex 3.68021 54.429 3.2
      vertex 5.696 55.8494 3.2
      vertex 5.74712 56 3.2
    endloop
  endfacet
  facet normal 0 0 1
    outer loop
      vertex 5.65 55.5 3.2
      vertex 4.63411 54.3665 3.2
      vertex 4.93757 54.2635 3.2
    endloop
  endfacet
  facet normal 0 0 1
    outer loop
      vertex 5.65 55.5 3.2
      vertex 4.31979 54.429 3.2
      vertex 4.63411 54.3665 3.2
    endloop
  endfacet
  facet normal 0 0 1
    outer loop
      vertex 5.66155 55.6762 3.2
      vertex 4 54.45 3.2
      vertex 4.31979 54.429 3.2
    endloop
  endfacet
  facet normal 0 0 1
    outer loop
      vertex 5.696 55.8494 3.2
      vertex 3.68021 54.429 3.2
      vertex 4 54.45 3.2
    endloop
  endfacet
  facet normal 0 0 1
    outer loop
      vertex 5.74712 56 3.2
      vertex 3.36589 54.3665 3.2
      vertex 3.68021 54.429 3.2
    endloop
  endfacet
  facet normal -0 0 1
    outer loop
      vertex 0 56 3.2
      vertex 3.36589 54.3665 3.2
      vertex 5.74712 56 3.2
    endloop
  endfacet
  facet normal 0 0 1
    outer loop
      vertex 3.36589 54.3665 3.2
      vertex 0 56 3.2
      vertex 3.06242 54.2635 3.2
    endloop
  endfacet
  facet normal 0 0 1
    outer loop
      vertex 1.57096 44.3198 3.2
      vertex 0 56 3.2
      vertex 1.55 44 3.2
    endloop
  endfacet
  facet normal 0 0 1
    outer loop
      vertex 1.55 44 3.2
      vertex 0 56 3.2
      vertex 1.55 36 3.2
    endloop
  endfacet
  facet normal 0 0 1
    outer loop
      vertex 1.55 36 3.2
      vertex 0 56 3.2
      vertex 1.55 28 3.2
    endloop
  endfacet
  facet normal 0 0 1
    outer loop
      vertex 0 0 3.2
      vertex 1.55 28 3.2
      vertex 0 56 3.2
    endloop
  endfacet
  facet normal 0 0 1
    outer loop
      vertex 1.55 28 3.2
      vertex 0 0 3.2
      vertex 1.55 20 3.2
    endloop
  endfacet
  facet normal 0 0 1
    outer loop
      vertex 1.55 20 3.2
      vertex 0 0 3.2
      vertex 1.55 12 3.2
    endloop
  endfacet
  facet normal 0 0 1
    outer loop
      vertex 1.57096 52.3198 3.2
      vertex 0 56 3.2
      vertex 1.55 52 3.2
    endloop
  endfacet
  facet normal 0 0 1
    outer loop
      vertex 1.63348 52.6341 3.2
      vertex 0 56 3.2
      vertex 1.57096 52.3198 3.2
    endloop
  endfacet
  facet normal 0 0 1
    outer loop
      vertex 1.7365 52.9376 3.2
      vertex 0 56 3.2
      vertex 1.63348 52.6341 3.2
    endloop
  endfacet
  facet normal 0 0 1
    outer loop
      vertex 1.87824 53.225 3.2
      vertex 0 56 3.2
      vertex 1.7365 52.9376 3.2
    endloop
  endfacet
  facet normal 0 0 1
    outer loop
      vertex 2.05628 53.4915 3.2
      vertex 0 56 3.2
      vertex 1.87824 53.225 3.2
    endloop
  endfacet
  facet normal 0 0 1
    outer loop
      vertex 2.26759 53.7324 3.2
      vertex 0 56 3.2
      vertex 2.05628 53.4915 3.2
    endloop
  endfacet
  facet normal 0 0 1
    outer loop
      vertex 2.50853 53.9437 3.2
      vertex 0 56 3.2
      vertex 2.26759 53.7324 3.2
    endloop
  endfacet
  facet normal 0 0 1
    outer loop
      vertex 2.775 54.1218 3.2
      vertex 0 56 3.2
      vertex 2.50853 53.9437 3.2
    endloop
  endfacet
  facet normal 0 0 1
    outer loop
      vertex 3.06242 54.2635 3.2
      vertex 0 56 3.2
      vertex 2.775 54.1218 3.2
    endloop
  endfacet
  facet normal 0 0 1
    outer loop
      vertex 7.17621 5.16155 3.2
      vertex 6.42904 4.31979 3.2
      vertex 6.45 4 3.2
    endloop
  endfacet
  facet normal 0 0 1
    outer loop
      vertex 6.65059 5.196 3.2
      vertex 6.36652 4.63411 3.2
      vertex 6.42904 4.31979 3.2
    endloop
  endfacet
  facet normal 0 0 1
    outer loop
      vertex 6.2635 4.93757 3.2
      vertex 6.48338 5.25276 3.2
      vertex 6.325 5.33086 3.2
    endloop
  endfacet
  facet normal 0 0 1
    outer loop
      vertex 6.65059 5.196 3.2
      vertex 6.2635 4.93757 3.2
      vertex 6.36652 4.63411 3.2
    endloop
  endfacet
  facet normal 0 0 1
    outer loop
      vertex 6.12176 5.225 3.2
      vertex 6.325 5.33086 3.2
      vertex 6.17817 5.42897 3.2
    endloop
  endfacet
  facet normal 0 0 1
    outer loop
      vertex 6.325 5.33086 3.2
      vertex 6.12176 5.225 3.2
      vertex 6.2635 4.93757 3.2
    endloop
  endfacet
  facet normal -0 0 1
    outer loop
      vertex 5.94372 5.49146 3.2
      vertex 6.17817 5.42897 3.2
      vertex 6.04541 5.54541 3.2
    endloop
  endfacet
  facet normal 0 0 1
    outer loop
      vertex 6.17817 5.42897 3.2
      vertex 5.94372 5.49146 3.2
      vertex 6.12176 5.225 3.2
    endloop
  endfacet
  facet normal 0 0 1
    outer loop
      vertex 5.92897 5.67817 3.2
      vertex 5.94372 5.49146 3.2
      vertex 6.04541 5.54541 3.2
    endloop
  endfacet
  facet normal -0 0 1
    outer loop
      vertex 5.73241 5.73241 3.2
      vertex 5.92897 5.67817 3.2
      vertex 5.83086 5.825 3.2
    endloop
  endfacet
  facet normal 0 0 1
    outer loop
      vertex 5.73241 5.73241 3.2
      vertex 5.83086 5.825 3.2
      vertex 5.75276 5.98338 3.2
    endloop
  endfacet
  facet normal 0 0 1
    outer loop
      vertex 5.92897 5.67817 3.2
      vertex 5.73241 5.73241 3.2
      vertex 5.94372 5.49146 3.2
    endloop
  endfacet
  facet normal 0 0 1
    outer loop
      vertex 5.49146 5.94372 3.2
      vertex 5.75276 5.98338 3.2
      vertex 5.696 6.15059 3.2
    endloop
  endfacet
  facet normal 0 0 1
    outer loop
      vertex 5.49146 5.94372 3.2
      vertex 5.696 6.15059 3.2
      vertex 5.66155 6.32379 3.2
    endloop
  endfacet
  facet normal 0 0 1
    outer loop
      vertex 5.75276 5.98338 3.2
      vertex 5.49146 5.94372 3.2
      vertex 5.73241 5.73241 3.2
    endloop
  endfacet
  facet normal 0 0 1
    outer loop
      vertex 5.65 6.5 3.2
      vertex 5.49146 5.94372 3.2
      vertex 5.66155 6.32379 3.2
    endloop
  endfacet
  facet normal 0 0 1
    outer loop
      vertex 5.66155 6.67621 3.2
      vertex 5.49146 5.94372 3.2
      vertex 5.65 6.5 3.2
    endloop
  endfacet
  facet normal 0 0 1
    outer loop
      vertex 4.31979 6.42904 3.2
      vertex 5.83086 7.175 3.2
      vertex 4.31979 9.57096 3.2
    endloop
  endfacet
  facet normal 0 0 1
    outer loop
      vertex 5.66155 6.67621 3.2
      vertex 5.225 6.12176 3.2
      vertex 5.49146 5.94372 3.2
    endloop
  endfacet
  facet normal 0 0 1
    outer loop
      vertex 5.83086 7.175 3.2
      vertex 4.31979 6.42904 3.2
      vertex 5.75276 7.01662 3.2
    endloop
  endfacet
  facet normal 0 0 1
    outer loop
      vertex 5.66155 6.67621 3.2
      vertex 4.93757 6.2635 3.2
      vertex 5.225 6.12176 3.2
    endloop
  endfacet
  facet normal 0 -0 1
    outer loop
      vertex 4.63411 6.36652 3.2
      vertex 5.75276 7.01662 3.2
      vertex 4.31979 6.42904 3.2
    endloop
  endfacet
  facet normal 0 0 1
    outer loop
      vertex 5.696 6.84941 3.2
      vertex 4.93757 6.2635 3.2
      vertex 5.66155 6.67621 3.2
    endloop
  endfacet
  facet normal 0 0 1
    outer loop
      vertex 5.75276 7.01662 3.2
      vertex 4.63411 6.36652 3.2
      vertex 5.696 6.84941 3.2
    endloop
  endfacet
  facet normal 0 -0 1
    outer loop
      vertex 4.93757 6.2635 3.2
      vertex 5.696 6.84941 3.2
      vertex 4.63411 6.36652 3.2
    endloop
  endfacet
  facet normal -0 0 1
    outer loop
      vertex 4 9.55 3.2
      vertex 4.31979 6.42904 3.2
      vertex 4.31979 9.57096 3.2
    endloop
  endfacet
  facet normal 0 0 1
    outer loop
      vertex 4 9.55 3.2
      vertex 4 6.45 3.2
      vertex 4.31979 6.42904 3.2
    endloop
  endfacet
  facet normal 0 0 1
    outer loop
      vertex 3.68021 9.57096 3.2
      vertex 4 6.45 3.2
      vertex 4 9.55 3.2
    endloop
  endfacet
  facet normal 0 0 1
    outer loop
      vertex 3.68021 9.57096 3.2
      vertex 3.68021 6.42904 3.2
      vertex 4 6.45 3.2
    endloop
  endfacet
  facet normal 0 0 1
    outer loop
      vertex 3.36589 9.63348 3.2
      vertex 3.68021 6.42904 3.2
      vertex 3.68021 9.57096 3.2
    endloop
  endfacet
  facet normal 0 0 1
    outer loop
      vertex 3.36589 9.63348 3.2
      vertex 3.36589 6.36652 3.2
      vertex 3.68021 6.42904 3.2
    endloop
  endfacet
  facet normal 0 0 1
    outer loop
      vertex 3.06242 9.7365 3.2
      vertex 3.36589 6.36652 3.2
      vertex 3.36589 9.63348 3.2
    endloop
  endfacet
  facet normal 0 0 1
    outer loop
      vertex 3.06242 9.7365 3.2
      vertex 3.06242 6.2635 3.2
      vertex 3.36589 6.36652 3.2
    endloop
  endfacet
  facet normal 0 0 1
    outer loop
      vertex 2.775 9.87824 3.2
      vertex 3.06242 6.2635 3.2
      vertex 3.06242 9.7365 3.2
    endloop
  endfacet
  facet normal 0 0 1
    outer loop
      vertex 2.775 9.87824 3.2
      vertex 2.775 6.12176 3.2
      vertex 3.06242 6.2635 3.2
    endloop
  endfacet
  facet normal 0 0 1
    outer loop
      vertex 2.50853 10.0563 3.2
      vertex 2.775 6.12176 3.2
      vertex 2.775 9.87824 3.2
    endloop
  endfacet
  facet normal 0 0 1
    outer loop
      vertex 2.50853 10.0563 3.2
      vertex 2.50853 5.94372 3.2
      vertex 2.775 6.12176 3.2
    endloop
  endfacet
  facet normal 0 0 1
    outer loop
      vertex 2.26759 10.2676 3.2
      vertex 2.50853 5.94372 3.2
      vertex 2.50853 10.0563 3.2
    endloop
  endfacet
  facet normal 0 0 1
    outer loop
      vertex 2.26759 10.2676 3.2
      vertex 2.26759 5.73241 3.2
      vertex 2.50853 5.94372 3.2
    endloop
  endfacet
  facet normal 0 0 1
    outer loop
      vertex 2.05628 10.5085 3.2
      vertex 2.26759 5.73241 3.2
      vertex 2.26759 10.2676 3.2
    endloop
  endfacet
  facet normal 0 0 1
    outer loop
      vertex 2.05628 10.5085 3.2
      vertex 2.05628 5.49146 3.2
      vertex 2.26759 5.73241 3.2
    endloop
  endfacet
  facet normal 0 0 1
    outer loop
      vertex 1.87824 10.775 3.2
      vertex 2.05628 5.49146 3.2
      vertex 2.05628 10.5085 3.2
    endloop
  endfacet
  facet normal 0 0 1
    outer loop
      vertex 1.87824 10.775 3.2
      vertex 1.87824 5.225 3.2
      vertex 2.05628 5.49146 3.2
    endloop
  endfacet
  facet normal 0 0 1
    outer loop
      vertex 1.7365 11.0624 3.2
      vertex 1.87824 5.225 3.2
      vertex 1.87824 10.775 3.2
    endloop
  endfacet
  facet normal 0 0 1
    outer loop
      vertex 1.7365 11.0624 3.2
      vertex 1.7365 4.93757 3.2
      vertex 1.87824 5.225 3.2
    endloop
  endfacet
  facet normal 0 0 1
    outer loop
      vertex 1.63348 11.3659 3.2
      vertex 1.7365 4.93757 3.2
      vertex 1.7365 11.0624 3.2
    endloop
  endfacet
  facet normal 0 0 1
    outer loop
      vertex 1.63348 11.3659 3.2
      vertex 1.63348 4.63411 3.2
      vertex 1.7365 4.93757 3.2
    endloop
  endfacet
  facet normal 0 0 1
    outer loop
      vertex 1.57096 11.6802 3.2
      vertex 1.63348 4.63411 3.2
      vertex 1.63348 11.3659 3.2
    endloop
  endfacet
  facet normal 0 0 1
    outer loop
      vertex 1.57096 11.6802 3.2
      vertex 1.57096 4.31979 3.2
      vertex 1.63348 4.63411 3.2
    endloop
  endfacet
  facet normal 0 0 1
    outer loop
      vertex 1.55 12 3.2
      vertex 1.57096 4.31979 3.2
      vertex 1.57096 11.6802 3.2
    endloop
  endfacet
  facet normal 0 0 1
    outer loop
      vertex 1.57096 4.31979 3.2
      vertex 1.55 12 3.2
      vertex 1.55 4 3.2
    endloop
  endfacet
  facet normal -0 0 1
    outer loop
      vertex 6.42904 12.3198 3.2
      vertex 8.16913 7.175 3.2
      vertex 6.42904 19.6802 3.2
    endloop
  endfacet
  facet normal 0 0 1
    outer loop
      vertex 8.16913 7.175 3.2
      vertex 6.42904 12.3198 3.2
      vertex 6.45 12 3.2
    endloop
  endfacet
  facet normal -0 0 1
    outer loop
      vertex 6.36652 19.3659 3.2
      vertex 6.42904 12.3198 3.2
      vertex 6.42904 19.6802 3.2
    endloop
  endfacet
  facet normal 0 0 1
    outer loop
      vertex 6.36652 19.3659 3.2
      vertex 6.36652 12.6341 3.2
      vertex 6.42904 12.3198 3.2
    endloop
  endfacet
  facet normal -0 0 1
    outer loop
      vertex 6.2635 19.0624 3.2
      vertex 6.36652 12.6341 3.2
      vertex 6.36652 19.3659 3.2
    endloop
  endfacet
  facet normal 0 0 1
    outer loop
      vertex 6.2635 19.0624 3.2
      vertex 6.2635 12.9376 3.2
      vertex 6.36652 12.6341 3.2
    endloop
  endfacet
  facet normal -0 0 1
    outer loop
      vertex 6.12176 18.775 3.2
      vertex 6.2635 12.9376 3.2
      vertex 6.2635 19.0624 3.2
    endloop
  endfacet
  facet normal 0 0 1
    outer loop
      vertex 6.12176 18.775 3.2
      vertex 6.12176 13.225 3.2
      vertex 6.2635 12.9376 3.2
    endloop
  endfacet
  facet normal -0 0 1
    outer loop
      vertex 5.94372 18.5085 3.2
      vertex 6.12176 13.225 3.2
      vertex 6.12176 18.775 3.2
    endloop
  endfacet
  facet normal 0 0 1
    outer loop
      vertex 5.94372 18.5085 3.2
      vertex 5.94372 13.4915 3.2
      vertex 6.12176 13.225 3.2
    endloop
  endfacet
  facet normal -0 0 1
    outer loop
      vertex 5.73241 18.2676 3.2
      vertex 5.94372 13.4915 3.2
      vertex 5.94372 18.5085 3.2
    endloop
  endfacet
  facet normal 0 0 1
    outer loop
      vertex 5.73241 18.2676 3.2
      vertex 5.73241 13.7324 3.2
      vertex 5.94372 13.4915 3.2
    endloop
  endfacet
  facet normal -0 0 1
    outer loop
      vertex 5.49146 18.0563 3.2
      vertex 5.73241 13.7324 3.2
      vertex 5.73241 18.2676 3.2
    endloop
  endfacet
  facet normal 0 0 1
    outer loop
      vertex 5.49146 18.0563 3.2
      vertex 5.49146 13.9437 3.2
      vertex 5.73241 13.7324 3.2
    endloop
  endfacet
  facet normal -0 0 1
    outer loop
      vertex 5.225 17.8782 3.2
      vertex 5.49146 13.9437 3.2
      vertex 5.49146 18.0563 3.2
    endloop
  endfacet
  facet normal 0 0 1
    outer loop
      vertex 5.225 17.8782 3.2
      vertex 5.225 14.1218 3.2
      vertex 5.49146 13.9437 3.2
    endloop
  endfacet
  facet normal -0 0 1
    outer loop
      vertex 4.93757 17.7365 3.2
      vertex 5.225 14.1218 3.2
      vertex 5.225 17.8782 3.2
    endloop
  endfacet
  facet normal 0 0 1
    outer loop
      vertex 4.93757 17.7365 3.2
      vertex 4.93757 14.2635 3.2
      vertex 5.225 14.1218 3.2
    endloop
  endfacet
  facet normal -0 0 1
    outer loop
      vertex 4.63411 17.6335 3.2
      vertex 4.93757 14.2635 3.2
      vertex 4.93757 17.7365 3.2
    endloop
  endfacet
  facet normal 0 0 1
    outer loop
      vertex 4.63411 17.6335 3.2
      vertex 4.63411 14.3665 3.2
      vertex 4.93757 14.2635 3.2
    endloop
  endfacet
  facet normal -0 0 1
    outer loop
      vertex 4.31979 17.571 3.2
      vertex 4.63411 14.3665 3.2
      vertex 4.63411 17.6335 3.2
    endloop
  endfacet
  facet normal 0 0 1
    outer loop
      vertex 4.31979 17.571 3.2
      vertex 4.31979 14.429 3.2
      vertex 4.63411 14.3665 3.2
    endloop
  endfacet
  facet normal -0 0 1
    outer loop
      vertex 4 17.55 3.2
      vertex 4.31979 14.429 3.2
      vertex 4.31979 17.571 3.2
    endloop
  endfacet
  facet normal 0 0 1
    outer loop
      vertex 4 17.55 3.2
      vertex 4 14.45 3.2
      vertex 4.31979 14.429 3.2
    endloop
  endfacet
  facet normal 0 0 1
    outer loop
      vertex 3.68021 17.571 3.2
      vertex 4 14.45 3.2
      vertex 4 17.55 3.2
    endloop
  endfacet
  facet normal 0 0 1
    outer loop
      vertex 3.68021 17.571 3.2
      vertex 3.68021 14.429 3.2
      vertex 4 14.45 3.2
    endloop
  endfacet
  facet normal 0 0 1
    outer loop
      vertex 3.36589 17.6335 3.2
      vertex 3.68021 14.429 3.2
      vertex 3.68021 17.571 3.2
    endloop
  endfacet
  facet normal 0 0 1
    outer loop
      vertex 3.36589 17.6335 3.2
      vertex 3.36589 14.3665 3.2
      vertex 3.68021 14.429 3.2
    endloop
  endfacet
  facet normal 0 0 1
    outer loop
      vertex 3.06242 17.7365 3.2
      vertex 3.36589 14.3665 3.2
      vertex 3.36589 17.6335 3.2
    endloop
  endfacet
  facet normal 0 0 1
    outer loop
      vertex 3.06242 17.7365 3.2
      vertex 3.06242 14.2635 3.2
      vertex 3.36589 14.3665 3.2
    endloop
  endfacet
  facet normal 0 0 1
    outer loop
      vertex 2.775 17.8782 3.2
      vertex 3.06242 14.2635 3.2
      vertex 3.06242 17.7365 3.2
    endloop
  endfacet
  facet normal 0 0 1
    outer loop
      vertex 2.775 17.8782 3.2
      vertex 2.775 14.1218 3.2
      vertex 3.06242 14.2635 3.2
    endloop
  endfacet
  facet normal 0 0 1
    outer loop
      vertex 2.50853 18.0563 3.2
      vertex 2.775 14.1218 3.2
      vertex 2.775 17.8782 3.2
    endloop
  endfacet
  facet normal 0 0 1
    outer loop
      vertex 2.50853 18.0563 3.2
      vertex 2.50853 13.9437 3.2
      vertex 2.775 14.1218 3.2
    endloop
  endfacet
  facet normal 0 0 1
    outer loop
      vertex 2.26759 18.2676 3.2
      vertex 2.50853 13.9437 3.2
      vertex 2.50853 18.0563 3.2
    endloop
  endfacet
  facet normal 0 0 1
    outer loop
      vertex 2.26759 18.2676 3.2
      vertex 2.26759 13.7324 3.2
      vertex 2.50853 13.9437 3.2
    endloop
  endfacet
  facet normal 0 0 1
    outer loop
      vertex 2.05628 18.5085 3.2
      vertex 2.26759 13.7324 3.2
      vertex 2.26759 18.2676 3.2
    endloop
  endfacet
  facet normal 0 0 1
    outer loop
      vertex 2.05628 18.5085 3.2
      vertex 2.05628 13.4915 3.2
      vertex 2.26759 13.7324 3.2
    endloop
  endfacet
  facet normal 0 0 1
    outer loop
      vertex 1.87824 18.775 3.2
      vertex 2.05628 13.4915 3.2
      vertex 2.05628 18.5085 3.2
    endloop
  endfacet
  facet normal 0 0 1
    outer loop
      vertex 1.87824 18.775 3.2
      vertex 1.87824 13.225 3.2
      vertex 2.05628 13.4915 3.2
    endloop
  endfacet
  facet normal 0 0 1
    outer loop
      vertex 1.7365 19.0624 3.2
      vertex 1.87824 13.225 3.2
      vertex 1.87824 18.775 3.2
    endloop
  endfacet
  facet normal 0 0 1
    outer loop
      vertex 1.7365 19.0624 3.2
      vertex 1.7365 12.9376 3.2
      vertex 1.87824 13.225 3.2
    endloop
  endfacet
  facet normal 0 0 1
    outer loop
      vertex 1.63348 19.3659 3.2
      vertex 1.7365 12.9376 3.2
      vertex 1.7365 19.0624 3.2
    endloop
  endfacet
  facet normal 0 0 1
    outer loop
      vertex 1.63348 19.3659 3.2
      vertex 1.63348 12.6341 3.2
      vertex 1.7365 12.9376 3.2
    endloop
  endfacet
  facet normal 0 0 1
    outer loop
      vertex 1.57096 19.6802 3.2
      vertex 1.63348 12.6341 3.2
      vertex 1.63348 19.3659 3.2
    endloop
  endfacet
  facet normal 0 0 1
    outer loop
      vertex 1.57096 19.6802 3.2
      vertex 1.57096 12.3198 3.2
      vertex 1.63348 12.6341 3.2
    endloop
  endfacet
  facet normal 0 0 1
    outer loop
      vertex 1.55 20 3.2
      vertex 1.57096 12.3198 3.2
      vertex 1.57096 19.6802 3.2
    endloop
  endfacet
  facet normal 0 0 1
    outer loop
      vertex 1.57096 12.3198 3.2
      vertex 1.55 20 3.2
      vertex 1.55 12 3.2
    endloop
  endfacet
  facet normal -0 0 1
    outer loop
      vertex 6.42904 27.6802 3.2
      vertex 6.45 20 3.2
      vertex 6.45 28 3.2
    endloop
  endfacet
  facet normal 0 0 1
    outer loop
      vertex 6.42904 27.6802 3.2
      vertex 6.42904 20.3198 3.2
      vertex 6.45 20 3.2
    endloop
  endfacet
  facet normal -0 0 1
    outer loop
      vertex 6.36652 27.3659 3.2
      vertex 6.42904 20.3198 3.2
      vertex 6.42904 27.6802 3.2
    endloop
  endfacet
  facet normal 0 0 1
    outer loop
      vertex 6.36652 27.3659 3.2
      vertex 6.36652 20.6341 3.2
      vertex 6.42904 20.3198 3.2
    endloop
  endfacet
  facet normal -0 0 1
    outer loop
      vertex 6.2635 27.0624 3.2
      vertex 6.36652 20.6341 3.2
      vertex 6.36652 27.3659 3.2
    endloop
  endfacet
  facet normal 0 0 1
    outer loop
      vertex 6.2635 27.0624 3.2
      vertex 6.2635 20.9376 3.2
      vertex 6.36652 20.6341 3.2
    endloop
  endfacet
  facet normal -0 0 1
    outer loop
      vertex 6.12176 26.775 3.2
      vertex 6.2635 20.9376 3.2
      vertex 6.2635 27.0624 3.2
    endloop
  endfacet
  facet normal 0 0 1
    outer loop
      vertex 6.12176 26.775 3.2
      vertex 6.12176 21.225 3.2
      vertex 6.2635 20.9376 3.2
    endloop
  endfacet
  facet normal -0 0 1
    outer loop
      vertex 5.94372 26.5085 3.2
      vertex 6.12176 21.225 3.2
      vertex 6.12176 26.775 3.2
    endloop
  endfacet
  facet normal 0 0 1
    outer loop
      vertex 5.94372 26.5085 3.2
      vertex 5.94372 21.4915 3.2
      vertex 6.12176 21.225 3.2
    endloop
  endfacet
  facet normal -0 0 1
    outer loop
      vertex 5.73241 26.2676 3.2
      vertex 5.94372 21.4915 3.2
      vertex 5.94372 26.5085 3.2
    endloop
  endfacet
  facet normal 0 0 1
    outer loop
      vertex 5.73241 26.2676 3.2
      vertex 5.73241 21.7324 3.2
      vertex 5.94372 21.4915 3.2
    endloop
  endfacet
  facet normal -0 0 1
    outer loop
      vertex 5.49146 26.0563 3.2
      vertex 5.73241 21.7324 3.2
      vertex 5.73241 26.2676 3.2
    endloop
  endfacet
  facet normal 0 0 1
    outer loop
      vertex 5.49146 26.0563 3.2
      vertex 5.49146 21.9437 3.2
      vertex 5.73241 21.7324 3.2
    endloop
  endfacet
  facet normal -0 0 1
    outer loop
      vertex 5.225 25.8782 3.2
      vertex 5.49146 21.9437 3.2
      vertex 5.49146 26.0563 3.2
    endloop
  endfacet
  facet normal 0 0 1
    outer loop
      vertex 5.225 25.8782 3.2
      vertex 5.225 22.1218 3.2
      vertex 5.49146 21.9437 3.2
    endloop
  endfacet
  facet normal -0 0 1
    outer loop
      vertex 4.93757 25.7365 3.2
      vertex 5.225 22.1218 3.2
      vertex 5.225 25.8782 3.2
    endloop
  endfacet
  facet normal 0 0 1
    outer loop
      vertex 4.93757 25.7365 3.2
      vertex 4.93757 22.2635 3.2
      vertex 5.225 22.1218 3.2
    endloop
  endfacet
  facet normal -0 0 1
    outer loop
      vertex 4.63411 25.6335 3.2
      vertex 4.93757 22.2635 3.2
      vertex 4.93757 25.7365 3.2
    endloop
  endfacet
  facet normal 0 0 1
    outer loop
      vertex 4.63411 25.6335 3.2
      vertex 4.63411 22.3665 3.2
      vertex 4.93757 22.2635 3.2
    endloop
  endfacet
  facet normal -0 0 1
    outer loop
      vertex 4.31979 25.571 3.2
      vertex 4.63411 22.3665 3.2
      vertex 4.63411 25.6335 3.2
    endloop
  endfacet
  facet normal 0 0 1
    outer loop
      vertex 4.31979 25.571 3.2
      vertex 4.31979 22.429 3.2
      vertex 4.63411 22.3665 3.2
    endloop
  endfacet
  facet normal -0 0 1
    outer loop
      vertex 4 25.55 3.2
      vertex 4.31979 22.429 3.2
      vertex 4.31979 25.571 3.2
    endloop
  endfacet
  facet normal 0 0 1
    outer loop
      vertex 4 25.55 3.2
      vertex 4 22.45 3.2
      vertex 4.31979 22.429 3.2
    endloop
  endfacet
  facet normal 0 0 1
    outer loop
      vertex 3.68021 25.571 3.2
      vertex 4 22.45 3.2
      vertex 4 25.55 3.2
    endloop
  endfacet
  facet normal 0 0 1
    outer loop
      vertex 3.68021 25.571 3.2
      vertex 3.68021 22.429 3.2
      vertex 4 22.45 3.2
    endloop
  endfacet
  facet normal 0 0 1
    outer loop
      vertex 3.36589 25.6335 3.2
      vertex 3.68021 22.429 3.2
      vertex 3.68021 25.571 3.2
    endloop
  endfacet
  facet normal 0 0 1
    outer loop
      vertex 3.36589 25.6335 3.2
      vertex 3.36589 22.3665 3.2
      vertex 3.68021 22.429 3.2
    endloop
  endfacet
  facet normal 0 0 1
    outer loop
      vertex 3.06242 25.7365 3.2
      vertex 3.36589 22.3665 3.2
      vertex 3.36589 25.6335 3.2
    endloop
  endfacet
  facet normal 0 0 1
    outer loop
      vertex 3.06242 25.7365 3.2
      vertex 3.06242 22.2635 3.2
      vertex 3.36589 22.3665 3.2
    endloop
  endfacet
  facet normal 0 0 1
    outer loop
      vertex 2.775 25.8782 3.2
      vertex 3.06242 22.2635 3.2
      vertex 3.06242 25.7365 3.2
    endloop
  endfacet
  facet normal 0 0 1
    outer loop
      vertex 2.775 25.8782 3.2
      vertex 2.775 22.1218 3.2
      vertex 3.06242 22.2635 3.2
    endloop
  endfacet
  facet normal 0 0 1
    outer loop
      vertex 2.50853 26.0563 3.2
      vertex 2.775 22.1218 3.2
      vertex 2.775 25.8782 3.2
    endloop
  endfacet
  facet normal 0 0 1
    outer loop
      vertex 2.50853 26.0563 3.2
      vertex 2.50853 21.9437 3.2
      vertex 2.775 22.1218 3.2
    endloop
  endfacet
  facet normal 0 0 1
    outer loop
      vertex 2.26759 26.2676 3.2
      vertex 2.50853 21.9437 3.2
      vertex 2.50853 26.0563 3.2
    endloop
  endfacet
  facet normal 0 0 1
    outer loop
      vertex 2.26759 26.2676 3.2
      vertex 2.26759 21.7324 3.2
      vertex 2.50853 21.9437 3.2
    endloop
  endfacet
  facet normal 0 0 1
    outer loop
      vertex 2.05628 26.5085 3.2
      vertex 2.26759 21.7324 3.2
      vertex 2.26759 26.2676 3.2
    endloop
  endfacet
  facet normal 0 0 1
    outer loop
      vertex 2.05628 26.5085 3.2
      vertex 2.05628 21.4915 3.2
      vertex 2.26759 21.7324 3.2
    endloop
  endfacet
  facet normal 0 0 1
    outer loop
      vertex 1.87824 26.775 3.2
      vertex 2.05628 21.4915 3.2
      vertex 2.05628 26.5085 3.2
    endloop
  endfacet
  facet normal 0 0 1
    outer loop
      vertex 1.87824 26.775 3.2
      vertex 1.87824 21.225 3.2
      vertex 2.05628 21.4915 3.2
    endloop
  endfacet
  facet normal 0 0 1
    outer loop
      vertex 1.7365 27.0624 3.2
      vertex 1.87824 21.225 3.2
      vertex 1.87824 26.775 3.2
    endloop
  endfacet
  facet normal 0 0 1
    outer loop
      vertex 1.7365 27.0624 3.2
      vertex 1.7365 20.9376 3.2
      vertex 1.87824 21.225 3.2
    endloop
  endfacet
  facet normal 0 0 1
    outer loop
      vertex 1.63348 27.3659 3.2
      vertex 1.7365 20.9376 3.2
      vertex 1.7365 27.0624 3.2
    endloop
  endfacet
  facet normal 0 0 1
    outer loop
      vertex 1.63348 27.3659 3.2
      vertex 1.63348 20.6341 3.2
      vertex 1.7365 20.9376 3.2
    endloop
  endfacet
  facet normal 0 0 1
    outer loop
      vertex 1.57096 27.6802 3.2
      vertex 1.63348 20.6341 3.2
      vertex 1.63348 27.3659 3.2
    endloop
  endfacet
  facet normal 0 0 1
    outer loop
      vertex 1.57096 27.6802 3.2
      vertex 1.57096 20.3198 3.2
      vertex 1.63348 20.6341 3.2
    endloop
  endfacet
  facet normal 0 0 1
    outer loop
      vertex 1.55 28 3.2
      vertex 1.57096 20.3198 3.2
      vertex 1.57096 27.6802 3.2
    endloop
  endfacet
  facet normal 0 0 1
    outer loop
      vertex 1.57096 20.3198 3.2
      vertex 1.55 28 3.2
      vertex 1.55 20 3.2
    endloop
  endfacet
  facet normal -0 0 1
    outer loop
      vertex 6.42904 35.6802 3.2
      vertex 6.45 28 3.2
      vertex 6.45 36 3.2
    endloop
  endfacet
  facet normal 0 0 1
    outer loop
      vertex 6.42904 35.6802 3.2
      vertex 6.42904 28.3198 3.2
      vertex 6.45 28 3.2
    endloop
  endfacet
  facet normal -0 0 1
    outer loop
      vertex 6.36652 35.3659 3.2
      vertex 6.42904 28.3198 3.2
      vertex 6.42904 35.6802 3.2
    endloop
  endfacet
  facet normal 0 0 1
    outer loop
      vertex 6.36652 35.3659 3.2
      vertex 6.36652 28.6341 3.2
      vertex 6.42904 28.3198 3.2
    endloop
  endfacet
  facet normal -0 0 1
    outer loop
      vertex 6.2635 35.0624 3.2
      vertex 6.36652 28.6341 3.2
      vertex 6.36652 35.3659 3.2
    endloop
  endfacet
  facet normal 0 0 1
    outer loop
      vertex 6.2635 35.0624 3.2
      vertex 6.2635 28.9376 3.2
      vertex 6.36652 28.6341 3.2
    endloop
  endfacet
  facet normal -0 0 1
    outer loop
      vertex 6.12176 34.775 3.2
      vertex 6.2635 28.9376 3.2
      vertex 6.2635 35.0624 3.2
    endloop
  endfacet
  facet normal 0 0 1
    outer loop
      vertex 6.12176 34.775 3.2
      vertex 6.12176 29.225 3.2
      vertex 6.2635 28.9376 3.2
    endloop
  endfacet
  facet normal -0 0 1
    outer loop
      vertex 5.94372 34.5085 3.2
      vertex 6.12176 29.225 3.2
      vertex 6.12176 34.775 3.2
    endloop
  endfacet
  facet normal 0 0 1
    outer loop
      vertex 5.94372 34.5085 3.2
      vertex 5.94372 29.4915 3.2
      vertex 6.12176 29.225 3.2
    endloop
  endfacet
  facet normal -0 0 1
    outer loop
      vertex 5.73241 34.2676 3.2
      vertex 5.94372 29.4915 3.2
      vertex 5.94372 34.5085 3.2
    endloop
  endfacet
  facet normal 0 0 1
    outer loop
      vertex 5.73241 34.2676 3.2
      vertex 5.73241 29.7324 3.2
      vertex 5.94372 29.4915 3.2
    endloop
  endfacet
  facet normal -0 0 1
    outer loop
      vertex 5.49146 34.0563 3.2
      vertex 5.73241 29.7324 3.2
      vertex 5.73241 34.2676 3.2
    endloop
  endfacet
  facet normal 0 0 1
    outer loop
      vertex 5.49146 34.0563 3.2
      vertex 5.49146 29.9437 3.2
      vertex 5.73241 29.7324 3.2
    endloop
  endfacet
  facet normal -0 0 1
    outer loop
      vertex 5.225 33.8782 3.2
      vertex 5.49146 29.9437 3.2
      vertex 5.49146 34.0563 3.2
    endloop
  endfacet
  facet normal 0 0 1
    outer loop
      vertex 5.225 33.8782 3.2
      vertex 5.225 30.1218 3.2
      vertex 5.49146 29.9437 3.2
    endloop
  endfacet
  facet normal -0 0 1
    outer loop
      vertex 4.93757 33.7365 3.2
      vertex 5.225 30.1218 3.2
      vertex 5.225 33.8782 3.2
    endloop
  endfacet
  facet normal 0 0 1
    outer loop
      vertex 4.93757 33.7365 3.2
      vertex 4.93757 30.2635 3.2
      vertex 5.225 30.1218 3.2
    endloop
  endfacet
  facet normal -0 0 1
    outer loop
      vertex 4.63411 33.6335 3.2
      vertex 4.93757 30.2635 3.2
      vertex 4.93757 33.7365 3.2
    endloop
  endfacet
  facet normal 0 0 1
    outer loop
      vertex 4.63411 33.6335 3.2
      vertex 4.63411 30.3665 3.2
      vertex 4.93757 30.2635 3.2
    endloop
  endfacet
  facet normal -0 0 1
    outer loop
      vertex 4.31979 33.571 3.2
      vertex 4.63411 30.3665 3.2
      vertex 4.63411 33.6335 3.2
    endloop
  endfacet
  facet normal 0 0 1
    outer loop
      vertex 4.31979 33.571 3.2
      vertex 4.31979 30.429 3.2
      vertex 4.63411 30.3665 3.2
    endloop
  endfacet
  facet normal -0 0 1
    outer loop
      vertex 4 33.55 3.2
      vertex 4.31979 30.429 3.2
      vertex 4.31979 33.571 3.2
    endloop
  endfacet
  facet normal 0 0 1
    outer loop
      vertex 4 33.55 3.2
      vertex 4 30.45 3.2
      vertex 4.31979 30.429 3.2
    endloop
  endfacet
  facet normal 0 0 1
    outer loop
      vertex 3.68021 33.571 3.2
      vertex 4 30.45 3.2
      vertex 4 33.55 3.2
    endloop
  endfacet
  facet normal 0 0 1
    outer loop
      vertex 3.68021 33.571 3.2
      vertex 3.68021 30.429 3.2
      vertex 4 30.45 3.2
    endloop
  endfacet
  facet normal 0 0 1
    outer loop
      vertex 3.36589 33.6335 3.2
      vertex 3.68021 30.429 3.2
      vertex 3.68021 33.571 3.2
    endloop
  endfacet
  facet normal 0 0 1
    outer loop
      vertex 3.36589 33.6335 3.2
      vertex 3.36589 30.3665 3.2
      vertex 3.68021 30.429 3.2
    endloop
  endfacet
  facet normal 0 0 1
    outer loop
      vertex 3.06242 33.7365 3.2
      vertex 3.36589 30.3665 3.2
      vertex 3.36589 33.6335 3.2
    endloop
  endfacet
  facet normal 0 0 1
    outer loop
      vertex 3.06242 33.7365 3.2
      vertex 3.06242 30.2635 3.2
      vertex 3.36589 30.3665 3.2
    endloop
  endfacet
  facet normal 0 0 1
    outer loop
      vertex 2.775 33.8782 3.2
      vertex 3.06242 30.2635 3.2
      vertex 3.06242 33.7365 3.2
    endloop
  endfacet
  facet normal 0 0 1
    outer loop
      vertex 2.775 33.8782 3.2
      vertex 2.775 30.1218 3.2
      vertex 3.06242 30.2635 3.2
    endloop
  endfacet
  facet normal 0 0 1
    outer loop
      vertex 2.50853 34.0563 3.2
      vertex 2.775 30.1218 3.2
      vertex 2.775 33.8782 3.2
    endloop
  endfacet
  facet normal 0 0 1
    outer loop
      vertex 2.50853 34.0563 3.2
      vertex 2.50853 29.9437 3.2
      vertex 2.775 30.1218 3.2
    endloop
  endfacet
  facet normal 0 0 1
    outer loop
      vertex 2.26759 34.2676 3.2
      vertex 2.50853 29.9437 3.2
      vertex 2.50853 34.0563 3.2
    endloop
  endfacet
  facet normal 0 0 1
    outer loop
      vertex 2.26759 34.2676 3.2
      vertex 2.26759 29.7324 3.2
      vertex 2.50853 29.9437 3.2
    endloop
  endfacet
  facet normal 0 0 1
    outer loop
      vertex 2.05628 34.5085 3.2
      vertex 2.26759 29.7324 3.2
      vertex 2.26759 34.2676 3.2
    endloop
  endfacet
  facet normal 0 0 1
    outer loop
      vertex 2.05628 34.5085 3.2
      vertex 2.05628 29.4915 3.2
      vertex 2.26759 29.7324 3.2
    endloop
  endfacet
  facet normal 0 0 1
    outer loop
      vertex 1.87824 34.775 3.2
      vertex 2.05628 29.4915 3.2
      vertex 2.05628 34.5085 3.2
    endloop
  endfacet
  facet normal 0 0 1
    outer loop
      vertex 1.87824 34.775 3.2
      vertex 1.87824 29.225 3.2
      vertex 2.05628 29.4915 3.2
    endloop
  endfacet
  facet normal 0 0 1
    outer loop
      vertex 1.7365 35.0624 3.2
      vertex 1.87824 29.225 3.2
      vertex 1.87824 34.775 3.2
    endloop
  endfacet
  facet normal 0 0 1
    outer loop
      vertex 1.7365 35.0624 3.2
      vertex 1.7365 28.9376 3.2
      vertex 1.87824 29.225 3.2
    endloop
  endfacet
  facet normal 0 0 1
    outer loop
      vertex 1.63348 35.3659 3.2
      vertex 1.7365 28.9376 3.2
      vertex 1.7365 35.0624 3.2
    endloop
  endfacet
  facet normal 0 0 1
    outer loop
      vertex 1.63348 35.3659 3.2
      vertex 1.63348 28.6341 3.2
      vertex 1.7365 28.9376 3.2
    endloop
  endfacet
  facet normal 0 0 1
    outer loop
      vertex 1.57096 35.6802 3.2
      vertex 1.63348 28.6341 3.2
      vertex 1.63348 35.3659 3.2
    endloop
  endfacet
  facet normal 0 0 1
    outer loop
      vertex 1.57096 35.6802 3.2
      vertex 1.57096 28.3198 3.2
      vertex 1.63348 28.6341 3.2
    endloop
  endfacet
  facet normal 0 0 1
    outer loop
      vertex 1.55 36 3.2
      vertex 1.57096 28.3198 3.2
      vertex 1.57096 35.6802 3.2
    endloop
  endfacet
  facet normal 0 0 1
    outer loop
      vertex 1.57096 28.3198 3.2
      vertex 1.55 36 3.2
      vertex 1.55 28 3.2
    endloop
  endfacet
  facet normal 0 0 1
    outer loop
      vertex 6.42904 36.3198 3.2
      vertex 9.63348 51.3659 3.2
      vertex 6.42904 43.6802 3.2
    endloop
  endfacet
  facet normal 0 0 1
    outer loop
      vertex 9.63348 51.3659 3.2
      vertex 6.42904 36.3198 3.2
      vertex 6.45 36 3.2
    endloop
  endfacet
  facet normal -0 0 1
    outer loop
      vertex 6.36652 43.3659 3.2
      vertex 6.42904 36.3198 3.2
      vertex 6.42904 43.6802 3.2
    endloop
  endfacet
  facet normal 0 0 1
    outer loop
      vertex 6.36652 43.3659 3.2
      vertex 6.36652 36.6341 3.2
      vertex 6.42904 36.3198 3.2
    endloop
  endfacet
  facet normal -0 0 1
    outer loop
      vertex 6.2635 43.0624 3.2
      vertex 6.36652 36.6341 3.2
      vertex 6.36652 43.3659 3.2
    endloop
  endfacet
  facet normal 0 0 1
    outer loop
      vertex 6.2635 43.0624 3.2
      vertex 6.2635 36.9376 3.2
      vertex 6.36652 36.6341 3.2
    endloop
  endfacet
  facet normal -0 0 1
    outer loop
      vertex 6.12176 42.775 3.2
      vertex 6.2635 36.9376 3.2
      vertex 6.2635 43.0624 3.2
    endloop
  endfacet
  facet normal 0 0 1
    outer loop
      vertex 6.12176 42.775 3.2
      vertex 6.12176 37.225 3.2
      vertex 6.2635 36.9376 3.2
    endloop
  endfacet
  facet normal -0 0 1
    outer loop
      vertex 5.94372 42.5085 3.2
      vertex 6.12176 37.225 3.2
      vertex 6.12176 42.775 3.2
    endloop
  endfacet
  facet normal 0 0 1
    outer loop
      vertex 5.94372 42.5085 3.2
      vertex 5.94372 37.4915 3.2
      vertex 6.12176 37.225 3.2
    endloop
  endfacet
  facet normal -0 0 1
    outer loop
      vertex 5.73241 42.2676 3.2
      vertex 5.94372 37.4915 3.2
      vertex 5.94372 42.5085 3.2
    endloop
  endfacet
  facet normal 0 0 1
    outer loop
      vertex 5.73241 42.2676 3.2
      vertex 5.73241 37.7324 3.2
      vertex 5.94372 37.4915 3.2
    endloop
  endfacet
  facet normal -0 0 1
    outer loop
      vertex 5.49146 42.0563 3.2
      vertex 5.73241 37.7324 3.2
      vertex 5.73241 42.2676 3.2
    endloop
  endfacet
  facet normal 0 0 1
    outer loop
      vertex 5.49146 42.0563 3.2
      vertex 5.49146 37.9437 3.2
      vertex 5.73241 37.7324 3.2
    endloop
  endfacet
  facet normal -0 0 1
    outer loop
      vertex 5.225 41.8782 3.2
      vertex 5.49146 37.9437 3.2
      vertex 5.49146 42.0563 3.2
    endloop
  endfacet
  facet normal 0 0 1
    outer loop
      vertex 5.225 41.8782 3.2
      vertex 5.225 38.1218 3.2
      vertex 5.49146 37.9437 3.2
    endloop
  endfacet
  facet normal -0 0 1
    outer loop
      vertex 4.93757 41.7365 3.2
      vertex 5.225 38.1218 3.2
      vertex 5.225 41.8782 3.2
    endloop
  endfacet
  facet normal 0 0 1
    outer loop
      vertex 4.93757 41.7365 3.2
      vertex 4.93757 38.2635 3.2
      vertex 5.225 38.1218 3.2
    endloop
  endfacet
  facet normal -0 0 1
    outer loop
      vertex 4.63411 41.6335 3.2
      vertex 4.93757 38.2635 3.2
      vertex 4.93757 41.7365 3.2
    endloop
  endfacet
  facet normal 0 0 1
    outer loop
      vertex 4.63411 41.6335 3.2
      vertex 4.63411 38.3665 3.2
      vertex 4.93757 38.2635 3.2
    endloop
  endfacet
  facet normal -0 0 1
    outer loop
      vertex 4.31979 41.571 3.2
      vertex 4.63411 38.3665 3.2
      vertex 4.63411 41.6335 3.2
    endloop
  endfacet
  facet normal 0 0 1
    outer loop
      vertex 4.31979 41.571 3.2
      vertex 4.31979 38.429 3.2
      vertex 4.63411 38.3665 3.2
    endloop
  endfacet
  facet normal -0 0 1
    outer loop
      vertex 4 41.55 3.2
      vertex 4.31979 38.429 3.2
      vertex 4.31979 41.571 3.2
    endloop
  endfacet
  facet normal 0 0 1
    outer loop
      vertex 4 41.55 3.2
      vertex 4 38.45 3.2
      vertex 4.31979 38.429 3.2
    endloop
  endfacet
  facet normal 0 0 1
    outer loop
      vertex 3.68021 41.571 3.2
      vertex 4 38.45 3.2
      vertex 4 41.55 3.2
    endloop
  endfacet
  facet normal 0 0 1
    outer loop
      vertex 3.68021 41.571 3.2
      vertex 3.68021 38.429 3.2
      vertex 4 38.45 3.2
    endloop
  endfacet
  facet normal 0 0 1
    outer loop
      vertex 3.36589 41.6335 3.2
      vertex 3.68021 38.429 3.2
      vertex 3.68021 41.571 3.2
    endloop
  endfacet
  facet normal 0 0 1
    outer loop
      vertex 3.36589 41.6335 3.2
      vertex 3.36589 38.3665 3.2
      vertex 3.68021 38.429 3.2
    endloop
  endfacet
  facet normal 0 0 1
    outer loop
      vertex 3.06242 41.7365 3.2
      vertex 3.36589 38.3665 3.2
      vertex 3.36589 41.6335 3.2
    endloop
  endfacet
  facet normal 0 0 1
    outer loop
      vertex 3.06242 41.7365 3.2
      vertex 3.06242 38.2635 3.2
      vertex 3.36589 38.3665 3.2
    endloop
  endfacet
  facet normal 0 0 1
    outer loop
      vertex 2.775 41.8782 3.2
      vertex 3.06242 38.2635 3.2
      vertex 3.06242 41.7365 3.2
    endloop
  endfacet
  facet normal 0 0 1
    outer loop
      vertex 2.775 41.8782 3.2
      vertex 2.775 38.1218 3.2
      vertex 3.06242 38.2635 3.2
    endloop
  endfacet
  facet normal 0 0 1
    outer loop
      vertex 2.50853 42.0563 3.2
      vertex 2.775 38.1218 3.2
      vertex 2.775 41.8782 3.2
    endloop
  endfacet
  facet normal 0 0 1
    outer loop
      vertex 2.50853 42.0563 3.2
      vertex 2.50853 37.9437 3.2
      vertex 2.775 38.1218 3.2
    endloop
  endfacet
  facet normal 0 0 1
    outer loop
      vertex 2.26759 42.2676 3.2
      vertex 2.50853 37.9437 3.2
      vertex 2.50853 42.0563 3.2
    endloop
  endfacet
  facet normal 0 0 1
    outer loop
      vertex 2.26759 42.2676 3.2
      vertex 2.26759 37.7324 3.2
      vertex 2.50853 37.9437 3.2
    endloop
  endfacet
  facet normal 0 0 1
    outer loop
      vertex 2.05628 42.5085 3.2
      vertex 2.26759 37.7324 3.2
      vertex 2.26759 42.2676 3.2
    endloop
  endfacet
  facet normal 0 0 1
    outer loop
      vertex 2.05628 42.5085 3.2
      vertex 2.05628 37.4915 3.2
      vertex 2.26759 37.7324 3.2
    endloop
  endfacet
  facet normal 0 0 1
    outer loop
      vertex 1.87824 42.775 3.2
      vertex 2.05628 37.4915 3.2
      vertex 2.05628 42.5085 3.2
    endloop
  endfacet
  facet normal 0 0 1
    outer loop
      vertex 1.87824 42.775 3.2
      vertex 1.87824 37.225 3.2
      vertex 2.05628 37.4915 3.2
    endloop
  endfacet
  facet normal 0 0 1
    outer loop
      vertex 1.7365 43.0624 3.2
      vertex 1.87824 37.225 3.2
      vertex 1.87824 42.775 3.2
    endloop
  endfacet
  facet normal 0 0 1
    outer loop
      vertex 1.7365 43.0624 3.2
      vertex 1.7365 36.9376 3.2
      vertex 1.87824 37.225 3.2
    endloop
  endfacet
  facet normal 0 0 1
    outer loop
      vertex 1.63348 43.3659 3.2
      vertex 1.7365 36.9376 3.2
      vertex 1.7365 43.0624 3.2
    endloop
  endfacet
  facet normal 0 0 1
    outer loop
      vertex 1.63348 43.3659 3.2
      vertex 1.63348 36.6341 3.2
      vertex 1.7365 36.9376 3.2
    endloop
  endfacet
  facet normal 0 0 1
    outer loop
      vertex 1.57096 43.6802 3.2
      vertex 1.63348 36.6341 3.2
      vertex 1.63348 43.3659 3.2
    endloop
  endfacet
  facet normal 0 0 1
    outer loop
      vertex 1.57096 43.6802 3.2
      vertex 1.57096 36.3198 3.2
      vertex 1.63348 36.6341 3.2
    endloop
  endfacet
  facet normal 0 0 1
    outer loop
      vertex 1.55 44 3.2
      vertex 1.57096 36.3198 3.2
      vertex 1.57096 43.6802 3.2
    endloop
  endfacet
  facet normal 0 0 1
    outer loop
      vertex 1.57096 36.3198 3.2
      vertex 1.55 44 3.2
      vertex 1.55 36 3.2
    endloop
  endfacet
  facet normal 0 0 1
    outer loop
      vertex 6.36652 51.3659 3.2
      vertex 9.63348 51.3659 3.2
      vertex 6.42904 51.6802 3.2
    endloop
  endfacet
  facet normal 0 0 1
    outer loop
      vertex 9.63348 51.3659 3.2
      vertex 6.42904 44.3198 3.2
      vertex 6.45 44 3.2
    endloop
  endfacet
  facet normal 0 0 1
    outer loop
      vertex 6.2635 51.0624 3.2
      vertex 9.63348 51.3659 3.2
      vertex 6.36652 51.3659 3.2
    endloop
  endfacet
  facet normal 0 0 1
    outer loop
      vertex 9.63348 51.3659 3.2
      vertex 6.36652 44.6341 3.2
      vertex 6.42904 44.3198 3.2
    endloop
  endfacet
  facet normal 0 0 1
    outer loop
      vertex 6.12176 50.775 3.2
      vertex 9.63348 51.3659 3.2
      vertex 6.2635 51.0624 3.2
    endloop
  endfacet
  facet normal 0 0 1
    outer loop
      vertex 9.63348 51.3659 3.2
      vertex 6.2635 44.9376 3.2
      vertex 6.36652 44.6341 3.2
    endloop
  endfacet
  facet normal 0 0 1
    outer loop
      vertex 5.94372 50.5085 3.2
      vertex 9.63348 51.3659 3.2
      vertex 6.12176 50.775 3.2
    endloop
  endfacet
  facet normal 0 0 1
    outer loop
      vertex 9.63348 51.3659 3.2
      vertex 6.12176 45.225 3.2
      vertex 6.2635 44.9376 3.2
    endloop
  endfacet
  facet normal 0 0 1
    outer loop
      vertex 5.73241 50.2676 3.2
      vertex 9.63348 51.3659 3.2
      vertex 5.94372 50.5085 3.2
    endloop
  endfacet
  facet normal 0 0 1
    outer loop
      vertex 9.63348 51.3659 3.2
      vertex 5.94372 45.4915 3.2
      vertex 6.12176 45.225 3.2
    endloop
  endfacet
  facet normal 0 0 1
    outer loop
      vertex 5.73241 45.7324 3.2
      vertex 9.63348 51.3659 3.2
      vertex 5.73241 50.2676 3.2
    endloop
  endfacet
  facet normal 0 0 1
    outer loop
      vertex 9.63348 51.3659 3.2
      vertex 5.73241 45.7324 3.2
      vertex 5.94372 45.4915 3.2
    endloop
  endfacet
  facet normal -0 0 1
    outer loop
      vertex 5.49146 50.0563 3.2
      vertex 5.73241 45.7324 3.2
      vertex 5.73241 50.2676 3.2
    endloop
  endfacet
  facet normal 0 0 1
    outer loop
      vertex 5.49146 50.0563 3.2
      vertex 5.49146 45.9437 3.2
      vertex 5.73241 45.7324 3.2
    endloop
  endfacet
  facet normal -0 0 1
    outer loop
      vertex 5.225 49.8782 3.2
      vertex 5.49146 45.9437 3.2
      vertex 5.49146 50.0563 3.2
    endloop
  endfacet
  facet normal 0 0 1
    outer loop
      vertex 5.225 49.8782 3.2
      vertex 5.225 46.1218 3.2
      vertex 5.49146 45.9437 3.2
    endloop
  endfacet
  facet normal -0 0 1
    outer loop
      vertex 4.93757 49.7365 3.2
      vertex 5.225 46.1218 3.2
      vertex 5.225 49.8782 3.2
    endloop
  endfacet
  facet normal 0 0 1
    outer loop
      vertex 4.93757 49.7365 3.2
      vertex 4.93757 46.2635 3.2
      vertex 5.225 46.1218 3.2
    endloop
  endfacet
  facet normal -0 0 1
    outer loop
      vertex 4.63411 49.6335 3.2
      vertex 4.93757 46.2635 3.2
      vertex 4.93757 49.7365 3.2
    endloop
  endfacet
  facet normal 0 0 1
    outer loop
      vertex 4.63411 49.6335 3.2
      vertex 4.63411 46.3665 3.2
      vertex 4.93757 46.2635 3.2
    endloop
  endfacet
  facet normal -0 0 1
    outer loop
      vertex 4.31979 49.571 3.2
      vertex 4.63411 46.3665 3.2
      vertex 4.63411 49.6335 3.2
    endloop
  endfacet
  facet normal 0 0 1
    outer loop
      vertex 4.31979 49.571 3.2
      vertex 4.31979 46.429 3.2
      vertex 4.63411 46.3665 3.2
    endloop
  endfacet
  facet normal -0 0 1
    outer loop
      vertex 4 49.55 3.2
      vertex 4.31979 46.429 3.2
      vertex 4.31979 49.571 3.2
    endloop
  endfacet
  facet normal 0 0 1
    outer loop
      vertex 4 49.55 3.2
      vertex 4 46.45 3.2
      vertex 4.31979 46.429 3.2
    endloop
  endfacet
  facet normal 0 0 1
    outer loop
      vertex 3.68021 49.571 3.2
      vertex 4 46.45 3.2
      vertex 4 49.55 3.2
    endloop
  endfacet
  facet normal 0 0 1
    outer loop
      vertex 3.68021 49.571 3.2
      vertex 3.68021 46.429 3.2
      vertex 4 46.45 3.2
    endloop
  endfacet
  facet normal 0 0 1
    outer loop
      vertex 3.36589 49.6335 3.2
      vertex 3.68021 46.429 3.2
      vertex 3.68021 49.571 3.2
    endloop
  endfacet
  facet normal 0 0 1
    outer loop
      vertex 3.36589 49.6335 3.2
      vertex 3.36589 46.3665 3.2
      vertex 3.68021 46.429 3.2
    endloop
  endfacet
  facet normal 0 0 1
    outer loop
      vertex 3.06242 49.7365 3.2
      vertex 3.36589 46.3665 3.2
      vertex 3.36589 49.6335 3.2
    endloop
  endfacet
  facet normal 0 0 1
    outer loop
      vertex 3.06242 49.7365 3.2
      vertex 3.06242 46.2635 3.2
      vertex 3.36589 46.3665 3.2
    endloop
  endfacet
  facet normal 0 0 1
    outer loop
      vertex 2.775 49.8782 3.2
      vertex 3.06242 46.2635 3.2
      vertex 3.06242 49.7365 3.2
    endloop
  endfacet
  facet normal 0 0 1
    outer loop
      vertex 2.775 49.8782 3.2
      vertex 2.775 46.1218 3.2
      vertex 3.06242 46.2635 3.2
    endloop
  endfacet
  facet normal 0 0 1
    outer loop
      vertex 2.50853 50.0563 3.2
      vertex 2.775 46.1218 3.2
      vertex 2.775 49.8782 3.2
    endloop
  endfacet
  facet normal 0 0 1
    outer loop
      vertex 2.50853 50.0563 3.2
      vertex 2.50853 45.9437 3.2
      vertex 2.775 46.1218 3.2
    endloop
  endfacet
  facet normal 0 0 1
    outer loop
      vertex 2.26759 50.2676 3.2
      vertex 2.50853 45.9437 3.2
      vertex 2.50853 50.0563 3.2
    endloop
  endfacet
  facet normal 0 0 1
    outer loop
      vertex 2.26759 50.2676 3.2
      vertex 2.26759 45.7324 3.2
      vertex 2.50853 45.9437 3.2
    endloop
  endfacet
  facet normal 0 0 1
    outer loop
      vertex 2.05628 50.5085 3.2
      vertex 2.26759 45.7324 3.2
      vertex 2.26759 50.2676 3.2
    endloop
  endfacet
  facet normal 0 0 1
    outer loop
      vertex 2.05628 50.5085 3.2
      vertex 2.05628 45.4915 3.2
      vertex 2.26759 45.7324 3.2
    endloop
  endfacet
  facet normal 0 0 1
    outer loop
      vertex 1.87824 50.775 3.2
      vertex 2.05628 45.4915 3.2
      vertex 2.05628 50.5085 3.2
    endloop
  endfacet
  facet normal 0 0 1
    outer loop
      vertex 1.87824 50.775 3.2
      vertex 1.87824 45.225 3.2
      vertex 2.05628 45.4915 3.2
    endloop
  endfacet
  facet normal 0 0 1
    outer loop
      vertex 1.7365 51.0624 3.2
      vertex 1.87824 45.225 3.2
      vertex 1.87824 50.775 3.2
    endloop
  endfacet
  facet normal 0 0 1
    outer loop
      vertex 1.7365 51.0624 3.2
      vertex 1.7365 44.9376 3.2
      vertex 1.87824 45.225 3.2
    endloop
  endfacet
  facet normal 0 0 1
    outer loop
      vertex 1.63348 51.3659 3.2
      vertex 1.7365 44.9376 3.2
      vertex 1.7365 51.0624 3.2
    endloop
  endfacet
  facet normal 0 0 1
    outer loop
      vertex 1.63348 51.3659 3.2
      vertex 1.63348 44.6341 3.2
      vertex 1.7365 44.9376 3.2
    endloop
  endfacet
  facet normal 0 0 1
    outer loop
      vertex 1.57096 51.6802 3.2
      vertex 1.63348 44.6341 3.2
      vertex 1.63348 51.3659 3.2
    endloop
  endfacet
  facet normal 0 0 1
    outer loop
      vertex 1.57096 51.6802 3.2
      vertex 1.57096 44.3198 3.2
      vertex 1.63348 44.6341 3.2
    endloop
  endfacet
  facet normal 0 0 1
    outer loop
      vertex 0 56 3.2
      vertex 1.57096 51.6802 3.2
      vertex 1.55 52 3.2
    endloop
  endfacet
  facet normal 0 0 1
    outer loop
      vertex 1.57096 51.6802 3.2
      vertex 0 56 3.2
      vertex 1.57096 44.3198 3.2
    endloop
  endfacet
  facet normal -0 0 1
    outer loop
      vertex 7.82183 54.429 3.2
      vertex 9.7365 52.9376 3.2
      vertex 7.95459 54.5454 3.2
    endloop
  endfacet
  facet normal 0 0 1
    outer loop
      vertex 9.63348 51.3659 3.2
      vertex 8.33845 6.67621 3.2
      vertex 8.35 6.5 3.2
    endloop
  endfacet
  facet normal -0 0 1
    outer loop
      vertex 7.675 54.3309 3.2
      vertex 9.7365 52.9376 3.2
      vertex 7.82183 54.429 3.2
    endloop
  endfacet
  facet normal 0 0 1
    outer loop
      vertex 6.45 28 3.2
      vertex 9.63348 51.3659 3.2
      vertex 6.45 36 3.2
    endloop
  endfacet
  facet normal 0 0 1
    outer loop
      vertex 9.7365 52.9376 3.2
      vertex 7.675 54.3309 3.2
      vertex 9.63348 52.6341 3.2
    endloop
  endfacet
  facet normal 0 0 1
    outer loop
      vertex 9.63348 51.3659 3.2
      vertex 6.45 28 3.2
      vertex 8.33845 6.67621 3.2
    endloop
  endfacet
  facet normal -0 0 1
    outer loop
      vertex 7.51662 54.2528 3.2
      vertex 9.63348 52.6341 3.2
      vertex 7.675 54.3309 3.2
    endloop
  endfacet
  facet normal 0 0 1
    outer loop
      vertex 8.33845 6.67621 3.2
      vertex 6.45 28 3.2
      vertex 8.304 6.84941 3.2
    endloop
  endfacet
  facet normal 0 0 1
    outer loop
      vertex 9.63348 52.6341 3.2
      vertex 7.51662 54.2528 3.2
      vertex 9.57096 52.3198 3.2
    endloop
  endfacet
  facet normal -0 0 1
    outer loop
      vertex 6.45 20 3.2
      vertex 8.304 6.84941 3.2
      vertex 6.45 28 3.2
    endloop
  endfacet
  facet normal 0 0 1
    outer loop
      vertex 6.42904 52.3198 3.2
      vertex 9.57096 52.3198 3.2
      vertex 7.51662 54.2528 3.2
    endloop
  endfacet
  facet normal 0 0 1
    outer loop
      vertex 8.304 6.84941 3.2
      vertex 6.45 20 3.2
      vertex 8.24724 7.01662 3.2
    endloop
  endfacet
  facet normal 0 0 1
    outer loop
      vertex 9.57096 52.3198 3.2
      vertex 6.42904 52.3198 3.2
      vertex 9.55 52 3.2
    endloop
  endfacet
  facet normal -0 0 1
    outer loop
      vertex 6.42904 19.6802 3.2
      vertex 8.24724 7.01662 3.2
      vertex 6.45 20 3.2
    endloop
  endfacet
  facet normal 0 -0 1
    outer loop
      vertex 6.45 52 3.2
      vertex 9.55 52 3.2
      vertex 6.42904 52.3198 3.2
    endloop
  endfacet
  facet normal 0 0 1
    outer loop
      vertex 8.24724 7.01662 3.2
      vertex 6.42904 19.6802 3.2
      vertex 8.16913 7.175 3.2
    endloop
  endfacet
  facet normal 0 0 1
    outer loop
      vertex 9.55 52 3.2
      vertex 6.45 52 3.2
      vertex 9.57096 51.6802 3.2
    endloop
  endfacet
  facet normal 0 0 1
    outer loop
      vertex 8.16913 7.175 3.2
      vertex 6.45 12 3.2
      vertex 8.07103 7.32183 3.2
    endloop
  endfacet
  facet normal 0 0 1
    outer loop
      vertex 6.42904 52.3198 3.2
      vertex 7.51662 54.2528 3.2
      vertex 7.34941 54.196 3.2
    endloop
  endfacet
  facet normal 0 0 1
    outer loop
      vertex 8.07103 7.32183 3.2
      vertex 6.45 12 3.2
      vertex 7.95459 7.45459 3.2
    endloop
  endfacet
  facet normal 0 0 1
    outer loop
      vertex 6.36652 52.6341 3.2
      vertex 7.34941 54.196 3.2
      vertex 7.17621 54.1615 3.2
    endloop
  endfacet
  facet normal -0 0 1
    outer loop
      vertex 6.42904 11.6802 3.2
      vertex 7.95459 7.45459 3.2
      vertex 6.45 12 3.2
    endloop
  endfacet
  facet normal 0 0 1
    outer loop
      vertex 6.2635 52.9376 3.2
      vertex 7.17621 54.1615 3.2
      vertex 7 54.15 3.2
    endloop
  endfacet
  facet normal 0 0 1
    outer loop
      vertex 7.95459 7.45459 3.2
      vertex 6.42904 11.6802 3.2
      vertex 7.82183 7.57103 3.2
    endloop
  endfacet
  facet normal 0 0 1
    outer loop
      vertex 6.2635 52.9376 3.2
      vertex 7 54.15 3.2
      vertex 6.82379 54.1615 3.2
    endloop
  endfacet
  facet normal -0 0 1
    outer loop
      vertex 6.36652 11.3659 3.2
      vertex 7.82183 7.57103 3.2
      vertex 6.42904 11.6802 3.2
    endloop
  endfacet
  facet normal 0 0 1
    outer loop
      vertex 6.12176 53.225 3.2
      vertex 6.82379 54.1615 3.2
      vertex 6.65059 54.196 3.2
    endloop
  endfacet
  facet normal 0 0 1
    outer loop
      vertex 7.82183 7.57103 3.2
      vertex 6.36652 11.3659 3.2
      vertex 7.675 7.66913 3.2
    endloop
  endfacet
  facet normal 0 0 1
    outer loop
      vertex 5.94372 53.4915 3.2
      vertex 6.65059 54.196 3.2
      vertex 6.48338 54.2528 3.2
    endloop
  endfacet
  facet normal 0 0 1
    outer loop
      vertex 6.42904 43.6802 3.2
      vertex 9.63348 51.3659 3.2
      vertex 6.45 44 3.2
    endloop
  endfacet
  facet normal 0 0 1
    outer loop
      vertex 9.57096 51.6802 3.2
      vertex 6.42904 51.6802 3.2
      vertex 9.63348 51.3659 3.2
    endloop
  endfacet
  facet normal 0 0 1
    outer loop
      vertex 6.42904 51.6802 3.2
      vertex 9.57096 51.6802 3.2
      vertex 6.45 52 3.2
    endloop
  endfacet
  facet normal 0 0 1
    outer loop
      vertex 7.34941 54.196 3.2
      vertex 6.36652 52.6341 3.2
      vertex 6.42904 52.3198 3.2
    endloop
  endfacet
  facet normal 0 0 1
    outer loop
      vertex 5.94372 53.4915 3.2
      vertex 6.48338 54.2528 3.2
      vertex 6.325 54.3309 3.2
    endloop
  endfacet
  facet normal 0 0 1
    outer loop
      vertex 7.17621 54.1615 3.2
      vertex 6.2635 52.9376 3.2
      vertex 6.36652 52.6341 3.2
    endloop
  endfacet
  facet normal 0 0 1
    outer loop
      vertex 5.73241 53.7324 3.2
      vertex 6.325 54.3309 3.2
      vertex 6.17817 54.429 3.2
    endloop
  endfacet
  facet normal 0 0 1
    outer loop
      vertex 6.82379 54.1615 3.2
      vertex 6.12176 53.225 3.2
      vertex 6.2635 52.9376 3.2
    endloop
  endfacet
  facet normal 0 0 1
    outer loop
      vertex 5.49146 53.9437 3.2
      vertex 6.17817 54.429 3.2
      vertex 6.04541 54.5454 3.2
    endloop
  endfacet
  facet normal 0 0 1
    outer loop
      vertex 6.65059 54.196 3.2
      vertex 5.94372 53.4915 3.2
      vertex 6.12176 53.225 3.2
    endloop
  endfacet
  facet normal 0 0 1
    outer loop
      vertex 5.49146 53.9437 3.2
      vertex 6.04541 54.5454 3.2
      vertex 5.92897 54.6782 3.2
    endloop
  endfacet
  facet normal 0 0 1
    outer loop
      vertex 5.49146 53.9437 3.2
      vertex 5.92897 54.6782 3.2
      vertex 5.83086 54.825 3.2
    endloop
  endfacet
  facet normal 0 0 1
    outer loop
      vertex 5.49146 53.9437 3.2
      vertex 5.83086 54.825 3.2
      vertex 5.75276 54.9834 3.2
    endloop
  endfacet
  facet normal 0 0 1
    outer loop
      vertex 6.325 54.3309 3.2
      vertex 5.73241 53.7324 3.2
      vertex 5.94372 53.4915 3.2
    endloop
  endfacet
  facet normal 0 0 1
    outer loop
      vertex 5.49146 53.9437 3.2
      vertex 5.75276 54.9834 3.2
      vertex 5.696 55.1506 3.2
    endloop
  endfacet
  facet normal 0 0 1
    outer loop
      vertex 5.49146 53.9437 3.2
      vertex 5.696 55.1506 3.2
      vertex 5.66155 55.3238 3.2
    endloop
  endfacet
  facet normal 0 0 1
    outer loop
      vertex 5.49146 53.9437 3.2
      vertex 5.66155 55.3238 3.2
      vertex 5.65 55.5 3.2
    endloop
  endfacet
  facet normal 0 0 1
    outer loop
      vertex 6.17817 54.429 3.2
      vertex 5.49146 53.9437 3.2
      vertex 5.73241 53.7324 3.2
    endloop
  endfacet
  facet normal 0 0 1
    outer loop
      vertex 18.2676 50.2676 3.2
      vertex 13.7324 50.2676 3.2
      vertex 18.5085 50.0563 3.2
    endloop
  endfacet
  facet normal 0 0 1
    outer loop
      vertex 18.775 6.12176 3.2
      vertex 14.429 4.31979 3.2
      vertex 14.45 4 3.2
    endloop
  endfacet
  facet normal 0 0 1
    outer loop
      vertex 13.4915 50.0563 3.2
      vertex 18.5085 50.0563 3.2
      vertex 13.7324 50.2676 3.2
    endloop
  endfacet
  facet normal 0 0 1
    outer loop
      vertex 18.775 6.12176 3.2
      vertex 14.3665 4.63411 3.2
      vertex 14.429 4.31979 3.2
    endloop
  endfacet
  facet normal 0 0 1
    outer loop
      vertex 18.5085 50.0563 3.2
      vertex 13.4915 50.0563 3.2
      vertex 18.775 49.8782 3.2
    endloop
  endfacet
  facet normal 0 0 1
    outer loop
      vertex 18.775 6.12176 3.2
      vertex 14.2635 4.93757 3.2
      vertex 14.3665 4.63411 3.2
    endloop
  endfacet
  facet normal 0 0 1
    outer loop
      vertex 13.225 49.8782 3.2
      vertex 18.775 49.8782 3.2
      vertex 13.4915 50.0563 3.2
    endloop
  endfacet
  facet normal 0 0 1
    outer loop
      vertex 18.775 6.12176 3.2
      vertex 14.1218 5.225 3.2
      vertex 14.2635 4.93757 3.2
    endloop
  endfacet
  facet normal 0 0 1
    outer loop
      vertex 18.775 49.8782 3.2
      vertex 13.225 49.8782 3.2
      vertex 19.0624 49.7365 3.2
    endloop
  endfacet
  facet normal 0 0 1
    outer loop
      vertex 18.775 6.12176 3.2
      vertex 13.9437 5.49146 3.2
      vertex 14.1218 5.225 3.2
    endloop
  endfacet
  facet normal 0 0 1
    outer loop
      vertex 12.9376 49.7365 3.2
      vertex 19.0624 49.7365 3.2
      vertex 13.225 49.8782 3.2
    endloop
  endfacet
  facet normal 0 0 1
    outer loop
      vertex 18.775 6.12176 3.2
      vertex 13.7324 5.73241 3.2
      vertex 13.9437 5.49146 3.2
    endloop
  endfacet
  facet normal 0 0 1
    outer loop
      vertex 12.6341 49.6335 3.2
      vertex 19.0624 49.7365 3.2
      vertex 12.9376 49.7365 3.2
    endloop
  endfacet
  facet normal 0 0 1
    outer loop
      vertex 18.775 6.12176 3.2
      vertex 13.4915 5.94372 3.2
      vertex 13.7324 5.73241 3.2
    endloop
  endfacet
  facet normal 0 0 1
    outer loop
      vertex 12.3198 49.571 3.2
      vertex 19.0624 49.7365 3.2
      vertex 12.6341 49.6335 3.2
    endloop
  endfacet
  facet normal 0 0 1
    outer loop
      vertex 18.775 6.12176 3.2
      vertex 13.225 6.12176 3.2
      vertex 13.4915 5.94372 3.2
    endloop
  endfacet
  facet normal 0 0 1
    outer loop
      vertex 19.0624 49.7365 3.2
      vertex 12.3198 49.571 3.2
      vertex 19.0624 6.2635 3.2
    endloop
  endfacet
  facet normal 0 0 1
    outer loop
      vertex 18.775 6.12176 3.2
      vertex 12.9376 6.2635 3.2
      vertex 13.225 6.12176 3.2
    endloop
  endfacet
  facet normal 0 -0 1
    outer loop
      vertex 12.9376 6.2635 3.2
      vertex 19.0624 6.2635 3.2
      vertex 12.6341 6.36652 3.2
    endloop
  endfacet
  facet normal 0 0 1
    outer loop
      vertex 19.0624 6.2635 3.2
      vertex 12.9376 6.2635 3.2
      vertex 18.775 6.12176 3.2
    endloop
  endfacet
  facet normal -0 0 1
    outer loop
      vertex 12.3198 6.42904 3.2
      vertex 19.0624 6.2635 3.2
      vertex 12.3198 49.571 3.2
    endloop
  endfacet
  facet normal 0 0 1
    outer loop
      vertex 19.0624 6.2635 3.2
      vertex 12.3198 6.42904 3.2
      vertex 12.6341 6.36652 3.2
    endloop
  endfacet
  facet normal -0 0 1
    outer loop
      vertex 12 49.55 3.2
      vertex 12.3198 6.42904 3.2
      vertex 12.3198 49.571 3.2
    endloop
  endfacet
  facet normal 0 0 1
    outer loop
      vertex 12 49.55 3.2
      vertex 12 6.45 3.2
      vertex 12.3198 6.42904 3.2
    endloop
  endfacet
  facet normal 0 0 1
    outer loop
      vertex 11.6802 49.571 3.2
      vertex 12 6.45 3.2
      vertex 12 49.55 3.2
    endloop
  endfacet
  facet normal 0 0 1
    outer loop
      vertex 11.6802 49.571 3.2
      vertex 11.6802 6.42904 3.2
      vertex 12 6.45 3.2
    endloop
  endfacet
  facet normal 0 0 1
    outer loop
      vertex 8.35 6.5 3.2
      vertex 11.6802 49.571 3.2
      vertex 11.3659 49.6335 3.2
    endloop
  endfacet
  facet normal 0 0 1
    outer loop
      vertex 11.6802 49.571 3.2
      vertex 8.35 6.5 3.2
      vertex 11.6802 6.42904 3.2
    endloop
  endfacet
  facet normal 0 0 1
    outer loop
      vertex 8.35 6.5 3.2
      vertex 11.3659 49.6335 3.2
      vertex 11.0624 49.7365 3.2
    endloop
  endfacet
  facet normal 0 0 1
    outer loop
      vertex 11.6802 6.42904 3.2
      vertex 8.35 6.5 3.2
      vertex 11.3659 6.36652 3.2
    endloop
  endfacet
  facet normal 0 0 1
    outer loop
      vertex 8.35 6.5 3.2
      vertex 11.0624 49.7365 3.2
      vertex 10.775 49.8782 3.2
    endloop
  endfacet
  facet normal 0 0 1
    outer loop
      vertex 11.3659 6.36652 3.2
      vertex 8.35 6.5 3.2
      vertex 11.0624 6.2635 3.2
    endloop
  endfacet
  facet normal 0 0 1
    outer loop
      vertex 8.35 6.5 3.2
      vertex 10.775 49.8782 3.2
      vertex 10.5085 50.0563 3.2
    endloop
  endfacet
  facet normal 0 0 1
    outer loop
      vertex 11.0624 6.2635 3.2
      vertex 8.35 6.5 3.2
      vertex 10.775 6.12176 3.2
    endloop
  endfacet
  facet normal 0 0 1
    outer loop
      vertex 8.35 6.5 3.2
      vertex 10.5085 50.0563 3.2
      vertex 10.2676 50.2676 3.2
    endloop
  endfacet
  facet normal 0 0 1
    outer loop
      vertex 10.775 6.12176 3.2
      vertex 8.35 6.5 3.2
      vertex 10.5085 5.94372 3.2
    endloop
  endfacet
  facet normal 0 0 1
    outer loop
      vertex 8.35 6.5 3.2
      vertex 10.2676 50.2676 3.2
      vertex 10.0563 50.5085 3.2
    endloop
  endfacet
  facet normal 0 0 1
    outer loop
      vertex 10.5085 5.94372 3.2
      vertex 8.35 6.5 3.2
      vertex 10.2676 5.73241 3.2
    endloop
  endfacet
  facet normal 0 0 1
    outer loop
      vertex 8.35 6.5 3.2
      vertex 10.0563 50.5085 3.2
      vertex 9.87824 50.775 3.2
    endloop
  endfacet
  facet normal -0 0 1
    outer loop
      vertex 8.33845 6.32379 3.2
      vertex 10.2676 5.73241 3.2
      vertex 8.35 6.5 3.2
    endloop
  endfacet
  facet normal 0 0 1
    outer loop
      vertex 8.35 6.5 3.2
      vertex 9.87824 50.775 3.2
      vertex 9.7365 51.0624 3.2
    endloop
  endfacet
  facet normal 0 0 1
    outer loop
      vertex 10.2676 5.73241 3.2
      vertex 8.33845 6.32379 3.2
      vertex 10.0563 5.49146 3.2
    endloop
  endfacet
  facet normal 0 0 1
    outer loop
      vertex 8.35 6.5 3.2
      vertex 9.7365 51.0624 3.2
      vertex 9.63348 51.3659 3.2
    endloop
  endfacet
  facet normal -0 0 1
    outer loop
      vertex 8.304 6.15059 3.2
      vertex 10.0563 5.49146 3.2
      vertex 8.33845 6.32379 3.2
    endloop
  endfacet
  facet normal -0 0 1
    outer loop
      vertex 7.95459 54.5454 3.2
      vertex 9.87824 53.225 3.2
      vertex 8.07103 54.6782 3.2
    endloop
  endfacet
  facet normal 0 0 1
    outer loop
      vertex 10.0563 5.49146 3.2
      vertex 8.304 6.15059 3.2
      vertex 9.87824 5.225 3.2
    endloop
  endfacet
  facet normal 0 0 1
    outer loop
      vertex 10.0563 53.4915 3.2
      vertex 8.07103 54.6782 3.2
      vertex 9.87824 53.225 3.2
    endloop
  endfacet
  facet normal -0 0 1
    outer loop
      vertex 8.24724 5.98338 3.2
      vertex 9.87824 5.225 3.2
      vertex 8.304 6.15059 3.2
    endloop
  endfacet
  facet normal 0 0 1
    outer loop
      vertex 26.2676 50.2676 3.2
      vertex 21.7324 50.2676 3.2
      vertex 26.5085 50.0563 3.2
    endloop
  endfacet
  facet normal 0 0 1
    outer loop
      vertex 26.775 6.12176 3.2
      vertex 22.429 4.31979 3.2
      vertex 22.45 4 3.2
    endloop
  endfacet
  facet normal 0 0 1
    outer loop
      vertex 21.4915 50.0563 3.2
      vertex 26.5085 50.0563 3.2
      vertex 21.7324 50.2676 3.2
    endloop
  endfacet
  facet normal 0 0 1
    outer loop
      vertex 26.775 6.12176 3.2
      vertex 22.3665 4.63411 3.2
      vertex 22.429 4.31979 3.2
    endloop
  endfacet
  facet normal 0 0 1
    outer loop
      vertex 26.5085 50.0563 3.2
      vertex 21.4915 50.0563 3.2
      vertex 26.775 49.8782 3.2
    endloop
  endfacet
  facet normal 0 0 1
    outer loop
      vertex 26.775 6.12176 3.2
      vertex 22.2635 4.93757 3.2
      vertex 22.3665 4.63411 3.2
    endloop
  endfacet
  facet normal 0 0 1
    outer loop
      vertex 21.225 49.8782 3.2
      vertex 26.775 49.8782 3.2
      vertex 21.4915 50.0563 3.2
    endloop
  endfacet
  facet normal 0 0 1
    outer loop
      vertex 26.775 6.12176 3.2
      vertex 22.1218 5.225 3.2
      vertex 22.2635 4.93757 3.2
    endloop
  endfacet
  facet normal 0 0 1
    outer loop
      vertex 26.775 49.8782 3.2
      vertex 21.225 49.8782 3.2
      vertex 27.0624 49.7365 3.2
    endloop
  endfacet
  facet normal 0 0 1
    outer loop
      vertex 26.775 6.12176 3.2
      vertex 21.9437 5.49146 3.2
      vertex 22.1218 5.225 3.2
    endloop
  endfacet
  facet normal 0 0 1
    outer loop
      vertex 20.9376 49.7365 3.2
      vertex 27.0624 49.7365 3.2
      vertex 21.225 49.8782 3.2
    endloop
  endfacet
  facet normal 0 0 1
    outer loop
      vertex 26.775 6.12176 3.2
      vertex 21.7324 5.73241 3.2
      vertex 21.9437 5.49146 3.2
    endloop
  endfacet
  facet normal 0 0 1
    outer loop
      vertex 20.6341 49.6335 3.2
      vertex 27.0624 49.7365 3.2
      vertex 20.9376 49.7365 3.2
    endloop
  endfacet
  facet normal 0 0 1
    outer loop
      vertex 26.775 6.12176 3.2
      vertex 21.4915 5.94372 3.2
      vertex 21.7324 5.73241 3.2
    endloop
  endfacet
  facet normal 0 0 1
    outer loop
      vertex 20.3198 49.571 3.2
      vertex 27.0624 49.7365 3.2
      vertex 20.6341 49.6335 3.2
    endloop
  endfacet
  facet normal 0 0 1
    outer loop
      vertex 26.775 6.12176 3.2
      vertex 21.225 6.12176 3.2
      vertex 21.4915 5.94372 3.2
    endloop
  endfacet
  facet normal 0 0 1
    outer loop
      vertex 27.0624 49.7365 3.2
      vertex 20.3198 49.571 3.2
      vertex 27.0624 6.2635 3.2
    endloop
  endfacet
  facet normal 0 0 1
    outer loop
      vertex 26.775 6.12176 3.2
      vertex 20.9376 6.2635 3.2
      vertex 21.225 6.12176 3.2
    endloop
  endfacet
  facet normal 0 -0 1
    outer loop
      vertex 20.9376 6.2635 3.2
      vertex 27.0624 6.2635 3.2
      vertex 20.6341 6.36652 3.2
    endloop
  endfacet
  facet normal 0 0 1
    outer loop
      vertex 27.0624 6.2635 3.2
      vertex 20.9376 6.2635 3.2
      vertex 26.775 6.12176 3.2
    endloop
  endfacet
  facet normal -0 0 1
    outer loop
      vertex 20.3198 6.42904 3.2
      vertex 27.0624 6.2635 3.2
      vertex 20.3198 49.571 3.2
    endloop
  endfacet
  facet normal 0 0 1
    outer loop
      vertex 27.0624 6.2635 3.2
      vertex 20.3198 6.42904 3.2
      vertex 20.6341 6.36652 3.2
    endloop
  endfacet
  facet normal -0 0 1
    outer loop
      vertex 20 49.55 3.2
      vertex 20.3198 6.42904 3.2
      vertex 20.3198 49.571 3.2
    endloop
  endfacet
  facet normal 0 0 1
    outer loop
      vertex 20 49.55 3.2
      vertex 20 6.45 3.2
      vertex 20.3198 6.42904 3.2
    endloop
  endfacet
  facet normal 0 0 1
    outer loop
      vertex 19.6802 49.571 3.2
      vertex 20 6.45 3.2
      vertex 20 49.55 3.2
    endloop
  endfacet
  facet normal 0 0 1
    outer loop
      vertex 19.6802 49.571 3.2
      vertex 19.6802 6.42904 3.2
      vertex 20 6.45 3.2
    endloop
  endfacet
  facet normal 0 0 1
    outer loop
      vertex 19.3659 49.6335 3.2
      vertex 19.6802 6.42904 3.2
      vertex 19.6802 49.571 3.2
    endloop
  endfacet
  facet normal 0 0 1
    outer loop
      vertex 19.3659 49.6335 3.2
      vertex 19.3659 6.36652 3.2
      vertex 19.6802 6.42904 3.2
    endloop
  endfacet
  facet normal 0 0 1
    outer loop
      vertex 19.0624 49.7365 3.2
      vertex 19.3659 6.36652 3.2
      vertex 19.3659 49.6335 3.2
    endloop
  endfacet
  facet normal 0 0 1
    outer loop
      vertex 19.0624 49.7365 3.2
      vertex 19.0624 6.2635 3.2
      vertex 19.3659 6.36652 3.2
    endloop
  endfacet
  facet normal 0 0 1
    outer loop
      vertex 18.0563 50.5085 3.2
      vertex 13.9437 50.5085 3.2
      vertex 18.2676 50.2676 3.2
    endloop
  endfacet
  facet normal 0 0 1
    outer loop
      vertex 13.7324 50.2676 3.2
      vertex 18.2676 50.2676 3.2
      vertex 13.9437 50.5085 3.2
    endloop
  endfacet
  facet normal 0 0 1
    outer loop
      vertex 14.1218 50.775 3.2
      vertex 17.8782 50.775 3.2
      vertex 14.2635 51.0624 3.2
    endloop
  endfacet
  facet normal 0 0 1
    outer loop
      vertex 17.8782 50.775 3.2
      vertex 14.1218 50.775 3.2
      vertex 18.0563 50.5085 3.2
    endloop
  endfacet
  facet normal 0 0 1
    outer loop
      vertex 17.7365 51.0624 3.2
      vertex 14.2635 51.0624 3.2
      vertex 17.8782 50.775 3.2
    endloop
  endfacet
  facet normal 0 0 1
    outer loop
      vertex 13.9437 50.5085 3.2
      vertex 18.0563 50.5085 3.2
      vertex 14.1218 50.775 3.2
    endloop
  endfacet
  facet normal 0 0 1
    outer loop
      vertex 14.2635 51.0624 3.2
      vertex 17.7365 51.0624 3.2
      vertex 14.3665 51.3659 3.2
    endloop
  endfacet
  facet normal 0 0 1
    outer loop
      vertex 18.775 6.12176 3.2
      vertex 14.45 4 3.2
      vertex 18.5085 5.94372 3.2
    endloop
  endfacet
  facet normal 0 0 1
    outer loop
      vertex 17.6335 51.3659 3.2
      vertex 14.3665 51.3659 3.2
      vertex 17.7365 51.0624 3.2
    endloop
  endfacet
  facet normal 0 0 1
    outer loop
      vertex 18.5085 5.94372 3.2
      vertex 14.45 4 3.2
      vertex 18.2676 5.73241 3.2
    endloop
  endfacet
  facet normal 0 0 1
    outer loop
      vertex 14.3665 51.3659 3.2
      vertex 17.6335 51.3659 3.2
      vertex 14.429 51.6802 3.2
    endloop
  endfacet
  facet normal 0 0 1
    outer loop
      vertex 18.2676 5.73241 3.2
      vertex 14.45 4 3.2
      vertex 18.0563 5.49146 3.2
    endloop
  endfacet
  facet normal 0 0 1
    outer loop
      vertex 17.571 51.6802 3.2
      vertex 14.429 51.6802 3.2
      vertex 17.6335 51.3659 3.2
    endloop
  endfacet
  facet normal 0 0 1
    outer loop
      vertex 18.0563 5.49146 3.2
      vertex 14.45 4 3.2
      vertex 17.8782 5.225 3.2
    endloop
  endfacet
  facet normal 0 0 1
    outer loop
      vertex 14.429 51.6802 3.2
      vertex 17.571 51.6802 3.2
      vertex 14.45 52 3.2
    endloop
  endfacet
  facet normal 0 0 1
    outer loop
      vertex 17.8782 5.225 3.2
      vertex 14.45 4 3.2
      vertex 17.7365 4.93757 3.2
    endloop
  endfacet
  facet normal -0 0 1
    outer loop
      vertex 14.45 52 3.2
      vertex 17.571 51.6802 3.2
      vertex 17.55 52 3.2
    endloop
  endfacet
  facet normal 0 0 1
    outer loop
      vertex 17.7365 4.93757 3.2
      vertex 14.45 4 3.2
      vertex 17.6335 4.63411 3.2
    endloop
  endfacet
  facet normal 0 0 1
    outer loop
      vertex 34.2676 50.2676 3.2
      vertex 29.7324 50.2676 3.2
      vertex 34.5085 50.0563 3.2
    endloop
  endfacet
  facet normal 0 0 1
    outer loop
      vertex 34.775 6.12176 3.2
      vertex 30.429 4.31979 3.2
      vertex 30.45 4 3.2
    endloop
  endfacet
  facet normal 0 0 1
    outer loop
      vertex 29.4915 50.0563 3.2
      vertex 34.5085 50.0563 3.2
      vertex 29.7324 50.2676 3.2
    endloop
  endfacet
  facet normal 0 0 1
    outer loop
      vertex 34.775 6.12176 3.2
      vertex 30.3665 4.63411 3.2
      vertex 30.429 4.31979 3.2
    endloop
  endfacet
  facet normal 0 0 1
    outer loop
      vertex 34.5085 50.0563 3.2
      vertex 29.4915 50.0563 3.2
      vertex 34.775 49.8782 3.2
    endloop
  endfacet
  facet normal 0 0 1
    outer loop
      vertex 34.775 6.12176 3.2
      vertex 30.2635 4.93757 3.2
      vertex 30.3665 4.63411 3.2
    endloop
  endfacet
  facet normal 0 0 1
    outer loop
      vertex 29.225 49.8782 3.2
      vertex 34.775 49.8782 3.2
      vertex 29.4915 50.0563 3.2
    endloop
  endfacet
  facet normal 0 0 1
    outer loop
      vertex 34.775 6.12176 3.2
      vertex 30.1218 5.225 3.2
      vertex 30.2635 4.93757 3.2
    endloop
  endfacet
  facet normal 0 0 1
    outer loop
      vertex 34.775 49.8782 3.2
      vertex 29.225 49.8782 3.2
      vertex 35.0624 49.7365 3.2
    endloop
  endfacet
  facet normal 0 0 1
    outer loop
      vertex 34.775 6.12176 3.2
      vertex 29.9437 5.49146 3.2
      vertex 30.1218 5.225 3.2
    endloop
  endfacet
  facet normal 0 0 1
    outer loop
      vertex 28.9376 49.7365 3.2
      vertex 35.0624 49.7365 3.2
      vertex 29.225 49.8782 3.2
    endloop
  endfacet
  facet normal 0 0 1
    outer loop
      vertex 34.775 6.12176 3.2
      vertex 29.7324 5.73241 3.2
      vertex 29.9437 5.49146 3.2
    endloop
  endfacet
  facet normal 0 0 1
    outer loop
      vertex 28.6341 49.6335 3.2
      vertex 35.0624 49.7365 3.2
      vertex 28.9376 49.7365 3.2
    endloop
  endfacet
  facet normal 0 0 1
    outer loop
      vertex 34.775 6.12176 3.2
      vertex 29.4915 5.94372 3.2
      vertex 29.7324 5.73241 3.2
    endloop
  endfacet
  facet normal 0 0 1
    outer loop
      vertex 28.3198 49.571 3.2
      vertex 35.0624 49.7365 3.2
      vertex 28.6341 49.6335 3.2
    endloop
  endfacet
  facet normal 0 0 1
    outer loop
      vertex 34.775 6.12176 3.2
      vertex 29.225 6.12176 3.2
      vertex 29.4915 5.94372 3.2
    endloop
  endfacet
  facet normal 0 0 1
    outer loop
      vertex 35.0624 49.7365 3.2
      vertex 28.3198 49.571 3.2
      vertex 35.0624 6.2635 3.2
    endloop
  endfacet
  facet normal 0 0 1
    outer loop
      vertex 34.775 6.12176 3.2
      vertex 28.9376 6.2635 3.2
      vertex 29.225 6.12176 3.2
    endloop
  endfacet
  facet normal 0 -0 1
    outer loop
      vertex 28.9376 6.2635 3.2
      vertex 35.0624 6.2635 3.2
      vertex 28.6341 6.36652 3.2
    endloop
  endfacet
  facet normal 0 0 1
    outer loop
      vertex 35.0624 6.2635 3.2
      vertex 28.9376 6.2635 3.2
      vertex 34.775 6.12176 3.2
    endloop
  endfacet
  facet normal -0 0 1
    outer loop
      vertex 28.3198 6.42904 3.2
      vertex 35.0624 6.2635 3.2
      vertex 28.3198 49.571 3.2
    endloop
  endfacet
  facet normal 0 0 1
    outer loop
      vertex 35.0624 6.2635 3.2
      vertex 28.3198 6.42904 3.2
      vertex 28.6341 6.36652 3.2
    endloop
  endfacet
  facet normal -0 0 1
    outer loop
      vertex 28 49.55 3.2
      vertex 28.3198 6.42904 3.2
      vertex 28.3198 49.571 3.2
    endloop
  endfacet
  facet normal 0 0 1
    outer loop
      vertex 28 49.55 3.2
      vertex 28 6.45 3.2
      vertex 28.3198 6.42904 3.2
    endloop
  endfacet
  facet normal 0 0 1
    outer loop
      vertex 27.6802 49.571 3.2
      vertex 28 6.45 3.2
      vertex 28 49.55 3.2
    endloop
  endfacet
  facet normal 0 0 1
    outer loop
      vertex 27.6802 49.571 3.2
      vertex 27.6802 6.42904 3.2
      vertex 28 6.45 3.2
    endloop
  endfacet
  facet normal 0 0 1
    outer loop
      vertex 27.3659 49.6335 3.2
      vertex 27.6802 6.42904 3.2
      vertex 27.6802 49.571 3.2
    endloop
  endfacet
  facet normal 0 0 1
    outer loop
      vertex 27.3659 49.6335 3.2
      vertex 27.3659 6.36652 3.2
      vertex 27.6802 6.42904 3.2
    endloop
  endfacet
  facet normal 0 0 1
    outer loop
      vertex 27.0624 49.7365 3.2
      vertex 27.3659 6.36652 3.2
      vertex 27.3659 49.6335 3.2
    endloop
  endfacet
  facet normal 0 0 1
    outer loop
      vertex 27.0624 49.7365 3.2
      vertex 27.0624 6.2635 3.2
      vertex 27.3659 6.36652 3.2
    endloop
  endfacet
  facet normal 0 0 1
    outer loop
      vertex 26.0563 50.5085 3.2
      vertex 21.9437 50.5085 3.2
      vertex 26.2676 50.2676 3.2
    endloop
  endfacet
  facet normal 0 0 1
    outer loop
      vertex 21.7324 50.2676 3.2
      vertex 26.2676 50.2676 3.2
      vertex 21.9437 50.5085 3.2
    endloop
  endfacet
  facet normal 0 0 1
    outer loop
      vertex 22.1218 50.775 3.2
      vertex 25.8782 50.775 3.2
      vertex 22.2635 51.0624 3.2
    endloop
  endfacet
  facet normal 0 0 1
    outer loop
      vertex 25.8782 50.775 3.2
      vertex 22.1218 50.775 3.2
      vertex 26.0563 50.5085 3.2
    endloop
  endfacet
  facet normal 0 0 1
    outer loop
      vertex 25.7365 51.0624 3.2
      vertex 22.2635 51.0624 3.2
      vertex 25.8782 50.775 3.2
    endloop
  endfacet
  facet normal 0 0 1
    outer loop
      vertex 21.9437 50.5085 3.2
      vertex 26.0563 50.5085 3.2
      vertex 22.1218 50.775 3.2
    endloop
  endfacet
  facet normal 0 0 1
    outer loop
      vertex 22.2635 51.0624 3.2
      vertex 25.7365 51.0624 3.2
      vertex 22.3665 51.3659 3.2
    endloop
  endfacet
  facet normal 0 0 1
    outer loop
      vertex 26.775 6.12176 3.2
      vertex 22.45 4 3.2
      vertex 26.5085 5.94372 3.2
    endloop
  endfacet
  facet normal 0 0 1
    outer loop
      vertex 25.6335 51.3659 3.2
      vertex 22.3665 51.3659 3.2
      vertex 25.7365 51.0624 3.2
    endloop
  endfacet
  facet normal 0 0 1
    outer loop
      vertex 26.5085 5.94372 3.2
      vertex 22.45 4 3.2
      vertex 26.2676 5.73241 3.2
    endloop
  endfacet
  facet normal 0 0 1
    outer loop
      vertex 22.3665 51.3659 3.2
      vertex 25.6335 51.3659 3.2
      vertex 22.429 51.6802 3.2
    endloop
  endfacet
  facet normal 0 0 1
    outer loop
      vertex 26.2676 5.73241 3.2
      vertex 22.45 4 3.2
      vertex 26.0563 5.49146 3.2
    endloop
  endfacet
  facet normal 0 0 1
    outer loop
      vertex 25.571 51.6802 3.2
      vertex 22.429 51.6802 3.2
      vertex 25.6335 51.3659 3.2
    endloop
  endfacet
  facet normal 0 0 1
    outer loop
      vertex 26.0563 5.49146 3.2
      vertex 22.45 4 3.2
      vertex 25.8782 5.225 3.2
    endloop
  endfacet
  facet normal 0 0 1
    outer loop
      vertex 22.429 51.6802 3.2
      vertex 25.571 51.6802 3.2
      vertex 22.45 52 3.2
    endloop
  endfacet
  facet normal 0 0 1
    outer loop
      vertex 25.8782 5.225 3.2
      vertex 22.45 4 3.2
      vertex 25.7365 4.93757 3.2
    endloop
  endfacet
  facet normal -0 0 1
    outer loop
      vertex 22.45 52 3.2
      vertex 25.571 51.6802 3.2
      vertex 25.55 52 3.2
    endloop
  endfacet
  facet normal 0 0 1
    outer loop
      vertex 25.7365 4.93757 3.2
      vertex 22.45 4 3.2
      vertex 25.6335 4.63411 3.2
    endloop
  endfacet
  facet normal 0 0 1
    outer loop
      vertex 42.2676 50.2676 3.2
      vertex 37.7324 50.2676 3.2
      vertex 42.5085 50.0563 3.2
    endloop
  endfacet
  facet normal 0 0 1
    outer loop
      vertex 42.775 6.12176 3.2
      vertex 38.429 4.31979 3.2
      vertex 38.45 4 3.2
    endloop
  endfacet
  facet normal 0 0 1
    outer loop
      vertex 37.4915 50.0563 3.2
      vertex 42.5085 50.0563 3.2
      vertex 37.7324 50.2676 3.2
    endloop
  endfacet
  facet normal 0 0 1
    outer loop
      vertex 42.775 6.12176 3.2
      vertex 38.3665 4.63411 3.2
      vertex 38.429 4.31979 3.2
    endloop
  endfacet
  facet normal 0 0 1
    outer loop
      vertex 42.5085 50.0563 3.2
      vertex 37.4915 50.0563 3.2
      vertex 42.775 49.8782 3.2
    endloop
  endfacet
  facet normal 0 0 1
    outer loop
      vertex 42.775 6.12176 3.2
      vertex 38.2635 4.93757 3.2
      vertex 38.3665 4.63411 3.2
    endloop
  endfacet
  facet normal 0 0 1
    outer loop
      vertex 37.225 49.8782 3.2
      vertex 42.775 49.8782 3.2
      vertex 37.4915 50.0563 3.2
    endloop
  endfacet
  facet normal 0 0 1
    outer loop
      vertex 42.775 6.12176 3.2
      vertex 38.1218 5.225 3.2
      vertex 38.2635 4.93757 3.2
    endloop
  endfacet
  facet normal 0 0 1
    outer loop
      vertex 42.775 49.8782 3.2
      vertex 37.225 49.8782 3.2
      vertex 43.0624 49.7365 3.2
    endloop
  endfacet
  facet normal 0 0 1
    outer loop
      vertex 42.775 6.12176 3.2
      vertex 37.9437 5.49146 3.2
      vertex 38.1218 5.225 3.2
    endloop
  endfacet
  facet normal 0 0 1
    outer loop
      vertex 36.9376 49.7365 3.2
      vertex 43.0624 49.7365 3.2
      vertex 37.225 49.8782 3.2
    endloop
  endfacet
  facet normal 0 0 1
    outer loop
      vertex 42.775 6.12176 3.2
      vertex 37.7324 5.73241 3.2
      vertex 37.9437 5.49146 3.2
    endloop
  endfacet
  facet normal 0 0 1
    outer loop
      vertex 36.6341 49.6335 3.2
      vertex 43.0624 49.7365 3.2
      vertex 36.9376 49.7365 3.2
    endloop
  endfacet
  facet normal 0 0 1
    outer loop
      vertex 42.775 6.12176 3.2
      vertex 37.4915 5.94372 3.2
      vertex 37.7324 5.73241 3.2
    endloop
  endfacet
  facet normal 0 0 1
    outer loop
      vertex 36.3198 49.571 3.2
      vertex 43.0624 49.7365 3.2
      vertex 36.6341 49.6335 3.2
    endloop
  endfacet
  facet normal 0 0 1
    outer loop
      vertex 42.775 6.12176 3.2
      vertex 37.225 6.12176 3.2
      vertex 37.4915 5.94372 3.2
    endloop
  endfacet
  facet normal 0 0 1
    outer loop
      vertex 43.0624 49.7365 3.2
      vertex 36.3198 49.571 3.2
      vertex 43.0624 6.2635 3.2
    endloop
  endfacet
  facet normal 0 0 1
    outer loop
      vertex 42.775 6.12176 3.2
      vertex 36.9376 6.2635 3.2
      vertex 37.225 6.12176 3.2
    endloop
  endfacet
  facet normal 0 -0 1
    outer loop
      vertex 36.9376 6.2635 3.2
      vertex 43.0624 6.2635 3.2
      vertex 36.6341 6.36652 3.2
    endloop
  endfacet
  facet normal 0 0 1
    outer loop
      vertex 43.0624 6.2635 3.2
      vertex 36.9376 6.2635 3.2
      vertex 42.775 6.12176 3.2
    endloop
  endfacet
  facet normal -0 0 1
    outer loop
      vertex 36.3198 6.42904 3.2
      vertex 43.0624 6.2635 3.2
      vertex 36.3198 49.571 3.2
    endloop
  endfacet
  facet normal 0 0 1
    outer loop
      vertex 43.0624 6.2635 3.2
      vertex 36.3198 6.42904 3.2
      vertex 36.6341 6.36652 3.2
    endloop
  endfacet
  facet normal -0 0 1
    outer loop
      vertex 36 49.55 3.2
      vertex 36.3198 6.42904 3.2
      vertex 36.3198 49.571 3.2
    endloop
  endfacet
  facet normal 0 0 1
    outer loop
      vertex 36 49.55 3.2
      vertex 36 6.45 3.2
      vertex 36.3198 6.42904 3.2
    endloop
  endfacet
  facet normal 0 0 1
    outer loop
      vertex 35.6802 49.571 3.2
      vertex 36 6.45 3.2
      vertex 36 49.55 3.2
    endloop
  endfacet
  facet normal 0 0 1
    outer loop
      vertex 35.6802 49.571 3.2
      vertex 35.6802 6.42904 3.2
      vertex 36 6.45 3.2
    endloop
  endfacet
  facet normal 0 0 1
    outer loop
      vertex 35.3659 49.6335 3.2
      vertex 35.6802 6.42904 3.2
      vertex 35.6802 49.571 3.2
    endloop
  endfacet
  facet normal 0 0 1
    outer loop
      vertex 35.3659 49.6335 3.2
      vertex 35.3659 6.36652 3.2
      vertex 35.6802 6.42904 3.2
    endloop
  endfacet
  facet normal 0 0 1
    outer loop
      vertex 35.0624 49.7365 3.2
      vertex 35.3659 6.36652 3.2
      vertex 35.3659 49.6335 3.2
    endloop
  endfacet
  facet normal 0 0 1
    outer loop
      vertex 35.0624 49.7365 3.2
      vertex 35.0624 6.2635 3.2
      vertex 35.3659 6.36652 3.2
    endloop
  endfacet
  facet normal 0 0 1
    outer loop
      vertex 34.0563 50.5085 3.2
      vertex 29.9437 50.5085 3.2
      vertex 34.2676 50.2676 3.2
    endloop
  endfacet
  facet normal 0 0 1
    outer loop
      vertex 29.7324 50.2676 3.2
      vertex 34.2676 50.2676 3.2
      vertex 29.9437 50.5085 3.2
    endloop
  endfacet
  facet normal 0 0 1
    outer loop
      vertex 30.1218 50.775 3.2
      vertex 33.8782 50.775 3.2
      vertex 30.2635 51.0624 3.2
    endloop
  endfacet
  facet normal 0 0 1
    outer loop
      vertex 33.8782 50.775 3.2
      vertex 30.1218 50.775 3.2
      vertex 34.0563 50.5085 3.2
    endloop
  endfacet
  facet normal 0 0 1
    outer loop
      vertex 33.7365 51.0624 3.2
      vertex 30.2635 51.0624 3.2
      vertex 33.8782 50.775 3.2
    endloop
  endfacet
  facet normal 0 0 1
    outer loop
      vertex 29.9437 50.5085 3.2
      vertex 34.0563 50.5085 3.2
      vertex 30.1218 50.775 3.2
    endloop
  endfacet
  facet normal 0 0 1
    outer loop
      vertex 30.2635 51.0624 3.2
      vertex 33.7365 51.0624 3.2
      vertex 30.3665 51.3659 3.2
    endloop
  endfacet
  facet normal 0 0 1
    outer loop
      vertex 34.775 6.12176 3.2
      vertex 30.45 4 3.2
      vertex 34.5085 5.94372 3.2
    endloop
  endfacet
  facet normal 0 0 1
    outer loop
      vertex 33.6335 51.3659 3.2
      vertex 30.3665 51.3659 3.2
      vertex 33.7365 51.0624 3.2
    endloop
  endfacet
  facet normal 0 0 1
    outer loop
      vertex 34.5085 5.94372 3.2
      vertex 30.45 4 3.2
      vertex 34.2676 5.73241 3.2
    endloop
  endfacet
  facet normal 0 0 1
    outer loop
      vertex 30.3665 51.3659 3.2
      vertex 33.6335 51.3659 3.2
      vertex 30.429 51.6802 3.2
    endloop
  endfacet
  facet normal 0 0 1
    outer loop
      vertex 34.2676 5.73241 3.2
      vertex 30.45 4 3.2
      vertex 34.0563 5.49146 3.2
    endloop
  endfacet
  facet normal 0 0 1
    outer loop
      vertex 33.571 51.6802 3.2
      vertex 30.429 51.6802 3.2
      vertex 33.6335 51.3659 3.2
    endloop
  endfacet
  facet normal 0 0 1
    outer loop
      vertex 34.0563 5.49146 3.2
      vertex 30.45 4 3.2
      vertex 33.8782 5.225 3.2
    endloop
  endfacet
  facet normal 0 0 1
    outer loop
      vertex 30.429 51.6802 3.2
      vertex 33.571 51.6802 3.2
      vertex 30.45 52 3.2
    endloop
  endfacet
  facet normal 0 0 1
    outer loop
      vertex 33.8782 5.225 3.2
      vertex 30.45 4 3.2
      vertex 33.7365 4.93757 3.2
    endloop
  endfacet
  facet normal -0 0 1
    outer loop
      vertex 30.45 52 3.2
      vertex 33.571 51.6802 3.2
      vertex 33.55 52 3.2
    endloop
  endfacet
  facet normal 0 0 1
    outer loop
      vertex 33.7365 4.93757 3.2
      vertex 30.45 4 3.2
      vertex 33.6335 4.63411 3.2
    endloop
  endfacet
  facet normal 0 0 1
    outer loop
      vertex 45.4915 50.0563 3.2
      vertex 50.5085 50.0563 3.2
      vertex 45.7324 50.2676 3.2
    endloop
  endfacet
  facet normal 0 0 1
    outer loop
      vertex 50.775 6.12176 3.2
      vertex 46.429 4.31979 3.2
      vertex 46.45 4 3.2
    endloop
  endfacet
  facet normal 0 0 1
    outer loop
      vertex 50.5085 50.0563 3.2
      vertex 45.4915 50.0563 3.2
      vertex 50.775 49.8782 3.2
    endloop
  endfacet
  facet normal 0 0 1
    outer loop
      vertex 50.775 6.12176 3.2
      vertex 46.3665 4.63411 3.2
      vertex 46.429 4.31979 3.2
    endloop
  endfacet
  facet normal 0 0 1
    outer loop
      vertex 45.225 49.8782 3.2
      vertex 50.775 49.8782 3.2
      vertex 45.4915 50.0563 3.2
    endloop
  endfacet
  facet normal 0 0 1
    outer loop
      vertex 50.775 6.12176 3.2
      vertex 46.2635 4.93757 3.2
      vertex 46.3665 4.63411 3.2
    endloop
  endfacet
  facet normal 0 0 1
    outer loop
      vertex 50.775 49.8782 3.2
      vertex 45.225 49.8782 3.2
      vertex 51.0624 49.7365 3.2
    endloop
  endfacet
  facet normal 0 0 1
    outer loop
      vertex 50.775 6.12176 3.2
      vertex 46.1218 5.225 3.2
      vertex 46.2635 4.93757 3.2
    endloop
  endfacet
  facet normal 0 0 1
    outer loop
      vertex 44.9376 49.7365 3.2
      vertex 51.0624 49.7365 3.2
      vertex 45.225 49.8782 3.2
    endloop
  endfacet
  facet normal 0 0 1
    outer loop
      vertex 50.775 6.12176 3.2
      vertex 45.9437 5.49146 3.2
      vertex 46.1218 5.225 3.2
    endloop
  endfacet
  facet normal 0 0 1
    outer loop
      vertex 44.6341 49.6335 3.2
      vertex 51.0624 49.7365 3.2
      vertex 44.9376 49.7365 3.2
    endloop
  endfacet
  facet normal 0 0 1
    outer loop
      vertex 50.775 6.12176 3.2
      vertex 45.7324 5.73241 3.2
      vertex 45.9437 5.49146 3.2
    endloop
  endfacet
  facet normal 0 0 1
    outer loop
      vertex 51.0624 49.7365 3.2
      vertex 44.6341 49.6335 3.2
      vertex 65.55 28 3.2
    endloop
  endfacet
  facet normal 0 0 1
    outer loop
      vertex 50.775 6.12176 3.2
      vertex 45.4915 5.94372 3.2
      vertex 45.7324 5.73241 3.2
    endloop
  endfacet
  facet normal -0 0 1
    outer loop
      vertex 44.3198 49.571 3.2
      vertex 65.55 28 3.2
      vertex 44.6341 49.6335 3.2
    endloop
  endfacet
  facet normal 0 0 1
    outer loop
      vertex 50.775 6.12176 3.2
      vertex 45.225 6.12176 3.2
      vertex 45.4915 5.94372 3.2
    endloop
  endfacet
  facet normal -0 0 1
    outer loop
      vertex 44 49.55 3.2
      vertex 65.55 28 3.2
      vertex 44.3198 49.571 3.2
    endloop
  endfacet
  facet normal 0 0 1
    outer loop
      vertex 50.775 6.12176 3.2
      vertex 44.9376 6.2635 3.2
      vertex 45.225 6.12176 3.2
    endloop
  endfacet
  facet normal 0 -0 1
    outer loop
      vertex 44.9376 6.2635 3.2
      vertex 51.0624 6.2635 3.2
      vertex 44.6341 6.36652 3.2
    endloop
  endfacet
  facet normal 0 0 1
    outer loop
      vertex 51.0624 6.2635 3.2
      vertex 44.9376 6.2635 3.2
      vertex 50.775 6.12176 3.2
    endloop
  endfacet
  facet normal 0 0 1
    outer loop
      vertex 65.55 28 3.2
      vertex 44.3198 6.42904 3.2
      vertex 51.0624 6.2635 3.2
    endloop
  endfacet
  facet normal 0 0 1
    outer loop
      vertex 51.0624 6.2635 3.2
      vertex 44.3198 6.42904 3.2
      vertex 44.6341 6.36652 3.2
    endloop
  endfacet
  facet normal 0 0 1
    outer loop
      vertex 44 6.45 3.2
      vertex 65.55 28 3.2
      vertex 44 49.55 3.2
    endloop
  endfacet
  facet normal 0 0 1
    outer loop
      vertex 65.55 28 3.2
      vertex 44 6.45 3.2
      vertex 44.3198 6.42904 3.2
    endloop
  endfacet
  facet normal 0 0 1
    outer loop
      vertex 43.6802 49.571 3.2
      vertex 44 6.45 3.2
      vertex 44 49.55 3.2
    endloop
  endfacet
  facet normal 0 0 1
    outer loop
      vertex 43.6802 49.571 3.2
      vertex 43.6802 6.42904 3.2
      vertex 44 6.45 3.2
    endloop
  endfacet
  facet normal 0 0 1
    outer loop
      vertex 43.3659 49.6335 3.2
      vertex 43.6802 6.42904 3.2
      vertex 43.6802 49.571 3.2
    endloop
  endfacet
  facet normal 0 0 1
    outer loop
      vertex 43.3659 49.6335 3.2
      vertex 43.3659 6.36652 3.2
      vertex 43.6802 6.42904 3.2
    endloop
  endfacet
  facet normal 0 0 1
    outer loop
      vertex 43.0624 49.7365 3.2
      vertex 43.3659 6.36652 3.2
      vertex 43.3659 49.6335 3.2
    endloop
  endfacet
  facet normal 0 0 1
    outer loop
      vertex 43.0624 49.7365 3.2
      vertex 43.0624 6.2635 3.2
      vertex 43.3659 6.36652 3.2
    endloop
  endfacet
  facet normal 0 0 1
    outer loop
      vertex 42.0563 50.5085 3.2
      vertex 37.9437 50.5085 3.2
      vertex 42.2676 50.2676 3.2
    endloop
  endfacet
  facet normal 0 0 1
    outer loop
      vertex 37.7324 50.2676 3.2
      vertex 42.2676 50.2676 3.2
      vertex 37.9437 50.5085 3.2
    endloop
  endfacet
  facet normal 0 0 1
    outer loop
      vertex 38.1218 50.775 3.2
      vertex 41.8782 50.775 3.2
      vertex 38.2635 51.0624 3.2
    endloop
  endfacet
  facet normal 0 0 1
    outer loop
      vertex 41.8782 50.775 3.2
      vertex 38.1218 50.775 3.2
      vertex 42.0563 50.5085 3.2
    endloop
  endfacet
  facet normal 0 0 1
    outer loop
      vertex 41.7365 51.0624 3.2
      vertex 38.2635 51.0624 3.2
      vertex 41.8782 50.775 3.2
    endloop
  endfacet
  facet normal 0 0 1
    outer loop
      vertex 37.9437 50.5085 3.2
      vertex 42.0563 50.5085 3.2
      vertex 38.1218 50.775 3.2
    endloop
  endfacet
  facet normal 0 0 1
    outer loop
      vertex 38.2635 51.0624 3.2
      vertex 41.7365 51.0624 3.2
      vertex 38.3665 51.3659 3.2
    endloop
  endfacet
  facet normal 0 0 1
    outer loop
      vertex 42.775 6.12176 3.2
      vertex 38.45 4 3.2
      vertex 42.5085 5.94372 3.2
    endloop
  endfacet
  facet normal 0 0 1
    outer loop
      vertex 41.6335 51.3659 3.2
      vertex 38.3665 51.3659 3.2
      vertex 41.7365 51.0624 3.2
    endloop
  endfacet
  facet normal 0 0 1
    outer loop
      vertex 42.5085 5.94372 3.2
      vertex 38.45 4 3.2
      vertex 42.2676 5.73241 3.2
    endloop
  endfacet
  facet normal 0 0 1
    outer loop
      vertex 38.3665 51.3659 3.2
      vertex 41.6335 51.3659 3.2
      vertex 38.429 51.6802 3.2
    endloop
  endfacet
  facet normal 0 0 1
    outer loop
      vertex 42.2676 5.73241 3.2
      vertex 38.45 4 3.2
      vertex 42.0563 5.49146 3.2
    endloop
  endfacet
  facet normal 0 0 1
    outer loop
      vertex 41.571 51.6802 3.2
      vertex 38.429 51.6802 3.2
      vertex 41.6335 51.3659 3.2
    endloop
  endfacet
  facet normal 0 0 1
    outer loop
      vertex 42.0563 5.49146 3.2
      vertex 38.45 4 3.2
      vertex 41.8782 5.225 3.2
    endloop
  endfacet
  facet normal 0 0 1
    outer loop
      vertex 38.429 51.6802 3.2
      vertex 41.571 51.6802 3.2
      vertex 38.45 52 3.2
    endloop
  endfacet
  facet normal 0 0 1
    outer loop
      vertex 41.8782 5.225 3.2
      vertex 38.45 4 3.2
      vertex 41.7365 4.93757 3.2
    endloop
  endfacet
  facet normal -0 0 1
    outer loop
      vertex 38.45 52 3.2
      vertex 41.571 51.6802 3.2
      vertex 41.55 52 3.2
    endloop
  endfacet
  facet normal 0 0 1
    outer loop
      vertex 41.7365 4.93757 3.2
      vertex 38.45 4 3.2
      vertex 41.6335 4.63411 3.2
    endloop
  endfacet
  facet normal 0 0 1
    outer loop
      vertex 58.775 49.8782 3.2
      vertex 53.225 49.8782 3.2
      vertex 59.0624 49.7365 3.2
    endloop
  endfacet
  facet normal 0 0 1
    outer loop
      vertex 65.55 28 3.2
      vertex 54.429 4.31979 3.2
      vertex 54.45 4 3.2
    endloop
  endfacet
  facet normal 0 0 1
    outer loop
      vertex 52.9376 49.7365 3.2
      vertex 59.0624 49.7365 3.2
      vertex 53.225 49.8782 3.2
    endloop
  endfacet
  facet normal 0 0 1
    outer loop
      vertex 65.55 28 3.2
      vertex 54.3665 4.63411 3.2
      vertex 54.429 4.31979 3.2
    endloop
  endfacet
  facet normal 0 0 1
    outer loop
      vertex 59.0624 49.7365 3.2
      vertex 52.9376 49.7365 3.2
      vertex 65.6335 36.6341 3.2
    endloop
  endfacet
  facet normal 0 0 1
    outer loop
      vertex 65.55 28 3.2
      vertex 54.2635 4.93757 3.2
      vertex 54.3665 4.63411 3.2
    endloop
  endfacet
  facet normal -0 0 1
    outer loop
      vertex 52.6341 49.6335 3.2
      vertex 65.6335 36.6341 3.2
      vertex 52.9376 49.7365 3.2
    endloop
  endfacet
  facet normal 0 0 1
    outer loop
      vertex 65.55 28 3.2
      vertex 54.1218 5.225 3.2
      vertex 54.2635 4.93757 3.2
    endloop
  endfacet
  facet normal 0 0 1
    outer loop
      vertex 65.6335 36.6341 3.2
      vertex 52.6341 49.6335 3.2
      vertex 65.571 36.3198 3.2
    endloop
  endfacet
  facet normal 0 0 1
    outer loop
      vertex 65.55 28 3.2
      vertex 53.9437 5.49146 3.2
      vertex 54.1218 5.225 3.2
    endloop
  endfacet
  facet normal -0 0 1
    outer loop
      vertex 52.3198 49.571 3.2
      vertex 65.571 36.3198 3.2
      vertex 52.6341 49.6335 3.2
    endloop
  endfacet
  facet normal 0 0 1
    outer loop
      vertex 65.55 28 3.2
      vertex 53.7324 5.73241 3.2
      vertex 53.9437 5.49146 3.2
    endloop
  endfacet
  facet normal 0 0 1
    outer loop
      vertex 65.571 36.3198 3.2
      vertex 52.3198 49.571 3.2
      vertex 65.55 36 3.2
    endloop
  endfacet
  facet normal 0 0 1
    outer loop
      vertex 65.55 28 3.2
      vertex 53.4915 5.94372 3.2
      vertex 53.7324 5.73241 3.2
    endloop
  endfacet
  facet normal -0 0 1
    outer loop
      vertex 52 49.55 3.2
      vertex 65.55 36 3.2
      vertex 52.3198 49.571 3.2
    endloop
  endfacet
  facet normal 0 0 1
    outer loop
      vertex 65.55 28 3.2
      vertex 53.225 6.12176 3.2
      vertex 53.4915 5.94372 3.2
    endloop
  endfacet
  facet normal 0 0 1
    outer loop
      vertex 65.55 36 3.2
      vertex 52 49.55 3.2
      vertex 65.571 35.6802 3.2
    endloop
  endfacet
  facet normal 0 0 1
    outer loop
      vertex 65.55 28 3.2
      vertex 52.9376 6.2635 3.2
      vertex 53.225 6.12176 3.2
    endloop
  endfacet
  facet normal 0 0 1
    outer loop
      vertex 51.6802 49.571 3.2
      vertex 65.571 35.6802 3.2
      vertex 52 49.55 3.2
    endloop
  endfacet
  facet normal 0 0 1
    outer loop
      vertex 65.55 28 3.2
      vertex 52.6341 6.36652 3.2
      vertex 52.9376 6.2635 3.2
    endloop
  endfacet
  facet normal 0 0 1
    outer loop
      vertex 65.571 35.6802 3.2
      vertex 51.6802 49.571 3.2
      vertex 65.571 28.3198 3.2
    endloop
  endfacet
  facet normal 0 0 1
    outer loop
      vertex 65.55 28 3.2
      vertex 52.3198 6.42904 3.2
      vertex 52.6341 6.36652 3.2
    endloop
  endfacet
  facet normal 0 0 1
    outer loop
      vertex 51.3659 49.6335 3.2
      vertex 65.571 28.3198 3.2
      vertex 51.6802 49.571 3.2
    endloop
  endfacet
  facet normal 0 0 1
    outer loop
      vertex 65.55 28 3.2
      vertex 52 6.45 3.2
      vertex 52.3198 6.42904 3.2
    endloop
  endfacet
  facet normal 0 0 1
    outer loop
      vertex 65.571 28.3198 3.2
      vertex 51.3659 49.6335 3.2
      vertex 65.55 28 3.2
    endloop
  endfacet
  facet normal 0 0 1
    outer loop
      vertex 65.55 28 3.2
      vertex 51.6802 6.42904 3.2
      vertex 52 6.45 3.2
    endloop
  endfacet
  facet normal 0 0 1
    outer loop
      vertex 51.0624 49.7365 3.2
      vertex 65.55 28 3.2
      vertex 51.3659 49.6335 3.2
    endloop
  endfacet
  facet normal 0 0 1
    outer loop
      vertex 65.55 28 3.2
      vertex 51.3659 6.36652 3.2
      vertex 51.6802 6.42904 3.2
    endloop
  endfacet
  facet normal 0 0 1
    outer loop
      vertex 50.2676 50.2676 3.2
      vertex 45.7324 50.2676 3.2
      vertex 50.5085 50.0563 3.2
    endloop
  endfacet
  facet normal 0 0 1
    outer loop
      vertex 65.55 28 3.2
      vertex 51.0624 6.2635 3.2
      vertex 51.3659 6.36652 3.2
    endloop
  endfacet
  facet normal 0 0 1
    outer loop
      vertex 50.0563 50.5085 3.2
      vertex 45.9437 50.5085 3.2
      vertex 50.2676 50.2676 3.2
    endloop
  endfacet
  facet normal 0 0 1
    outer loop
      vertex 45.7324 50.2676 3.2
      vertex 50.2676 50.2676 3.2
      vertex 45.9437 50.5085 3.2
    endloop
  endfacet
  facet normal 0 0 1
    outer loop
      vertex 46.1218 50.775 3.2
      vertex 49.8782 50.775 3.2
      vertex 46.2635 51.0624 3.2
    endloop
  endfacet
  facet normal 0 0 1
    outer loop
      vertex 49.8782 50.775 3.2
      vertex 46.1218 50.775 3.2
      vertex 50.0563 50.5085 3.2
    endloop
  endfacet
  facet normal 0 0 1
    outer loop
      vertex 49.7365 51.0624 3.2
      vertex 46.2635 51.0624 3.2
      vertex 49.8782 50.775 3.2
    endloop
  endfacet
  facet normal 0 0 1
    outer loop
      vertex 45.9437 50.5085 3.2
      vertex 50.0563 50.5085 3.2
      vertex 46.1218 50.775 3.2
    endloop
  endfacet
  facet normal 0 0 1
    outer loop
      vertex 46.2635 51.0624 3.2
      vertex 49.7365 51.0624 3.2
      vertex 46.3665 51.3659 3.2
    endloop
  endfacet
  facet normal 0 0 1
    outer loop
      vertex 50.775 6.12176 3.2
      vertex 46.45 4 3.2
      vertex 50.5085 5.94372 3.2
    endloop
  endfacet
  facet normal 0 0 1
    outer loop
      vertex 49.6335 51.3659 3.2
      vertex 46.3665 51.3659 3.2
      vertex 49.7365 51.0624 3.2
    endloop
  endfacet
  facet normal 0 0 1
    outer loop
      vertex 50.5085 5.94372 3.2
      vertex 46.45 4 3.2
      vertex 50.2676 5.73241 3.2
    endloop
  endfacet
  facet normal 0 0 1
    outer loop
      vertex 46.3665 51.3659 3.2
      vertex 49.6335 51.3659 3.2
      vertex 46.429 51.6802 3.2
    endloop
  endfacet
  facet normal 0 0 1
    outer loop
      vertex 50.2676 5.73241 3.2
      vertex 46.45 4 3.2
      vertex 50.0563 5.49146 3.2
    endloop
  endfacet
  facet normal 0 0 1
    outer loop
      vertex 49.571 51.6802 3.2
      vertex 46.429 51.6802 3.2
      vertex 49.6335 51.3659 3.2
    endloop
  endfacet
  facet normal 0 0 1
    outer loop
      vertex 50.0563 5.49146 3.2
      vertex 46.45 4 3.2
      vertex 49.8782 5.225 3.2
    endloop
  endfacet
  facet normal 0 0 1
    outer loop
      vertex 46.429 51.6802 3.2
      vertex 49.571 51.6802 3.2
      vertex 46.45 52 3.2
    endloop
  endfacet
  facet normal 0 0 1
    outer loop
      vertex 49.8782 5.225 3.2
      vertex 46.45 4 3.2
      vertex 49.7365 4.93757 3.2
    endloop
  endfacet
  facet normal -0 0 1
    outer loop
      vertex 46.45 52 3.2
      vertex 49.571 51.6802 3.2
      vertex 49.55 52 3.2
    endloop
  endfacet
  facet normal 0 0 1
    outer loop
      vertex 49.7365 4.93757 3.2
      vertex 46.45 4 3.2
      vertex 49.6335 4.63411 3.2
    endloop
  endfacet
  facet normal -0 0 1
    outer loop
      vertex 60.6341 49.6335 3.2
      vertex 65.6335 44.6341 3.2
      vertex 60.9376 49.7365 3.2
    endloop
  endfacet
  facet normal 0 0 1
    outer loop
      vertex 65.55 28 3.2
      vertex 62.429 4.31979 3.2
      vertex 62.45 4 3.2
    endloop
  endfacet
  facet normal 0 0 1
    outer loop
      vertex 65.6335 44.6341 3.2
      vertex 60.6341 49.6335 3.2
      vertex 65.571 44.3198 3.2
    endloop
  endfacet
  facet normal 0 0 1
    outer loop
      vertex 65.55 28 3.2
      vertex 62.3665 4.63411 3.2
      vertex 62.429 4.31979 3.2
    endloop
  endfacet
  facet normal -0 0 1
    outer loop
      vertex 60.3198 49.571 3.2
      vertex 65.571 44.3198 3.2
      vertex 60.6341 49.6335 3.2
    endloop
  endfacet
  facet normal 0 0 1
    outer loop
      vertex 65.55 28 3.2
      vertex 62.2635 4.93757 3.2
      vertex 62.3665 4.63411 3.2
    endloop
  endfacet
  facet normal 0 0 1
    outer loop
      vertex 65.571 44.3198 3.2
      vertex 60.3198 49.571 3.2
      vertex 65.55 44 3.2
    endloop
  endfacet
  facet normal 0 0 1
    outer loop
      vertex 65.55 28 3.2
      vertex 62.1218 5.225 3.2
      vertex 62.2635 4.93757 3.2
    endloop
  endfacet
  facet normal -0 0 1
    outer loop
      vertex 60 49.55 3.2
      vertex 65.55 44 3.2
      vertex 60.3198 49.571 3.2
    endloop
  endfacet
  facet normal 0 0 1
    outer loop
      vertex 65.55 28 3.2
      vertex 61.9437 5.49146 3.2
      vertex 62.1218 5.225 3.2
    endloop
  endfacet
  facet normal 0 0 1
    outer loop
      vertex 65.55 44 3.2
      vertex 60 49.55 3.2
      vertex 65.571 43.6802 3.2
    endloop
  endfacet
  facet normal 0 0 1
    outer loop
      vertex 65.55 28 3.2
      vertex 61.7324 5.73241 3.2
      vertex 61.9437 5.49146 3.2
    endloop
  endfacet
  facet normal 0 0 1
    outer loop
      vertex 59.6802 49.571 3.2
      vertex 65.571 43.6802 3.2
      vertex 60 49.55 3.2
    endloop
  endfacet
  facet normal 0 0 1
    outer loop
      vertex 65.55 28 3.2
      vertex 61.4915 5.94372 3.2
      vertex 61.7324 5.73241 3.2
    endloop
  endfacet
  facet normal 0 0 1
    outer loop
      vertex 65.571 43.6802 3.2
      vertex 59.6802 49.571 3.2
      vertex 65.6335 43.3659 3.2
    endloop
  endfacet
  facet normal 0 0 1
    outer loop
      vertex 65.55 28 3.2
      vertex 61.225 6.12176 3.2
      vertex 61.4915 5.94372 3.2
    endloop
  endfacet
  facet normal 0 0 1
    outer loop
      vertex 59.3659 49.6335 3.2
      vertex 65.6335 43.3659 3.2
      vertex 59.6802 49.571 3.2
    endloop
  endfacet
  facet normal 0 0 1
    outer loop
      vertex 65.55 28 3.2
      vertex 60.9376 6.2635 3.2
      vertex 61.225 6.12176 3.2
    endloop
  endfacet
  facet normal 0 0 1
    outer loop
      vertex 65.6335 43.3659 3.2
      vertex 59.3659 49.6335 3.2
      vertex 65.6335 36.6341 3.2
    endloop
  endfacet
  facet normal 0 0 1
    outer loop
      vertex 65.55 28 3.2
      vertex 60.6341 6.36652 3.2
      vertex 60.9376 6.2635 3.2
    endloop
  endfacet
  facet normal 0 0 1
    outer loop
      vertex 59.0624 49.7365 3.2
      vertex 65.6335 36.6341 3.2
      vertex 59.3659 49.6335 3.2
    endloop
  endfacet
  facet normal 0 0 1
    outer loop
      vertex 65.55 28 3.2
      vertex 60.3198 6.42904 3.2
      vertex 60.6341 6.36652 3.2
    endloop
  endfacet
  facet normal 0 0 1
    outer loop
      vertex 53.4915 50.0563 3.2
      vertex 58.5085 50.0563 3.2
      vertex 53.7324 50.2676 3.2
    endloop
  endfacet
  facet normal 0 0 1
    outer loop
      vertex 65.55 28 3.2
      vertex 60 6.45 3.2
      vertex 60.3198 6.42904 3.2
    endloop
  endfacet
  facet normal 0 0 1
    outer loop
      vertex 58.2676 50.2676 3.2
      vertex 53.7324 50.2676 3.2
      vertex 58.5085 50.0563 3.2
    endloop
  endfacet
  facet normal 0 0 1
    outer loop
      vertex 65.55 28 3.2
      vertex 59.6802 6.42904 3.2
      vertex 60 6.45 3.2
    endloop
  endfacet
  facet normal 0 0 1
    outer loop
      vertex 53.9437 50.5085 3.2
      vertex 58.0563 50.5085 3.2
      vertex 54.1218 50.775 3.2
    endloop
  endfacet
  facet normal 0 0 1
    outer loop
      vertex 65.55 28 3.2
      vertex 59.3659 6.36652 3.2
      vertex 59.6802 6.42904 3.2
    endloop
  endfacet
  facet normal 0 0 1
    outer loop
      vertex 57.8782 50.775 3.2
      vertex 54.1218 50.775 3.2
      vertex 58.0563 50.5085 3.2
    endloop
  endfacet
  facet normal 0 0 1
    outer loop
      vertex 65.55 28 3.2
      vertex 59.0624 6.2635 3.2
      vertex 59.3659 6.36652 3.2
    endloop
  endfacet
  facet normal 0 0 1
    outer loop
      vertex 58.0563 50.5085 3.2
      vertex 53.9437 50.5085 3.2
      vertex 58.2676 50.2676 3.2
    endloop
  endfacet
  facet normal 0 0 1
    outer loop
      vertex 65.55 28 3.2
      vertex 58.775 6.12176 3.2
      vertex 59.0624 6.2635 3.2
    endloop
  endfacet
  facet normal 0 0 1
    outer loop
      vertex 54.1218 50.775 3.2
      vertex 57.8782 50.775 3.2
      vertex 54.2635 51.0624 3.2
    endloop
  endfacet
  facet normal 0 0 1
    outer loop
      vertex 53.225 49.8782 3.2
      vertex 58.775 49.8782 3.2
      vertex 53.4915 50.0563 3.2
    endloop
  endfacet
  facet normal 0 0 1
    outer loop
      vertex 57.7365 51.0624 3.2
      vertex 54.2635 51.0624 3.2
      vertex 57.8782 50.775 3.2
    endloop
  endfacet
  facet normal 0 0 1
    outer loop
      vertex 65.55 28 3.2
      vertex 54.45 4 3.2
      vertex 58.775 6.12176 3.2
    endloop
  endfacet
  facet normal 0 0 1
    outer loop
      vertex 54.2635 51.0624 3.2
      vertex 57.7365 51.0624 3.2
      vertex 54.3665 51.3659 3.2
    endloop
  endfacet
  facet normal 0 0 1
    outer loop
      vertex 58.775 6.12176 3.2
      vertex 54.45 4 3.2
      vertex 58.5085 5.94372 3.2
    endloop
  endfacet
  facet normal 0 0 1
    outer loop
      vertex 57.6335 51.3659 3.2
      vertex 54.3665 51.3659 3.2
      vertex 57.7365 51.0624 3.2
    endloop
  endfacet
  facet normal 0 0 1
    outer loop
      vertex 58.5085 5.94372 3.2
      vertex 54.45 4 3.2
      vertex 58.2676 5.73241 3.2
    endloop
  endfacet
  facet normal 0 0 1
    outer loop
      vertex 54.3665 51.3659 3.2
      vertex 57.6335 51.3659 3.2
      vertex 54.429 51.6802 3.2
    endloop
  endfacet
  facet normal 0 0 1
    outer loop
      vertex 58.2676 5.73241 3.2
      vertex 54.45 4 3.2
      vertex 58.0563 5.49146 3.2
    endloop
  endfacet
  facet normal 0 0 1
    outer loop
      vertex 57.571 51.6802 3.2
      vertex 54.429 51.6802 3.2
      vertex 57.6335 51.3659 3.2
    endloop
  endfacet
  facet normal 0 0 1
    outer loop
      vertex 58.0563 5.49146 3.2
      vertex 54.45 4 3.2
      vertex 57.8782 5.225 3.2
    endloop
  endfacet
  facet normal 0 0 1
    outer loop
      vertex 54.429 51.6802 3.2
      vertex 57.571 51.6802 3.2
      vertex 54.45 52 3.2
    endloop
  endfacet
  facet normal 0 0 1
    outer loop
      vertex 57.8782 5.225 3.2
      vertex 54.45 4 3.2
      vertex 57.7365 4.93757 3.2
    endloop
  endfacet
  facet normal -0 0 1
    outer loop
      vertex 54.45 52 3.2
      vertex 57.571 51.6802 3.2
      vertex 57.55 52 3.2
    endloop
  endfacet
  facet normal 0 0 1
    outer loop
      vertex 57.7365 4.93757 3.2
      vertex 54.45 4 3.2
      vertex 57.6335 4.63411 3.2
    endloop
  endfacet
  facet normal 0 0 1
    outer loop
      vertex 63.696 6.84941 3.2
      vertex 62.45 4 3.2
      vertex 63.6615 6.67621 3.2
    endloop
  endfacet
  facet normal 0 0 1
    outer loop
      vertex 61.225 54.1218 3.2
      vertex 63.65 55.5 3.2
      vertex 63.6615 55.6762 3.2
    endloop
  endfacet
  facet normal 0 0 1
    outer loop
      vertex 60.9376 54.2635 3.2
      vertex 63.6615 55.6762 3.2
      vertex 63.696 55.8494 3.2
    endloop
  endfacet
  facet normal 0 0 1
    outer loop
      vertex 63.6615 55.3238 3.2
      vertex 62.429 52.3198 3.2
      vertex 62.45 52 3.2
    endloop
  endfacet
  facet normal 0 0 1
    outer loop
      vertex 60.6341 54.3665 3.2
      vertex 63.696 55.8494 3.2
      vertex 63.7471 56 3.2
    endloop
  endfacet
  facet normal 0 0 1
    outer loop
      vertex 63.6615 55.3238 3.2
      vertex 62.3665 52.6341 3.2
      vertex 62.429 52.3198 3.2
    endloop
  endfacet
  facet normal 0 0 1
    outer loop
      vertex 63.6615 55.3238 3.2
      vertex 62.2635 52.9376 3.2
      vertex 62.3665 52.6341 3.2
    endloop
  endfacet
  facet normal 0 0 1
    outer loop
      vertex 63.6615 55.3238 3.2
      vertex 62.1218 53.225 3.2
      vertex 62.2635 52.9376 3.2
    endloop
  endfacet
  facet normal 0 0 1
    outer loop
      vertex 63.6615 55.3238 3.2
      vertex 61.9437 53.4915 3.2
      vertex 62.1218 53.225 3.2
    endloop
  endfacet
  facet normal 0 0 1
    outer loop
      vertex 63.6615 55.3238 3.2
      vertex 61.7324 53.7324 3.2
      vertex 61.9437 53.4915 3.2
    endloop
  endfacet
  facet normal 0 0 1
    outer loop
      vertex 63.6615 55.3238 3.2
      vertex 61.4915 53.9437 3.2
      vertex 61.7324 53.7324 3.2
    endloop
  endfacet
  facet normal 0 0 1
    outer loop
      vertex 63.6615 55.3238 3.2
      vertex 61.225 54.1218 3.2
      vertex 61.4915 53.9437 3.2
    endloop
  endfacet
  facet normal 0 0 1
    outer loop
      vertex 63.6615 55.6762 3.2
      vertex 60.9376 54.2635 3.2
      vertex 61.225 54.1218 3.2
    endloop
  endfacet
  facet normal 0 0 1
    outer loop
      vertex 63.696 55.8494 3.2
      vertex 60.6341 54.3665 3.2
      vertex 60.9376 54.2635 3.2
    endloop
  endfacet
  facet normal 0 0 1
    outer loop
      vertex 63.7471 56 3.2
      vertex 60.3198 54.429 3.2
      vertex 60.6341 54.3665 3.2
    endloop
  endfacet
  facet normal 0 0 1
    outer loop
      vertex 63.7471 56 3.2
      vertex 60 54.45 3.2
      vertex 60.3198 54.429 3.2
    endloop
  endfacet
  facet normal 0 0 1
    outer loop
      vertex 63.7471 56 3.2
      vertex 59.6802 54.429 3.2
      vertex 60 54.45 3.2
    endloop
  endfacet
  facet normal 0 0 1
    outer loop
      vertex 63.7471 56 3.2
      vertex 59.3659 54.3665 3.2
      vertex 59.6802 54.429 3.2
    endloop
  endfacet
  facet normal 0 0 1
    outer loop
      vertex 52.6341 54.3665 3.2
      vertex 59.3659 54.3665 3.2
      vertex 63.7471 56 3.2
    endloop
  endfacet
  facet normal 0 0 1
    outer loop
      vertex 57.6335 4.63411 3.2
      vertex 54.45 4 3.2
      vertex 57.571 4.31979 3.2
    endloop
  endfacet
  facet normal 0 0 1
    outer loop
      vertex 57.571 52.3198 3.2
      vertex 54.45 52 3.2
      vertex 57.55 52 3.2
    endloop
  endfacet
  facet normal 0 0 1
    outer loop
      vertex 54.429 52.3198 3.2
      vertex 57.571 52.3198 3.2
      vertex 57.6335 52.6341 3.2
    endloop
  endfacet
  facet normal 0 0 1
    outer loop
      vertex 54.3665 52.6341 3.2
      vertex 57.6335 52.6341 3.2
      vertex 57.7365 52.9376 3.2
    endloop
  endfacet
  facet normal 0 0 1
    outer loop
      vertex 54.2635 52.9376 3.2
      vertex 57.7365 52.9376 3.2
      vertex 57.8782 53.225 3.2
    endloop
  endfacet
  facet normal 0 0 1
    outer loop
      vertex 54.1218 53.225 3.2
      vertex 57.8782 53.225 3.2
      vertex 58.0563 53.4915 3.2
    endloop
  endfacet
  facet normal 0 0 1
    outer loop
      vertex 53.9437 53.4915 3.2
      vertex 58.0563 53.4915 3.2
      vertex 58.2676 53.7324 3.2
    endloop
  endfacet
  facet normal 0 0 1
    outer loop
      vertex 53.7324 53.7324 3.2
      vertex 58.2676 53.7324 3.2
      vertex 58.5085 53.9437 3.2
    endloop
  endfacet
  facet normal 0 0 1
    outer loop
      vertex 53.4915 53.9437 3.2
      vertex 58.5085 53.9437 3.2
      vertex 58.775 54.1218 3.2
    endloop
  endfacet
  facet normal 0 0 1
    outer loop
      vertex 53.225 54.1218 3.2
      vertex 58.775 54.1218 3.2
      vertex 59.0624 54.2635 3.2
    endloop
  endfacet
  facet normal 0 0 1
    outer loop
      vertex 57.571 52.3198 3.2
      vertex 54.429 52.3198 3.2
      vertex 54.45 52 3.2
    endloop
  endfacet
  facet normal 0 0 1
    outer loop
      vertex 57.6335 52.6341 3.2
      vertex 54.3665 52.6341 3.2
      vertex 54.429 52.3198 3.2
    endloop
  endfacet
  facet normal 0 0 1
    outer loop
      vertex 59.3659 54.3665 3.2
      vertex 52.6341 54.3665 3.2
      vertex 59.0624 54.2635 3.2
    endloop
  endfacet
  facet normal 0 0 1
    outer loop
      vertex 57.7365 52.9376 3.2
      vertex 54.2635 52.9376 3.2
      vertex 54.3665 52.6341 3.2
    endloop
  endfacet
  facet normal 0 0 1
    outer loop
      vertex 57.8782 53.225 3.2
      vertex 54.1218 53.225 3.2
      vertex 54.2635 52.9376 3.2
    endloop
  endfacet
  facet normal 0 0 1
    outer loop
      vertex 58.0563 53.4915 3.2
      vertex 53.9437 53.4915 3.2
      vertex 54.1218 53.225 3.2
    endloop
  endfacet
  facet normal 0 0 1
    outer loop
      vertex 58.2676 53.7324 3.2
      vertex 53.7324 53.7324 3.2
      vertex 53.9437 53.4915 3.2
    endloop
  endfacet
  facet normal 0 0 1
    outer loop
      vertex 58.5085 53.9437 3.2
      vertex 53.4915 53.9437 3.2
      vertex 53.7324 53.7324 3.2
    endloop
  endfacet
  facet normal 0 0 1
    outer loop
      vertex 58.775 54.1218 3.2
      vertex 53.225 54.1218 3.2
      vertex 53.4915 53.9437 3.2
    endloop
  endfacet
  facet normal 0 0 1
    outer loop
      vertex 59.0624 54.2635 3.2
      vertex 52.9376 54.2635 3.2
      vertex 53.225 54.1218 3.2
    endloop
  endfacet
  facet normal 0 0 1
    outer loop
      vertex 59.0624 54.2635 3.2
      vertex 52.6341 54.3665 3.2
      vertex 52.9376 54.2635 3.2
    endloop
  endfacet
  facet normal 0 0 1
    outer loop
      vertex 63.7471 56 3.2
      vertex 52.3198 54.429 3.2
      vertex 52.6341 54.3665 3.2
    endloop
  endfacet
  facet normal 0 0 1
    outer loop
      vertex 63.7471 56 3.2
      vertex 52 54.45 3.2
      vertex 52.3198 54.429 3.2
    endloop
  endfacet
  facet normal 0 0 1
    outer loop
      vertex 44 54.45 3.2
      vertex 52 54.45 3.2
      vertex 63.7471 56 3.2
    endloop
  endfacet
  facet normal 0 0 1
    outer loop
      vertex 49.6335 4.63411 3.2
      vertex 46.45 4 3.2
      vertex 49.571 4.31979 3.2
    endloop
  endfacet
  facet normal 0 0 1
    outer loop
      vertex 49.571 52.3198 3.2
      vertex 46.45 52 3.2
      vertex 49.55 52 3.2
    endloop
  endfacet
  facet normal 0 0 1
    outer loop
      vertex 46.429 52.3198 3.2
      vertex 49.571 52.3198 3.2
      vertex 49.6335 52.6341 3.2
    endloop
  endfacet
  facet normal 0 0 1
    outer loop
      vertex 46.3665 52.6341 3.2
      vertex 49.6335 52.6341 3.2
      vertex 49.7365 52.9376 3.2
    endloop
  endfacet
  facet normal 0 0 1
    outer loop
      vertex 46.2635 52.9376 3.2
      vertex 49.7365 52.9376 3.2
      vertex 49.8782 53.225 3.2
    endloop
  endfacet
  facet normal 0 0 1
    outer loop
      vertex 46.1218 53.225 3.2
      vertex 49.8782 53.225 3.2
      vertex 50.0563 53.4915 3.2
    endloop
  endfacet
  facet normal 0 0 1
    outer loop
      vertex 45.9437 53.4915 3.2
      vertex 50.0563 53.4915 3.2
      vertex 50.2676 53.7324 3.2
    endloop
  endfacet
  facet normal 0 0 1
    outer loop
      vertex 45.7324 53.7324 3.2
      vertex 50.2676 53.7324 3.2
      vertex 50.5085 53.9437 3.2
    endloop
  endfacet
  facet normal 0 0 1
    outer loop
      vertex 45.4915 53.9437 3.2
      vertex 50.5085 53.9437 3.2
      vertex 50.775 54.1218 3.2
    endloop
  endfacet
  facet normal 0 0 1
    outer loop
      vertex 45.225 54.1218 3.2
      vertex 50.775 54.1218 3.2
      vertex 51.0624 54.2635 3.2
    endloop
  endfacet
  facet normal 0 0 1
    outer loop
      vertex 49.571 52.3198 3.2
      vertex 46.429 52.3198 3.2
      vertex 46.45 52 3.2
    endloop
  endfacet
  facet normal 0 0 1
    outer loop
      vertex 49.6335 52.6341 3.2
      vertex 46.3665 52.6341 3.2
      vertex 46.429 52.3198 3.2
    endloop
  endfacet
  facet normal 0 0 1
    outer loop
      vertex 49.7365 52.9376 3.2
      vertex 46.2635 52.9376 3.2
      vertex 46.3665 52.6341 3.2
    endloop
  endfacet
  facet normal 0 0 1
    outer loop
      vertex 44.9376 54.2635 3.2
      vertex 51.0624 54.2635 3.2
      vertex 51.3659 54.3665 3.2
    endloop
  endfacet
  facet normal 0 0 1
    outer loop
      vertex 49.8782 53.225 3.2
      vertex 46.1218 53.225 3.2
      vertex 46.2635 52.9376 3.2
    endloop
  endfacet
  facet normal 0 0 1
    outer loop
      vertex 50.0563 53.4915 3.2
      vertex 45.9437 53.4915 3.2
      vertex 46.1218 53.225 3.2
    endloop
  endfacet
  facet normal 0 0 1
    outer loop
      vertex 44.6341 54.3665 3.2
      vertex 51.3659 54.3665 3.2
      vertex 51.6802 54.429 3.2
    endloop
  endfacet
  facet normal 0 0 1
    outer loop
      vertex 50.2676 53.7324 3.2
      vertex 45.7324 53.7324 3.2
      vertex 45.9437 53.4915 3.2
    endloop
  endfacet
  facet normal 0 0 1
    outer loop
      vertex 52 54.45 3.2
      vertex 44 54.45 3.2
      vertex 51.6802 54.429 3.2
    endloop
  endfacet
  facet normal 0 0 1
    outer loop
      vertex 50.5085 53.9437 3.2
      vertex 45.4915 53.9437 3.2
      vertex 45.7324 53.7324 3.2
    endloop
  endfacet
  facet normal 0 0 1
    outer loop
      vertex 50.775 54.1218 3.2
      vertex 45.225 54.1218 3.2
      vertex 45.4915 53.9437 3.2
    endloop
  endfacet
  facet normal 0 0 1
    outer loop
      vertex 51.0624 54.2635 3.2
      vertex 44.9376 54.2635 3.2
      vertex 45.225 54.1218 3.2
    endloop
  endfacet
  facet normal 0 0 1
    outer loop
      vertex 51.3659 54.3665 3.2
      vertex 44.6341 54.3665 3.2
      vertex 44.9376 54.2635 3.2
    endloop
  endfacet
  facet normal 0 0 1
    outer loop
      vertex 51.6802 54.429 3.2
      vertex 44.3198 54.429 3.2
      vertex 44.6341 54.3665 3.2
    endloop
  endfacet
  facet normal 0 0 1
    outer loop
      vertex 51.6802 54.429 3.2
      vertex 44 54.45 3.2
      vertex 44.3198 54.429 3.2
    endloop
  endfacet
  facet normal 0 0 1
    outer loop
      vertex 36 54.45 3.2
      vertex 44 54.45 3.2
      vertex 63.7471 56 3.2
    endloop
  endfacet
  facet normal 0 0 1
    outer loop
      vertex 41.6335 4.63411 3.2
      vertex 38.45 4 3.2
      vertex 41.571 4.31979 3.2
    endloop
  endfacet
  facet normal 0 0 1
    outer loop
      vertex 41.571 52.3198 3.2
      vertex 38.45 52 3.2
      vertex 41.55 52 3.2
    endloop
  endfacet
  facet normal 0 0 1
    outer loop
      vertex 38.429 52.3198 3.2
      vertex 41.571 52.3198 3.2
      vertex 41.6335 52.6341 3.2
    endloop
  endfacet
  facet normal 0 0 1
    outer loop
      vertex 38.3665 52.6341 3.2
      vertex 41.6335 52.6341 3.2
      vertex 41.7365 52.9376 3.2
    endloop
  endfacet
  facet normal 0 0 1
    outer loop
      vertex 38.2635 52.9376 3.2
      vertex 41.7365 52.9376 3.2
      vertex 41.8782 53.225 3.2
    endloop
  endfacet
  facet normal 0 0 1
    outer loop
      vertex 38.1218 53.225 3.2
      vertex 41.8782 53.225 3.2
      vertex 42.0563 53.4915 3.2
    endloop
  endfacet
  facet normal 0 0 1
    outer loop
      vertex 37.9437 53.4915 3.2
      vertex 42.0563 53.4915 3.2
      vertex 42.2676 53.7324 3.2
    endloop
  endfacet
  facet normal 0 0 1
    outer loop
      vertex 37.7324 53.7324 3.2
      vertex 42.2676 53.7324 3.2
      vertex 42.5085 53.9437 3.2
    endloop
  endfacet
  facet normal 0 0 1
    outer loop
      vertex 37.4915 53.9437 3.2
      vertex 42.5085 53.9437 3.2
      vertex 42.775 54.1218 3.2
    endloop
  endfacet
  facet normal 0 0 1
    outer loop
      vertex 37.225 54.1218 3.2
      vertex 42.775 54.1218 3.2
      vertex 43.0624 54.2635 3.2
    endloop
  endfacet
  facet normal 0 0 1
    outer loop
      vertex 41.571 52.3198 3.2
      vertex 38.429 52.3198 3.2
      vertex 38.45 52 3.2
    endloop
  endfacet
  facet normal 0 0 1
    outer loop
      vertex 41.6335 52.6341 3.2
      vertex 38.3665 52.6341 3.2
      vertex 38.429 52.3198 3.2
    endloop
  endfacet
  facet normal 0 0 1
    outer loop
      vertex 41.7365 52.9376 3.2
      vertex 38.2635 52.9376 3.2
      vertex 38.3665 52.6341 3.2
    endloop
  endfacet
  facet normal 0 0 1
    outer loop
      vertex 36.9376 54.2635 3.2
      vertex 43.0624 54.2635 3.2
      vertex 43.3659 54.3665 3.2
    endloop
  endfacet
  facet normal 0 0 1
    outer loop
      vertex 41.8782 53.225 3.2
      vertex 38.1218 53.225 3.2
      vertex 38.2635 52.9376 3.2
    endloop
  endfacet
  facet normal 0 0 1
    outer loop
      vertex 42.0563 53.4915 3.2
      vertex 37.9437 53.4915 3.2
      vertex 38.1218 53.225 3.2
    endloop
  endfacet
  facet normal 0 0 1
    outer loop
      vertex 36.6341 54.3665 3.2
      vertex 43.3659 54.3665 3.2
      vertex 43.6802 54.429 3.2
    endloop
  endfacet
  facet normal 0 0 1
    outer loop
      vertex 42.2676 53.7324 3.2
      vertex 37.7324 53.7324 3.2
      vertex 37.9437 53.4915 3.2
    endloop
  endfacet
  facet normal 0 0 1
    outer loop
      vertex 42.5085 53.9437 3.2
      vertex 37.4915 53.9437 3.2
      vertex 37.7324 53.7324 3.2
    endloop
  endfacet
  facet normal 0 0 1
    outer loop
      vertex 42.775 54.1218 3.2
      vertex 37.225 54.1218 3.2
      vertex 37.4915 53.9437 3.2
    endloop
  endfacet
  facet normal 0 0 1
    outer loop
      vertex 44 54.45 3.2
      vertex 36 54.45 3.2
      vertex 43.6802 54.429 3.2
    endloop
  endfacet
  facet normal 0 0 1
    outer loop
      vertex 43.0624 54.2635 3.2
      vertex 36.9376 54.2635 3.2
      vertex 37.225 54.1218 3.2
    endloop
  endfacet
  facet normal 0 0 1
    outer loop
      vertex 43.3659 54.3665 3.2
      vertex 36.6341 54.3665 3.2
      vertex 36.9376 54.2635 3.2
    endloop
  endfacet
  facet normal 0 0 1
    outer loop
      vertex 43.6802 54.429 3.2
      vertex 36.3198 54.429 3.2
      vertex 36.6341 54.3665 3.2
    endloop
  endfacet
  facet normal 0 0 1
    outer loop
      vertex 43.6802 54.429 3.2
      vertex 36 54.45 3.2
      vertex 36.3198 54.429 3.2
    endloop
  endfacet
  facet normal 0 0 1
    outer loop
      vertex 33.6335 4.63411 3.2
      vertex 30.45 4 3.2
      vertex 33.571 4.31979 3.2
    endloop
  endfacet
  facet normal 0 0 1
    outer loop
      vertex 33.571 52.3198 3.2
      vertex 30.45 52 3.2
      vertex 33.55 52 3.2
    endloop
  endfacet
  facet normal 0 0 1
    outer loop
      vertex 30.429 52.3198 3.2
      vertex 33.571 52.3198 3.2
      vertex 33.6335 52.6341 3.2
    endloop
  endfacet
  facet normal 0 0 1
    outer loop
      vertex 30.3665 52.6341 3.2
      vertex 33.6335 52.6341 3.2
      vertex 33.7365 52.9376 3.2
    endloop
  endfacet
  facet normal 0 0 1
    outer loop
      vertex 30.2635 52.9376 3.2
      vertex 33.7365 52.9376 3.2
      vertex 33.8782 53.225 3.2
    endloop
  endfacet
  facet normal 0 0 1
    outer loop
      vertex 30.1218 53.225 3.2
      vertex 33.8782 53.225 3.2
      vertex 34.0563 53.4915 3.2
    endloop
  endfacet
  facet normal 0 0 1
    outer loop
      vertex 29.9437 53.4915 3.2
      vertex 34.0563 53.4915 3.2
      vertex 34.2676 53.7324 3.2
    endloop
  endfacet
  facet normal 0 0 1
    outer loop
      vertex 29.7324 53.7324 3.2
      vertex 34.2676 53.7324 3.2
      vertex 34.5085 53.9437 3.2
    endloop
  endfacet
  facet normal 0 0 1
    outer loop
      vertex 29.4915 53.9437 3.2
      vertex 34.5085 53.9437 3.2
      vertex 34.775 54.1218 3.2
    endloop
  endfacet
  facet normal 0 0 1
    outer loop
      vertex 29.225 54.1218 3.2
      vertex 34.775 54.1218 3.2
      vertex 35.0624 54.2635 3.2
    endloop
  endfacet
  facet normal 0 0 1
    outer loop
      vertex 33.571 52.3198 3.2
      vertex 30.429 52.3198 3.2
      vertex 30.45 52 3.2
    endloop
  endfacet
  facet normal 0 0 1
    outer loop
      vertex 33.6335 52.6341 3.2
      vertex 30.3665 52.6341 3.2
      vertex 30.429 52.3198 3.2
    endloop
  endfacet
  facet normal 0 0 1
    outer loop
      vertex 33.7365 52.9376 3.2
      vertex 30.2635 52.9376 3.2
      vertex 30.3665 52.6341 3.2
    endloop
  endfacet
  facet normal 0 0 1
    outer loop
      vertex 28.9376 54.2635 3.2
      vertex 35.0624 54.2635 3.2
      vertex 35.3659 54.3665 3.2
    endloop
  endfacet
  facet normal 0 0 1
    outer loop
      vertex 33.8782 53.225 3.2
      vertex 30.1218 53.225 3.2
      vertex 30.2635 52.9376 3.2
    endloop
  endfacet
  facet normal 0 0 1
    outer loop
      vertex 34.0563 53.4915 3.2
      vertex 29.9437 53.4915 3.2
      vertex 30.1218 53.225 3.2
    endloop
  endfacet
  facet normal 0 0 1
    outer loop
      vertex 28.6341 54.3665 3.2
      vertex 35.3659 54.3665 3.2
      vertex 35.6802 54.429 3.2
    endloop
  endfacet
  facet normal 0 0 1
    outer loop
      vertex 34.2676 53.7324 3.2
      vertex 29.7324 53.7324 3.2
      vertex 29.9437 53.4915 3.2
    endloop
  endfacet
  facet normal 0 0 1
    outer loop
      vertex 34.5085 53.9437 3.2
      vertex 29.4915 53.9437 3.2
      vertex 29.7324 53.7324 3.2
    endloop
  endfacet
  facet normal 0 0 1
    outer loop
      vertex 34.775 54.1218 3.2
      vertex 29.225 54.1218 3.2
      vertex 29.4915 53.9437 3.2
    endloop
  endfacet
  facet normal 0 0 1
    outer loop
      vertex 28.3198 54.429 3.2
      vertex 35.6802 54.429 3.2
      vertex 36 54.45 3.2
    endloop
  endfacet
  facet normal -0 0 1
    outer loop
      vertex 8.25288 56 3.2
      vertex 36 54.45 3.2
      vertex 63.7471 56 3.2
    endloop
  endfacet
  facet normal 0 0 1
    outer loop
      vertex 35.0624 54.2635 3.2
      vertex 28.9376 54.2635 3.2
      vertex 29.225 54.1218 3.2
    endloop
  endfacet
  facet normal 0 0 1
    outer loop
      vertex 35.3659 54.3665 3.2
      vertex 28.6341 54.3665 3.2
      vertex 28.9376 54.2635 3.2
    endloop
  endfacet
  facet normal 0 0 1
    outer loop
      vertex 35.6802 54.429 3.2
      vertex 28.3198 54.429 3.2
      vertex 28.6341 54.3665 3.2
    endloop
  endfacet
  facet normal 0 0 1
    outer loop
      vertex 36 54.45 3.2
      vertex 28 54.45 3.2
      vertex 28.3198 54.429 3.2
    endloop
  endfacet
  facet normal 0 0 1
    outer loop
      vertex 25.6335 4.63411 3.2
      vertex 22.45 4 3.2
      vertex 25.571 4.31979 3.2
    endloop
  endfacet
  facet normal 0 0 1
    outer loop
      vertex 25.571 52.3198 3.2
      vertex 22.45 52 3.2
      vertex 25.55 52 3.2
    endloop
  endfacet
  facet normal 0 0 1
    outer loop
      vertex 22.429 52.3198 3.2
      vertex 25.571 52.3198 3.2
      vertex 25.6335 52.6341 3.2
    endloop
  endfacet
  facet normal 0 0 1
    outer loop
      vertex 22.3665 52.6341 3.2
      vertex 25.6335 52.6341 3.2
      vertex 25.7365 52.9376 3.2
    endloop
  endfacet
  facet normal 0 0 1
    outer loop
      vertex 22.2635 52.9376 3.2
      vertex 25.7365 52.9376 3.2
      vertex 25.8782 53.225 3.2
    endloop
  endfacet
  facet normal 0 0 1
    outer loop
      vertex 22.1218 53.225 3.2
      vertex 25.8782 53.225 3.2
      vertex 26.0563 53.4915 3.2
    endloop
  endfacet
  facet normal 0 0 1
    outer loop
      vertex 21.9437 53.4915 3.2
      vertex 26.0563 53.4915 3.2
      vertex 26.2676 53.7324 3.2
    endloop
  endfacet
  facet normal 0 0 1
    outer loop
      vertex 21.7324 53.7324 3.2
      vertex 26.2676 53.7324 3.2
      vertex 26.5085 53.9437 3.2
    endloop
  endfacet
  facet normal 0 0 1
    outer loop
      vertex 21.4915 53.9437 3.2
      vertex 26.5085 53.9437 3.2
      vertex 26.775 54.1218 3.2
    endloop
  endfacet
  facet normal 0 0 1
    outer loop
      vertex 21.225 54.1218 3.2
      vertex 26.775 54.1218 3.2
      vertex 27.0624 54.2635 3.2
    endloop
  endfacet
  facet normal 0 0 1
    outer loop
      vertex 25.571 52.3198 3.2
      vertex 22.429 52.3198 3.2
      vertex 22.45 52 3.2
    endloop
  endfacet
  facet normal 0 0 1
    outer loop
      vertex 25.6335 52.6341 3.2
      vertex 22.3665 52.6341 3.2
      vertex 22.429 52.3198 3.2
    endloop
  endfacet
  facet normal 0 0 1
    outer loop
      vertex 25.7365 52.9376 3.2
      vertex 22.2635 52.9376 3.2
      vertex 22.3665 52.6341 3.2
    endloop
  endfacet
  facet normal 0 0 1
    outer loop
      vertex 20.9376 54.2635 3.2
      vertex 27.0624 54.2635 3.2
      vertex 27.3659 54.3665 3.2
    endloop
  endfacet
  facet normal 0 0 1
    outer loop
      vertex 25.8782 53.225 3.2
      vertex 22.1218 53.225 3.2
      vertex 22.2635 52.9376 3.2
    endloop
  endfacet
  facet normal 0 0 1
    outer loop
      vertex 26.0563 53.4915 3.2
      vertex 21.9437 53.4915 3.2
      vertex 22.1218 53.225 3.2
    endloop
  endfacet
  facet normal 0 0 1
    outer loop
      vertex 20.6341 54.3665 3.2
      vertex 27.3659 54.3665 3.2
      vertex 27.6802 54.429 3.2
    endloop
  endfacet
  facet normal 0 0 1
    outer loop
      vertex 26.2676 53.7324 3.2
      vertex 21.7324 53.7324 3.2
      vertex 21.9437 53.4915 3.2
    endloop
  endfacet
  facet normal 0 0 1
    outer loop
      vertex 26.5085 53.9437 3.2
      vertex 21.4915 53.9437 3.2
      vertex 21.7324 53.7324 3.2
    endloop
  endfacet
  facet normal 0 0 1
    outer loop
      vertex 26.775 54.1218 3.2
      vertex 21.225 54.1218 3.2
      vertex 21.4915 53.9437 3.2
    endloop
  endfacet
  facet normal 0 0 1
    outer loop
      vertex 20.3198 54.429 3.2
      vertex 27.6802 54.429 3.2
      vertex 28 54.45 3.2
    endloop
  endfacet
  facet normal 0 0 1
    outer loop
      vertex 27.0624 54.2635 3.2
      vertex 20.9376 54.2635 3.2
      vertex 21.225 54.1218 3.2
    endloop
  endfacet
  facet normal 0 0 1
    outer loop
      vertex 36 54.45 3.2
      vertex 8.25288 56 3.2
      vertex 28 54.45 3.2
    endloop
  endfacet
  facet normal 0 0 1
    outer loop
      vertex 27.3659 54.3665 3.2
      vertex 20.6341 54.3665 3.2
      vertex 20.9376 54.2635 3.2
    endloop
  endfacet
  facet normal 0 0 1
    outer loop
      vertex 27.6802 54.429 3.2
      vertex 20.3198 54.429 3.2
      vertex 20.6341 54.3665 3.2
    endloop
  endfacet
  facet normal 0 -0 1
    outer loop
      vertex 20 54.45 3.2
      vertex 28 54.45 3.2
      vertex 8.25288 56 3.2
    endloop
  endfacet
  facet normal 0 0 1
    outer loop
      vertex 17.6335 4.63411 3.2
      vertex 14.45 4 3.2
      vertex 17.571 4.31979 3.2
    endloop
  endfacet
  facet normal 0 0 1
    outer loop
      vertex 17.571 52.3198 3.2
      vertex 14.45 52 3.2
      vertex 17.55 52 3.2
    endloop
  endfacet
  facet normal 0 0 1
    outer loop
      vertex 14.429 52.3198 3.2
      vertex 17.571 52.3198 3.2
      vertex 17.6335 52.6341 3.2
    endloop
  endfacet
  facet normal 0 0 1
    outer loop
      vertex 14.3665 52.6341 3.2
      vertex 17.6335 52.6341 3.2
      vertex 17.7365 52.9376 3.2
    endloop
  endfacet
  facet normal 0 0 1
    outer loop
      vertex 14.2635 52.9376 3.2
      vertex 17.7365 52.9376 3.2
      vertex 17.8782 53.225 3.2
    endloop
  endfacet
  facet normal 0 0 1
    outer loop
      vertex 14.1218 53.225 3.2
      vertex 17.8782 53.225 3.2
      vertex 18.0563 53.4915 3.2
    endloop
  endfacet
  facet normal 0 0 1
    outer loop
      vertex 13.9437 53.4915 3.2
      vertex 18.0563 53.4915 3.2
      vertex 18.2676 53.7324 3.2
    endloop
  endfacet
  facet normal 0 0 1
    outer loop
      vertex 13.7324 53.7324 3.2
      vertex 18.2676 53.7324 3.2
      vertex 18.5085 53.9437 3.2
    endloop
  endfacet
  facet normal 0 0 1
    outer loop
      vertex 13.4915 53.9437 3.2
      vertex 18.5085 53.9437 3.2
      vertex 18.775 54.1218 3.2
    endloop
  endfacet
  facet normal 0 0 1
    outer loop
      vertex 13.225 54.1218 3.2
      vertex 18.775 54.1218 3.2
      vertex 19.0624 54.2635 3.2
    endloop
  endfacet
  facet normal 0 0 1
    outer loop
      vertex 17.571 52.3198 3.2
      vertex 14.429 52.3198 3.2
      vertex 14.45 52 3.2
    endloop
  endfacet
  facet normal 0 0 1
    outer loop
      vertex 17.6335 52.6341 3.2
      vertex 14.3665 52.6341 3.2
      vertex 14.429 52.3198 3.2
    endloop
  endfacet
  facet normal 0 0 1
    outer loop
      vertex 17.7365 52.9376 3.2
      vertex 14.2635 52.9376 3.2
      vertex 14.3665 52.6341 3.2
    endloop
  endfacet
  facet normal 0 0 1
    outer loop
      vertex 12.9376 54.2635 3.2
      vertex 19.0624 54.2635 3.2
      vertex 19.3659 54.3665 3.2
    endloop
  endfacet
  facet normal 0 0 1
    outer loop
      vertex 17.8782 53.225 3.2
      vertex 14.1218 53.225 3.2
      vertex 14.2635 52.9376 3.2
    endloop
  endfacet
  facet normal 0 0 1
    outer loop
      vertex 18.0563 53.4915 3.2
      vertex 13.9437 53.4915 3.2
      vertex 14.1218 53.225 3.2
    endloop
  endfacet
  facet normal 0 0 1
    outer loop
      vertex 8.25288 56 3.2
      vertex 19.3659 54.3665 3.2
      vertex 19.6802 54.429 3.2
    endloop
  endfacet
  facet normal 0 0 1
    outer loop
      vertex 18.2676 53.7324 3.2
      vertex 13.7324 53.7324 3.2
      vertex 13.9437 53.4915 3.2
    endloop
  endfacet
  facet normal 0 0 1
    outer loop
      vertex 18.5085 53.9437 3.2
      vertex 13.4915 53.9437 3.2
      vertex 13.7324 53.7324 3.2
    endloop
  endfacet
  facet normal 0 0 1
    outer loop
      vertex 18.775 54.1218 3.2
      vertex 13.225 54.1218 3.2
      vertex 13.4915 53.9437 3.2
    endloop
  endfacet
  facet normal 0 0 1
    outer loop
      vertex 8.25288 56 3.2
      vertex 19.6802 54.429 3.2
      vertex 20 54.45 3.2
    endloop
  endfacet
  facet normal 0 0 1
    outer loop
      vertex 19.0624 54.2635 3.2
      vertex 12.9376 54.2635 3.2
      vertex 13.225 54.1218 3.2
    endloop
  endfacet
  facet normal 0 0 1
    outer loop
      vertex 28 54.45 3.2
      vertex 20 54.45 3.2
      vertex 20.3198 54.429 3.2
    endloop
  endfacet
  facet normal 0 0 1
    outer loop
      vertex 19.3659 54.3665 3.2
      vertex 12.6341 54.3665 3.2
      vertex 12.9376 54.2635 3.2
    endloop
  endfacet
  facet normal 0 0 1
    outer loop
      vertex 19.3659 54.3665 3.2
      vertex 8.25288 56 3.2
      vertex 12.6341 54.3665 3.2
    endloop
  endfacet
  facet normal 0 0 1
    outer loop
      vertex 12.6341 54.3665 3.2
      vertex 8.25288 56 3.2
      vertex 12.3198 54.429 3.2
    endloop
  endfacet
  facet normal 0 0 1
    outer loop
      vertex 9.87824 53.225 3.2
      vertex 7.95459 54.5454 3.2
      vertex 9.7365 52.9376 3.2
    endloop
  endfacet
  facet normal -0 0 1
    outer loop
      vertex 8.07103 54.6782 3.2
      vertex 10.0563 53.4915 3.2
      vertex 8.16913 54.825 3.2
    endloop
  endfacet
  facet normal -0 0 1
    outer loop
      vertex 8.16913 54.825 3.2
      vertex 10.0563 53.4915 3.2
      vertex 8.24724 54.9834 3.2
    endloop
  endfacet
  facet normal 0 0 1
    outer loop
      vertex 10.2676 53.7324 3.2
      vertex 8.24724 54.9834 3.2
      vertex 10.0563 53.4915 3.2
    endloop
  endfacet
  facet normal -0 0 1
    outer loop
      vertex 8.24724 54.9834 3.2
      vertex 10.2676 53.7324 3.2
      vertex 8.304 55.1506 3.2
    endloop
  endfacet
  facet normal 0 0 1
    outer loop
      vertex 10.5085 53.9437 3.2
      vertex 8.304 55.1506 3.2
      vertex 10.2676 53.7324 3.2
    endloop
  endfacet
  facet normal -0 0 1
    outer loop
      vertex 8.304 55.1506 3.2
      vertex 10.5085 53.9437 3.2
      vertex 8.33845 55.3238 3.2
    endloop
  endfacet
  facet normal 0 0 1
    outer loop
      vertex 10.775 54.1218 3.2
      vertex 8.33845 55.3238 3.2
      vertex 10.5085 53.9437 3.2
    endloop
  endfacet
  facet normal -0 0 1
    outer loop
      vertex 8.33845 55.3238 3.2
      vertex 10.775 54.1218 3.2
      vertex 8.35 55.5 3.2
    endloop
  endfacet
  facet normal 0 0 1
    outer loop
      vertex 8.33845 55.6762 3.2
      vertex 10.775 54.1218 3.2
      vertex 11.0624 54.2635 3.2
    endloop
  endfacet
  facet normal 0 0 1
    outer loop
      vertex 8.304 55.8494 3.2
      vertex 11.0624 54.2635 3.2
      vertex 11.3659 54.3665 3.2
    endloop
  endfacet
  facet normal 0 0 1
    outer loop
      vertex 8.25288 56 3.2
      vertex 11.3659 54.3665 3.2
      vertex 11.6802 54.429 3.2
    endloop
  endfacet
  facet normal 0 0 1
    outer loop
      vertex 8.25288 56 3.2
      vertex 11.6802 54.429 3.2
      vertex 12 54.45 3.2
    endloop
  endfacet
  facet normal 0 0 1
    outer loop
      vertex 12.3198 54.429 3.2
      vertex 8.25288 56 3.2
      vertex 12 54.45 3.2
    endloop
  endfacet
  facet normal 0 0 1
    outer loop
      vertex 10.775 54.1218 3.2
      vertex 8.33845 55.6762 3.2
      vertex 8.35 55.5 3.2
    endloop
  endfacet
  facet normal 0 0 1
    outer loop
      vertex 11.0624 54.2635 3.2
      vertex 8.304 55.8494 3.2
      vertex 8.33845 55.6762 3.2
    endloop
  endfacet
  facet normal 0 0 1
    outer loop
      vertex 11.3659 54.3665 3.2
      vertex 8.25288 56 3.2
      vertex 8.304 55.8494 3.2
    endloop
  endfacet
  facet normal -0 0 1
    outer loop
      vertex 6.2635 11.0624 3.2
      vertex 7.675 7.66913 3.2
      vertex 6.36652 11.3659 3.2
    endloop
  endfacet
  facet normal 0 0 1
    outer loop
      vertex 7.675 7.66913 3.2
      vertex 6.2635 11.0624 3.2
      vertex 7.51662 7.74724 3.2
    endloop
  endfacet
  facet normal -0 0 1
    outer loop
      vertex 6.12176 10.775 3.2
      vertex 7.51662 7.74724 3.2
      vertex 6.2635 11.0624 3.2
    endloop
  endfacet
  facet normal 0 0 1
    outer loop
      vertex 7.51662 7.74724 3.2
      vertex 6.12176 10.775 3.2
      vertex 7.34941 7.804 3.2
    endloop
  endfacet
  facet normal 0 0 1
    outer loop
      vertex 7.34941 7.804 3.2
      vertex 6.12176 10.775 3.2
      vertex 7.17621 7.83845 3.2
    endloop
  endfacet
  facet normal -0 0 1
    outer loop
      vertex 5.94372 10.5085 3.2
      vertex 7.17621 7.83845 3.2
      vertex 6.12176 10.775 3.2
    endloop
  endfacet
  facet normal 0 0 1
    outer loop
      vertex 7.17621 7.83845 3.2
      vertex 5.94372 10.5085 3.2
      vertex 7 7.85 3.2
    endloop
  endfacet
  facet normal -0 0 1
    outer loop
      vertex 5.73241 10.2676 3.2
      vertex 7 7.85 3.2
      vertex 5.94372 10.5085 3.2
    endloop
  endfacet
  facet normal 0 0 1
    outer loop
      vertex 7 7.85 3.2
      vertex 5.73241 10.2676 3.2
      vertex 6.82379 7.83845 3.2
    endloop
  endfacet
  facet normal -0 0 1
    outer loop
      vertex 5.49146 10.0563 3.2
      vertex 6.82379 7.83845 3.2
      vertex 5.73241 10.2676 3.2
    endloop
  endfacet
  facet normal 0 0 1
    outer loop
      vertex 6.82379 7.83845 3.2
      vertex 5.49146 10.0563 3.2
      vertex 6.65059 7.804 3.2
    endloop
  endfacet
  facet normal 0 0 1
    outer loop
      vertex 6.65059 7.804 3.2
      vertex 5.49146 10.0563 3.2
      vertex 6.48338 7.74724 3.2
    endloop
  endfacet
  facet normal -0 0 1
    outer loop
      vertex 5.225 9.87824 3.2
      vertex 6.48338 7.74724 3.2
      vertex 5.49146 10.0563 3.2
    endloop
  endfacet
  facet normal 0 0 1
    outer loop
      vertex 6.48338 7.74724 3.2
      vertex 5.225 9.87824 3.2
      vertex 6.325 7.66913 3.2
    endloop
  endfacet
  facet normal -0 0 1
    outer loop
      vertex 4.93757 9.7365 3.2
      vertex 6.325 7.66913 3.2
      vertex 5.225 9.87824 3.2
    endloop
  endfacet
  facet normal 0 0 1
    outer loop
      vertex 6.325 7.66913 3.2
      vertex 4.93757 9.7365 3.2
      vertex 6.17817 7.57103 3.2
    endloop
  endfacet
  facet normal 0 0 1
    outer loop
      vertex 6.17817 7.57103 3.2
      vertex 4.93757 9.7365 3.2
      vertex 6.04541 7.45459 3.2
    endloop
  endfacet
  facet normal -0 0 1
    outer loop
      vertex 4.63411 9.63348 3.2
      vertex 6.04541 7.45459 3.2
      vertex 4.93757 9.7365 3.2
    endloop
  endfacet
  facet normal 0 0 1
    outer loop
      vertex 6.04541 7.45459 3.2
      vertex 4.63411 9.63348 3.2
      vertex 5.92897 7.32183 3.2
    endloop
  endfacet
  facet normal -0 0 1
    outer loop
      vertex 4.31979 9.57096 3.2
      vertex 5.92897 7.32183 3.2
      vertex 4.63411 9.63348 3.2
    endloop
  endfacet
  facet normal 0 0 1
    outer loop
      vertex 5.92897 7.32183 3.2
      vertex 4.31979 9.57096 3.2
      vertex 5.83086 7.175 3.2
    endloop
  endfacet
  facet normal -0 0 1
    outer loop
      vertex 70.429 4.31979 3.2
      vertex 72 0 3.2
      vertex 70.429 11.6802 3.2
    endloop
  endfacet
  facet normal 0 0 1
    outer loop
      vertex 72 0 3.2
      vertex 70.429 4.31979 3.2
      vertex 70.45 4 3.2
    endloop
  endfacet
  facet normal -0 0 1
    outer loop
      vertex 70.3665 11.3659 3.2
      vertex 70.429 4.31979 3.2
      vertex 70.429 11.6802 3.2
    endloop
  endfacet
  facet normal 0 0 1
    outer loop
      vertex 70.3665 11.3659 3.2
      vertex 70.3665 4.63411 3.2
      vertex 70.429 4.31979 3.2
    endloop
  endfacet
  facet normal -0 0 1
    outer loop
      vertex 70.2635 11.0624 3.2
      vertex 70.3665 4.63411 3.2
      vertex 70.3665 11.3659 3.2
    endloop
  endfacet
  facet normal 0 0 1
    outer loop
      vertex 70.2635 11.0624 3.2
      vertex 70.2635 4.93757 3.2
      vertex 70.3665 4.63411 3.2
    endloop
  endfacet
  facet normal -0 0 1
    outer loop
      vertex 70.1218 10.775 3.2
      vertex 70.2635 4.93757 3.2
      vertex 70.2635 11.0624 3.2
    endloop
  endfacet
  facet normal 0 0 1
    outer loop
      vertex 70.1218 10.775 3.2
      vertex 70.1218 5.225 3.2
      vertex 70.2635 4.93757 3.2
    endloop
  endfacet
  facet normal -0 0 1
    outer loop
      vertex 69.9437 10.5085 3.2
      vertex 70.1218 5.225 3.2
      vertex 70.1218 10.775 3.2
    endloop
  endfacet
  facet normal 0 0 1
    outer loop
      vertex 69.9437 10.5085 3.2
      vertex 69.9437 5.49146 3.2
      vertex 70.1218 5.225 3.2
    endloop
  endfacet
  facet normal -0 0 1
    outer loop
      vertex 69.7324 10.2676 3.2
      vertex 69.9437 5.49146 3.2
      vertex 69.9437 10.5085 3.2
    endloop
  endfacet
  facet normal 0 0 1
    outer loop
      vertex 69.7324 10.2676 3.2
      vertex 69.7324 5.73241 3.2
      vertex 69.9437 5.49146 3.2
    endloop
  endfacet
  facet normal -0 0 1
    outer loop
      vertex 69.4915 10.0563 3.2
      vertex 69.7324 5.73241 3.2
      vertex 69.7324 10.2676 3.2
    endloop
  endfacet
  facet normal 0 0 1
    outer loop
      vertex 69.4915 10.0563 3.2
      vertex 69.4915 5.94372 3.2
      vertex 69.7324 5.73241 3.2
    endloop
  endfacet
  facet normal -0 0 1
    outer loop
      vertex 69.225 9.87824 3.2
      vertex 69.4915 5.94372 3.2
      vertex 69.4915 10.0563 3.2
    endloop
  endfacet
  facet normal 0 0 1
    outer loop
      vertex 69.225 9.87824 3.2
      vertex 69.225 6.12176 3.2
      vertex 69.4915 5.94372 3.2
    endloop
  endfacet
  facet normal -0 0 1
    outer loop
      vertex 68.9376 9.7365 3.2
      vertex 69.225 6.12176 3.2
      vertex 69.225 9.87824 3.2
    endloop
  endfacet
  facet normal 0 0 1
    outer loop
      vertex 68.9376 9.7365 3.2
      vertex 68.9376 6.2635 3.2
      vertex 69.225 6.12176 3.2
    endloop
  endfacet
  facet normal -0 0 1
    outer loop
      vertex 68.6341 9.63348 3.2
      vertex 68.9376 6.2635 3.2
      vertex 68.9376 9.7365 3.2
    endloop
  endfacet
  facet normal 0 0 1
    outer loop
      vertex 68.6341 9.63348 3.2
      vertex 68.6341 6.36652 3.2
      vertex 68.9376 6.2635 3.2
    endloop
  endfacet
  facet normal -0 0 1
    outer loop
      vertex 68.3198 9.57096 3.2
      vertex 68.6341 6.36652 3.2
      vertex 68.6341 9.63348 3.2
    endloop
  endfacet
  facet normal 0 0 1
    outer loop
      vertex 68.3198 9.57096 3.2
      vertex 68.3198 6.42904 3.2
      vertex 68.6341 6.36652 3.2
    endloop
  endfacet
  facet normal -0 0 1
    outer loop
      vertex 68 9.55 3.2
      vertex 68.3198 6.42904 3.2
      vertex 68.3198 9.57096 3.2
    endloop
  endfacet
  facet normal 0 0 1
    outer loop
      vertex 68 9.55 3.2
      vertex 68 6.45 3.2
      vertex 68.3198 6.42904 3.2
    endloop
  endfacet
  facet normal 0 0 1
    outer loop
      vertex 67.6802 9.57096 3.2
      vertex 68 6.45 3.2
      vertex 68 9.55 3.2
    endloop
  endfacet
  facet normal 0 0 1
    outer loop
      vertex 67.6802 9.57096 3.2
      vertex 67.6802 6.42904 3.2
      vertex 68 6.45 3.2
    endloop
  endfacet
  facet normal 0 0 1
    outer loop
      vertex 66.071 7.32183 3.2
      vertex 67.6802 9.57096 3.2
      vertex 67.3659 9.63348 3.2
    endloop
  endfacet
  facet normal 0 0 1
    outer loop
      vertex 67.6802 9.57096 3.2
      vertex 66.1691 7.175 3.2
      vertex 67.6802 6.42904 3.2
    endloop
  endfacet
  facet normal 0 0 1
    outer loop
      vertex 65.9546 7.45459 3.2
      vertex 67.3659 9.63348 3.2
      vertex 67.0624 9.7365 3.2
    endloop
  endfacet
  facet normal -0 -0 1
    outer loop
      vertex 66.2472 7.01662 3.2
      vertex 67.6802 6.42904 3.2
      vertex 66.1691 7.175 3.2
    endloop
  endfacet
  facet normal 0 0 1
    outer loop
      vertex 65.675 7.66913 3.2
      vertex 67.0624 9.7365 3.2
      vertex 66.775 9.87824 3.2
    endloop
  endfacet
  facet normal 0 0 1
    outer loop
      vertex 67.6802 6.42904 3.2
      vertex 66.2472 7.01662 3.2
      vertex 67.3659 6.36652 3.2
    endloop
  endfacet
  facet normal 0 0 1
    outer loop
      vertex 65.5166 7.74724 3.2
      vertex 66.775 9.87824 3.2
      vertex 66.5085 10.0563 3.2
    endloop
  endfacet
  facet normal 0 0 1
    outer loop
      vertex 67.3659 6.36652 3.2
      vertex 66.304 6.84941 3.2
      vertex 67.0624 6.2635 3.2
    endloop
  endfacet
  facet normal 0 0 1
    outer loop
      vertex 67.0624 6.2635 3.2
      vertex 66.35 6.5 3.2
      vertex 66.775 6.12176 3.2
    endloop
  endfacet
  facet normal -0 0 1
    outer loop
      vertex 66.3384 6.32379 3.2
      vertex 66.775 6.12176 3.2
      vertex 66.35 6.5 3.2
    endloop
  endfacet
  facet normal -0 -0 1
    outer loop
      vertex 66.35 6.5 3.2
      vertex 67.0624 6.2635 3.2
      vertex 66.3384 6.67621 3.2
    endloop
  endfacet
  facet normal 0 0 1
    outer loop
      vertex 65.1762 7.83845 3.2
      vertex 66.5085 10.0563 3.2
      vertex 66.2676 10.2676 3.2
    endloop
  endfacet
  facet normal -0 -0 1
    outer loop
      vertex 66.3384 6.67621 3.2
      vertex 67.0624 6.2635 3.2
      vertex 66.304 6.84941 3.2
    endloop
  endfacet
  facet normal -0 -0 1
    outer loop
      vertex 66.304 6.84941 3.2
      vertex 67.3659 6.36652 3.2
      vertex 66.2472 7.01662 3.2
    endloop
  endfacet
  facet normal 0 0 1
    outer loop
      vertex 67.6802 9.57096 3.2
      vertex 66.071 7.32183 3.2
      vertex 66.1691 7.175 3.2
    endloop
  endfacet
  facet normal 0 0 1
    outer loop
      vertex 65 7.85 3.2
      vertex 66.2676 10.2676 3.2
      vertex 66.0563 10.5085 3.2
    endloop
  endfacet
  facet normal 0 0 1
    outer loop
      vertex 67.3659 9.63348 3.2
      vertex 65.9546 7.45459 3.2
      vertex 66.071 7.32183 3.2
    endloop
  endfacet
  facet normal 0 0 1
    outer loop
      vertex 64.8238 7.83845 3.2
      vertex 66.0563 10.5085 3.2
      vertex 65.8782 10.775 3.2
    endloop
  endfacet
  facet normal 0 0 1
    outer loop
      vertex 67.0624 9.7365 3.2
      vertex 65.8218 7.57103 3.2
      vertex 65.9546 7.45459 3.2
    endloop
  endfacet
  facet normal 0 0 1
    outer loop
      vertex 64.4834 7.74724 3.2
      vertex 65.8782 10.775 3.2
      vertex 65.7365 11.0624 3.2
    endloop
  endfacet
  facet normal 0 0 1
    outer loop
      vertex 67.0624 9.7365 3.2
      vertex 65.675 7.66913 3.2
      vertex 65.8218 7.57103 3.2
    endloop
  endfacet
  facet normal 0 0 1
    outer loop
      vertex 64.325 7.66913 3.2
      vertex 65.7365 11.0624 3.2
      vertex 65.6335 11.3659 3.2
    endloop
  endfacet
  facet normal 0 0 1
    outer loop
      vertex 64.1782 7.57103 3.2
      vertex 65.6335 11.3659 3.2
      vertex 65.571 11.6802 3.2
    endloop
  endfacet
  facet normal 0 0 1
    outer loop
      vertex 64.0454 7.45459 3.2
      vertex 65.571 11.6802 3.2
      vertex 65.55 12 3.2
    endloop
  endfacet
  facet normal 0 0 1
    outer loop
      vertex 66.775 9.87824 3.2
      vertex 65.5166 7.74724 3.2
      vertex 65.675 7.66913 3.2
    endloop
  endfacet
  facet normal 0 0 1
    outer loop
      vertex 62.45 52 3.2
      vertex 64.1782 54.429 3.2
      vertex 64.0454 54.5454 3.2
    endloop
  endfacet
  facet normal 0 0 1
    outer loop
      vertex 65.55 52 3.2
      vertex 62.45 52 3.2
      vertex 65.571 51.6802 3.2
    endloop
  endfacet
  facet normal 0 0 1
    outer loop
      vertex 66.5085 10.0563 3.2
      vertex 65.3494 7.804 3.2
      vertex 65.5166 7.74724 3.2
    endloop
  endfacet
  facet normal 0 0 1
    outer loop
      vertex 62.45 52 3.2
      vertex 64.0454 54.5454 3.2
      vertex 63.929 54.6782 3.2
    endloop
  endfacet
  facet normal 0 0 1
    outer loop
      vertex 66.5085 10.0563 3.2
      vertex 65.1762 7.83845 3.2
      vertex 65.3494 7.804 3.2
    endloop
  endfacet
  facet normal 0 0 1
    outer loop
      vertex 62.429 51.6802 3.2
      vertex 65.571 51.6802 3.2
      vertex 62.45 52 3.2
    endloop
  endfacet
  facet normal 0 0 1
    outer loop
      vertex 66.2676 10.2676 3.2
      vertex 65 7.85 3.2
      vertex 65.1762 7.83845 3.2
    endloop
  endfacet
  facet normal 0 0 1
    outer loop
      vertex 62.45 52 3.2
      vertex 63.929 54.6782 3.2
      vertex 63.8309 54.825 3.2
    endloop
  endfacet
  facet normal 0 0 1
    outer loop
      vertex 66.0563 10.5085 3.2
      vertex 64.8238 7.83845 3.2
      vertex 65 7.85 3.2
    endloop
  endfacet
  facet normal 0 0 1
    outer loop
      vertex 66.0563 50.5085 3.2
      vertex 61.9437 50.5085 3.2
      vertex 66.2676 50.2676 3.2
    endloop
  endfacet
  facet normal 0 0 1
    outer loop
      vertex 65.8782 10.775 3.2
      vertex 64.6506 7.804 3.2
      vertex 64.8238 7.83845 3.2
    endloop
  endfacet
  facet normal 0 0 1
    outer loop
      vertex 62.45 52 3.2
      vertex 63.8309 54.825 3.2
      vertex 63.7528 54.9834 3.2
    endloop
  endfacet
  facet normal 0 0 1
    outer loop
      vertex 65.8782 10.775 3.2
      vertex 64.4834 7.74724 3.2
      vertex 64.6506 7.804 3.2
    endloop
  endfacet
  facet normal 0 0 1
    outer loop
      vertex 61.7324 50.2676 3.2
      vertex 66.2676 50.2676 3.2
      vertex 61.9437 50.5085 3.2
    endloop
  endfacet
  facet normal 0 0 1
    outer loop
      vertex 65.7365 11.0624 3.2
      vertex 64.325 7.66913 3.2
      vertex 64.4834 7.74724 3.2
    endloop
  endfacet
  facet normal 0 0 1
    outer loop
      vertex 62.45 52 3.2
      vertex 63.7528 54.9834 3.2
      vertex 63.696 55.1506 3.2
    endloop
  endfacet
  facet normal 0 0 1
    outer loop
      vertex 65.6335 11.3659 3.2
      vertex 64.1782 7.57103 3.2
      vertex 64.325 7.66913 3.2
    endloop
  endfacet
  facet normal 0 0 1
    outer loop
      vertex 66.2676 50.2676 3.2
      vertex 61.7324 50.2676 3.2
      vertex 66.2676 45.7324 3.2
    endloop
  endfacet
  facet normal 0 0 1
    outer loop
      vertex 65.571 11.6802 3.2
      vertex 64.0454 7.45459 3.2
      vertex 64.1782 7.57103 3.2
    endloop
  endfacet
  facet normal 0 0 1
    outer loop
      vertex 62.45 52 3.2
      vertex 63.696 55.1506 3.2
      vertex 63.6615 55.3238 3.2
    endloop
  endfacet
  facet normal 0 0 1
    outer loop
      vertex 65.55 12 3.2
      vertex 63.929 7.32183 3.2
      vertex 64.0454 7.45459 3.2
    endloop
  endfacet
  facet normal 0 0 1
    outer loop
      vertex 66.0563 45.4915 3.2
      vertex 61.4915 50.0563 3.2
      vertex 65.8782 45.225 3.2
    endloop
  endfacet
  facet normal 0 0 1
    outer loop
      vertex 65.55 12 3.2
      vertex 63.8309 7.175 3.2
      vertex 63.929 7.32183 3.2
    endloop
  endfacet
  facet normal 0 -0 1
    outer loop
      vertex 63.8309 7.175 3.2
      vertex 65.55 20 3.2
      vertex 63.7528 7.01662 3.2
    endloop
  endfacet
  facet normal 0 0 1
    outer loop
      vertex 65.55 20 3.2
      vertex 63.8309 7.175 3.2
      vertex 65.55 12 3.2
    endloop
  endfacet
  facet normal 0 0 1
    outer loop
      vertex 62.45 4 3.2
      vertex 65.55 20 3.2
      vertex 65.55 28 3.2
    endloop
  endfacet
  facet normal 0 0 1
    outer loop
      vertex 62.45 4 3.2
      vertex 63.7528 7.01662 3.2
      vertex 65.55 20 3.2
    endloop
  endfacet
  facet normal -0 0 1
    outer loop
      vertex 61.225 49.8782 3.2
      vertex 65.8782 45.225 3.2
      vertex 61.4915 50.0563 3.2
    endloop
  endfacet
  facet normal 0 0 1
    outer loop
      vertex 63.7528 7.01662 3.2
      vertex 62.45 4 3.2
      vertex 63.696 6.84941 3.2
    endloop
  endfacet
  facet normal 0 0 1
    outer loop
      vertex 61.225 54.1218 3.2
      vertex 63.6615 55.3238 3.2
      vertex 63.65 55.5 3.2
    endloop
  endfacet
  facet normal 0 0 1
    outer loop
      vertex 65.8782 45.225 3.2
      vertex 61.225 49.8782 3.2
      vertex 65.7365 44.9376 3.2
    endloop
  endfacet
  facet normal -0 0 1
    outer loop
      vertex 70.429 19.6802 3.2
      vertex 70.45 12 3.2
      vertex 70.45 20 3.2
    endloop
  endfacet
  facet normal 0 0 1
    outer loop
      vertex 70.429 19.6802 3.2
      vertex 70.429 12.3198 3.2
      vertex 70.45 12 3.2
    endloop
  endfacet
  facet normal -0 0 1
    outer loop
      vertex 70.3665 19.3659 3.2
      vertex 70.429 12.3198 3.2
      vertex 70.429 19.6802 3.2
    endloop
  endfacet
  facet normal 0 0 1
    outer loop
      vertex 70.3665 19.3659 3.2
      vertex 70.3665 12.6341 3.2
      vertex 70.429 12.3198 3.2
    endloop
  endfacet
  facet normal -0 0 1
    outer loop
      vertex 70.2635 19.0624 3.2
      vertex 70.3665 12.6341 3.2
      vertex 70.3665 19.3659 3.2
    endloop
  endfacet
  facet normal 0 0 1
    outer loop
      vertex 70.2635 19.0624 3.2
      vertex 70.2635 12.9376 3.2
      vertex 70.3665 12.6341 3.2
    endloop
  endfacet
  facet normal -0 0 1
    outer loop
      vertex 70.1218 18.775 3.2
      vertex 70.2635 12.9376 3.2
      vertex 70.2635 19.0624 3.2
    endloop
  endfacet
  facet normal 0 0 1
    outer loop
      vertex 70.1218 18.775 3.2
      vertex 70.1218 13.225 3.2
      vertex 70.2635 12.9376 3.2
    endloop
  endfacet
  facet normal -0 0 1
    outer loop
      vertex 69.9437 18.5085 3.2
      vertex 70.1218 13.225 3.2
      vertex 70.1218 18.775 3.2
    endloop
  endfacet
  facet normal 0 0 1
    outer loop
      vertex 69.9437 18.5085 3.2
      vertex 69.9437 13.4915 3.2
      vertex 70.1218 13.225 3.2
    endloop
  endfacet
  facet normal -0 0 1
    outer loop
      vertex 69.7324 18.2676 3.2
      vertex 69.9437 13.4915 3.2
      vertex 69.9437 18.5085 3.2
    endloop
  endfacet
  facet normal 0 0 1
    outer loop
      vertex 69.7324 18.2676 3.2
      vertex 69.7324 13.7324 3.2
      vertex 69.9437 13.4915 3.2
    endloop
  endfacet
  facet normal -0 0 1
    outer loop
      vertex 69.4915 18.0563 3.2
      vertex 69.7324 13.7324 3.2
      vertex 69.7324 18.2676 3.2
    endloop
  endfacet
  facet normal 0 0 1
    outer loop
      vertex 69.4915 18.0563 3.2
      vertex 69.4915 13.9437 3.2
      vertex 69.7324 13.7324 3.2
    endloop
  endfacet
  facet normal -0 0 1
    outer loop
      vertex 69.225 17.8782 3.2
      vertex 69.4915 13.9437 3.2
      vertex 69.4915 18.0563 3.2
    endloop
  endfacet
  facet normal 0 0 1
    outer loop
      vertex 69.225 17.8782 3.2
      vertex 69.225 14.1218 3.2
      vertex 69.4915 13.9437 3.2
    endloop
  endfacet
  facet normal -0 0 1
    outer loop
      vertex 68.9376 17.7365 3.2
      vertex 69.225 14.1218 3.2
      vertex 69.225 17.8782 3.2
    endloop
  endfacet
  facet normal 0 0 1
    outer loop
      vertex 68.9376 17.7365 3.2
      vertex 68.9376 14.2635 3.2
      vertex 69.225 14.1218 3.2
    endloop
  endfacet
  facet normal -0 0 1
    outer loop
      vertex 68.6341 17.6335 3.2
      vertex 68.9376 14.2635 3.2
      vertex 68.9376 17.7365 3.2
    endloop
  endfacet
  facet normal 0 0 1
    outer loop
      vertex 68.6341 17.6335 3.2
      vertex 68.6341 14.3665 3.2
      vertex 68.9376 14.2635 3.2
    endloop
  endfacet
  facet normal -0 0 1
    outer loop
      vertex 68.3198 17.571 3.2
      vertex 68.6341 14.3665 3.2
      vertex 68.6341 17.6335 3.2
    endloop
  endfacet
  facet normal 0 0 1
    outer loop
      vertex 68.3198 17.571 3.2
      vertex 68.3198 14.429 3.2
      vertex 68.6341 14.3665 3.2
    endloop
  endfacet
  facet normal -0 0 1
    outer loop
      vertex 68 17.55 3.2
      vertex 68.3198 14.429 3.2
      vertex 68.3198 17.571 3.2
    endloop
  endfacet
  facet normal 0 0 1
    outer loop
      vertex 68 17.55 3.2
      vertex 68 14.45 3.2
      vertex 68.3198 14.429 3.2
    endloop
  endfacet
  facet normal 0 0 1
    outer loop
      vertex 67.6802 17.571 3.2
      vertex 68 14.45 3.2
      vertex 68 17.55 3.2
    endloop
  endfacet
  facet normal 0 0 1
    outer loop
      vertex 67.6802 17.571 3.2
      vertex 67.6802 14.429 3.2
      vertex 68 14.45 3.2
    endloop
  endfacet
  facet normal 0 0 1
    outer loop
      vertex 67.3659 17.6335 3.2
      vertex 67.6802 14.429 3.2
      vertex 67.6802 17.571 3.2
    endloop
  endfacet
  facet normal 0 0 1
    outer loop
      vertex 67.3659 17.6335 3.2
      vertex 67.3659 14.3665 3.2
      vertex 67.6802 14.429 3.2
    endloop
  endfacet
  facet normal 0 0 1
    outer loop
      vertex 67.0624 17.7365 3.2
      vertex 67.3659 14.3665 3.2
      vertex 67.3659 17.6335 3.2
    endloop
  endfacet
  facet normal 0 0 1
    outer loop
      vertex 67.0624 17.7365 3.2
      vertex 67.0624 14.2635 3.2
      vertex 67.3659 14.3665 3.2
    endloop
  endfacet
  facet normal 0 0 1
    outer loop
      vertex 66.775 17.8782 3.2
      vertex 67.0624 14.2635 3.2
      vertex 67.0624 17.7365 3.2
    endloop
  endfacet
  facet normal 0 0 1
    outer loop
      vertex 66.775 17.8782 3.2
      vertex 66.775 14.1218 3.2
      vertex 67.0624 14.2635 3.2
    endloop
  endfacet
  facet normal 0 0 1
    outer loop
      vertex 66.5085 18.0563 3.2
      vertex 66.775 14.1218 3.2
      vertex 66.775 17.8782 3.2
    endloop
  endfacet
  facet normal 0 0 1
    outer loop
      vertex 66.5085 18.0563 3.2
      vertex 66.5085 13.9437 3.2
      vertex 66.775 14.1218 3.2
    endloop
  endfacet
  facet normal 0 0 1
    outer loop
      vertex 66.2676 18.2676 3.2
      vertex 66.5085 13.9437 3.2
      vertex 66.5085 18.0563 3.2
    endloop
  endfacet
  facet normal 0 0 1
    outer loop
      vertex 66.2676 18.2676 3.2
      vertex 66.2676 13.7324 3.2
      vertex 66.5085 13.9437 3.2
    endloop
  endfacet
  facet normal 0 0 1
    outer loop
      vertex 66.0563 18.5085 3.2
      vertex 66.2676 13.7324 3.2
      vertex 66.2676 18.2676 3.2
    endloop
  endfacet
  facet normal 0 0 1
    outer loop
      vertex 66.0563 18.5085 3.2
      vertex 66.0563 13.4915 3.2
      vertex 66.2676 13.7324 3.2
    endloop
  endfacet
  facet normal 0 0 1
    outer loop
      vertex 65.8782 18.775 3.2
      vertex 66.0563 13.4915 3.2
      vertex 66.0563 18.5085 3.2
    endloop
  endfacet
  facet normal 0 0 1
    outer loop
      vertex 65.8782 18.775 3.2
      vertex 65.8782 13.225 3.2
      vertex 66.0563 13.4915 3.2
    endloop
  endfacet
  facet normal 0 0 1
    outer loop
      vertex 65.7365 19.0624 3.2
      vertex 65.8782 13.225 3.2
      vertex 65.8782 18.775 3.2
    endloop
  endfacet
  facet normal 0 0 1
    outer loop
      vertex 65.7365 19.0624 3.2
      vertex 65.7365 12.9376 3.2
      vertex 65.8782 13.225 3.2
    endloop
  endfacet
  facet normal 0 0 1
    outer loop
      vertex 65.6335 19.3659 3.2
      vertex 65.7365 12.9376 3.2
      vertex 65.7365 19.0624 3.2
    endloop
  endfacet
  facet normal 0 0 1
    outer loop
      vertex 65.6335 19.3659 3.2
      vertex 65.6335 12.6341 3.2
      vertex 65.7365 12.9376 3.2
    endloop
  endfacet
  facet normal 0 0 1
    outer loop
      vertex 65.571 19.6802 3.2
      vertex 65.6335 12.6341 3.2
      vertex 65.6335 19.3659 3.2
    endloop
  endfacet
  facet normal 0 0 1
    outer loop
      vertex 65.571 19.6802 3.2
      vertex 65.571 12.3198 3.2
      vertex 65.6335 12.6341 3.2
    endloop
  endfacet
  facet normal 0 0 1
    outer loop
      vertex 65.55 20 3.2
      vertex 65.571 12.3198 3.2
      vertex 65.571 19.6802 3.2
    endloop
  endfacet
  facet normal 0 0 1
    outer loop
      vertex 65.571 12.3198 3.2
      vertex 65.55 20 3.2
      vertex 65.55 12 3.2
    endloop
  endfacet
  facet normal -0 0 1
    outer loop
      vertex 70.429 27.6802 3.2
      vertex 70.45 20 3.2
      vertex 70.45 28 3.2
    endloop
  endfacet
  facet normal 0 0 1
    outer loop
      vertex 70.429 27.6802 3.2
      vertex 70.429 20.3198 3.2
      vertex 70.45 20 3.2
    endloop
  endfacet
  facet normal -0 0 1
    outer loop
      vertex 70.3665 27.3659 3.2
      vertex 70.429 20.3198 3.2
      vertex 70.429 27.6802 3.2
    endloop
  endfacet
  facet normal 0 0 1
    outer loop
      vertex 70.3665 27.3659 3.2
      vertex 70.3665 20.6341 3.2
      vertex 70.429 20.3198 3.2
    endloop
  endfacet
  facet normal -0 0 1
    outer loop
      vertex 70.2635 27.0624 3.2
      vertex 70.3665 20.6341 3.2
      vertex 70.3665 27.3659 3.2
    endloop
  endfacet
  facet normal 0 0 1
    outer loop
      vertex 70.2635 27.0624 3.2
      vertex 70.2635 20.9376 3.2
      vertex 70.3665 20.6341 3.2
    endloop
  endfacet
  facet normal -0 0 1
    outer loop
      vertex 70.1218 26.775 3.2
      vertex 70.2635 20.9376 3.2
      vertex 70.2635 27.0624 3.2
    endloop
  endfacet
  facet normal 0 0 1
    outer loop
      vertex 70.1218 26.775 3.2
      vertex 70.1218 21.225 3.2
      vertex 70.2635 20.9376 3.2
    endloop
  endfacet
  facet normal -0 0 1
    outer loop
      vertex 69.9437 26.5085 3.2
      vertex 70.1218 21.225 3.2
      vertex 70.1218 26.775 3.2
    endloop
  endfacet
  facet normal 0 0 1
    outer loop
      vertex 69.9437 26.5085 3.2
      vertex 69.9437 21.4915 3.2
      vertex 70.1218 21.225 3.2
    endloop
  endfacet
  facet normal -0 0 1
    outer loop
      vertex 69.7324 26.2676 3.2
      vertex 69.9437 21.4915 3.2
      vertex 69.9437 26.5085 3.2
    endloop
  endfacet
  facet normal 0 0 1
    outer loop
      vertex 69.7324 26.2676 3.2
      vertex 69.7324 21.7324 3.2
      vertex 69.9437 21.4915 3.2
    endloop
  endfacet
  facet normal -0 0 1
    outer loop
      vertex 69.4915 26.0563 3.2
      vertex 69.7324 21.7324 3.2
      vertex 69.7324 26.2676 3.2
    endloop
  endfacet
  facet normal 0 0 1
    outer loop
      vertex 69.4915 26.0563 3.2
      vertex 69.4915 21.9437 3.2
      vertex 69.7324 21.7324 3.2
    endloop
  endfacet
  facet normal -0 0 1
    outer loop
      vertex 69.225 25.8782 3.2
      vertex 69.4915 21.9437 3.2
      vertex 69.4915 26.0563 3.2
    endloop
  endfacet
  facet normal 0 0 1
    outer loop
      vertex 69.225 25.8782 3.2
      vertex 69.225 22.1218 3.2
      vertex 69.4915 21.9437 3.2
    endloop
  endfacet
  facet normal -0 0 1
    outer loop
      vertex 68.9376 25.7365 3.2
      vertex 69.225 22.1218 3.2
      vertex 69.225 25.8782 3.2
    endloop
  endfacet
  facet normal 0 0 1
    outer loop
      vertex 68.9376 25.7365 3.2
      vertex 68.9376 22.2635 3.2
      vertex 69.225 22.1218 3.2
    endloop
  endfacet
  facet normal -0 0 1
    outer loop
      vertex 68.6341 25.6335 3.2
      vertex 68.9376 22.2635 3.2
      vertex 68.9376 25.7365 3.2
    endloop
  endfacet
  facet normal 0 0 1
    outer loop
      vertex 68.6341 25.6335 3.2
      vertex 68.6341 22.3665 3.2
      vertex 68.9376 22.2635 3.2
    endloop
  endfacet
  facet normal -0 0 1
    outer loop
      vertex 68.3198 25.571 3.2
      vertex 68.6341 22.3665 3.2
      vertex 68.6341 25.6335 3.2
    endloop
  endfacet
  facet normal 0 0 1
    outer loop
      vertex 68.3198 25.571 3.2
      vertex 68.3198 22.429 3.2
      vertex 68.6341 22.3665 3.2
    endloop
  endfacet
  facet normal -0 0 1
    outer loop
      vertex 68 25.55 3.2
      vertex 68.3198 22.429 3.2
      vertex 68.3198 25.571 3.2
    endloop
  endfacet
  facet normal 0 0 1
    outer loop
      vertex 68 25.55 3.2
      vertex 68 22.45 3.2
      vertex 68.3198 22.429 3.2
    endloop
  endfacet
  facet normal 0 0 1
    outer loop
      vertex 67.6802 25.571 3.2
      vertex 68 22.45 3.2
      vertex 68 25.55 3.2
    endloop
  endfacet
  facet normal 0 0 1
    outer loop
      vertex 67.6802 25.571 3.2
      vertex 67.6802 22.429 3.2
      vertex 68 22.45 3.2
    endloop
  endfacet
  facet normal 0 0 1
    outer loop
      vertex 67.3659 25.6335 3.2
      vertex 67.6802 22.429 3.2
      vertex 67.6802 25.571 3.2
    endloop
  endfacet
  facet normal 0 0 1
    outer loop
      vertex 67.3659 25.6335 3.2
      vertex 67.3659 22.3665 3.2
      vertex 67.6802 22.429 3.2
    endloop
  endfacet
  facet normal 0 0 1
    outer loop
      vertex 67.0624 25.7365 3.2
      vertex 67.3659 22.3665 3.2
      vertex 67.3659 25.6335 3.2
    endloop
  endfacet
  facet normal 0 0 1
    outer loop
      vertex 67.0624 25.7365 3.2
      vertex 67.0624 22.2635 3.2
      vertex 67.3659 22.3665 3.2
    endloop
  endfacet
  facet normal 0 0 1
    outer loop
      vertex 66.775 25.8782 3.2
      vertex 67.0624 22.2635 3.2
      vertex 67.0624 25.7365 3.2
    endloop
  endfacet
  facet normal 0 0 1
    outer loop
      vertex 66.775 25.8782 3.2
      vertex 66.775 22.1218 3.2
      vertex 67.0624 22.2635 3.2
    endloop
  endfacet
  facet normal 0 0 1
    outer loop
      vertex 66.5085 26.0563 3.2
      vertex 66.775 22.1218 3.2
      vertex 66.775 25.8782 3.2
    endloop
  endfacet
  facet normal 0 0 1
    outer loop
      vertex 66.5085 26.0563 3.2
      vertex 66.5085 21.9437 3.2
      vertex 66.775 22.1218 3.2
    endloop
  endfacet
  facet normal 0 0 1
    outer loop
      vertex 66.2676 26.2676 3.2
      vertex 66.5085 21.9437 3.2
      vertex 66.5085 26.0563 3.2
    endloop
  endfacet
  facet normal 0 0 1
    outer loop
      vertex 66.2676 26.2676 3.2
      vertex 66.2676 21.7324 3.2
      vertex 66.5085 21.9437 3.2
    endloop
  endfacet
  facet normal 0 0 1
    outer loop
      vertex 66.0563 26.5085 3.2
      vertex 66.2676 21.7324 3.2
      vertex 66.2676 26.2676 3.2
    endloop
  endfacet
  facet normal 0 0 1
    outer loop
      vertex 66.0563 26.5085 3.2
      vertex 66.0563 21.4915 3.2
      vertex 66.2676 21.7324 3.2
    endloop
  endfacet
  facet normal 0 0 1
    outer loop
      vertex 65.8782 26.775 3.2
      vertex 66.0563 21.4915 3.2
      vertex 66.0563 26.5085 3.2
    endloop
  endfacet
  facet normal 0 0 1
    outer loop
      vertex 65.8782 26.775 3.2
      vertex 65.8782 21.225 3.2
      vertex 66.0563 21.4915 3.2
    endloop
  endfacet
  facet normal 0 0 1
    outer loop
      vertex 65.7365 27.0624 3.2
      vertex 65.8782 21.225 3.2
      vertex 65.8782 26.775 3.2
    endloop
  endfacet
  facet normal 0 0 1
    outer loop
      vertex 65.7365 27.0624 3.2
      vertex 65.7365 20.9376 3.2
      vertex 65.8782 21.225 3.2
    endloop
  endfacet
  facet normal 0 0 1
    outer loop
      vertex 65.6335 27.3659 3.2
      vertex 65.7365 20.9376 3.2
      vertex 65.7365 27.0624 3.2
    endloop
  endfacet
  facet normal 0 0 1
    outer loop
      vertex 65.6335 27.3659 3.2
      vertex 65.6335 20.6341 3.2
      vertex 65.7365 20.9376 3.2
    endloop
  endfacet
  facet normal 0 0 1
    outer loop
      vertex 65.571 27.6802 3.2
      vertex 65.6335 20.6341 3.2
      vertex 65.6335 27.3659 3.2
    endloop
  endfacet
  facet normal 0 0 1
    outer loop
      vertex 65.571 27.6802 3.2
      vertex 65.571 20.3198 3.2
      vertex 65.6335 20.6341 3.2
    endloop
  endfacet
  facet normal 0 0 1
    outer loop
      vertex 65.55 28 3.2
      vertex 65.571 20.3198 3.2
      vertex 65.571 27.6802 3.2
    endloop
  endfacet
  facet normal 0 0 1
    outer loop
      vertex 65.571 20.3198 3.2
      vertex 65.55 28 3.2
      vertex 65.55 20 3.2
    endloop
  endfacet
  facet normal -0 0 1
    outer loop
      vertex 70.429 35.6802 3.2
      vertex 70.45 28 3.2
      vertex 70.45 36 3.2
    endloop
  endfacet
  facet normal 0 0 1
    outer loop
      vertex 70.429 35.6802 3.2
      vertex 70.429 28.3198 3.2
      vertex 70.45 28 3.2
    endloop
  endfacet
  facet normal -0 0 1
    outer loop
      vertex 70.3665 35.3659 3.2
      vertex 70.429 28.3198 3.2
      vertex 70.429 35.6802 3.2
    endloop
  endfacet
  facet normal 0 0 1
    outer loop
      vertex 70.3665 35.3659 3.2
      vertex 70.3665 28.6341 3.2
      vertex 70.429 28.3198 3.2
    endloop
  endfacet
  facet normal -0 0 1
    outer loop
      vertex 70.2635 35.0624 3.2
      vertex 70.3665 28.6341 3.2
      vertex 70.3665 35.3659 3.2
    endloop
  endfacet
  facet normal 0 0 1
    outer loop
      vertex 70.2635 35.0624 3.2
      vertex 70.2635 28.9376 3.2
      vertex 70.3665 28.6341 3.2
    endloop
  endfacet
  facet normal -0 0 1
    outer loop
      vertex 70.1218 34.775 3.2
      vertex 70.2635 28.9376 3.2
      vertex 70.2635 35.0624 3.2
    endloop
  endfacet
  facet normal 0 0 1
    outer loop
      vertex 70.1218 34.775 3.2
      vertex 70.1218 29.225 3.2
      vertex 70.2635 28.9376 3.2
    endloop
  endfacet
  facet normal -0 0 1
    outer loop
      vertex 69.9437 34.5085 3.2
      vertex 70.1218 29.225 3.2
      vertex 70.1218 34.775 3.2
    endloop
  endfacet
  facet normal 0 0 1
    outer loop
      vertex 69.9437 34.5085 3.2
      vertex 69.9437 29.4915 3.2
      vertex 70.1218 29.225 3.2
    endloop
  endfacet
  facet normal -0 0 1
    outer loop
      vertex 69.7324 34.2676 3.2
      vertex 69.9437 29.4915 3.2
      vertex 69.9437 34.5085 3.2
    endloop
  endfacet
  facet normal 0 0 1
    outer loop
      vertex 69.7324 34.2676 3.2
      vertex 69.7324 29.7324 3.2
      vertex 69.9437 29.4915 3.2
    endloop
  endfacet
  facet normal -0 0 1
    outer loop
      vertex 69.4915 34.0563 3.2
      vertex 69.7324 29.7324 3.2
      vertex 69.7324 34.2676 3.2
    endloop
  endfacet
  facet normal 0 0 1
    outer loop
      vertex 69.4915 34.0563 3.2
      vertex 69.4915 29.9437 3.2
      vertex 69.7324 29.7324 3.2
    endloop
  endfacet
  facet normal -0 0 1
    outer loop
      vertex 69.225 33.8782 3.2
      vertex 69.4915 29.9437 3.2
      vertex 69.4915 34.0563 3.2
    endloop
  endfacet
  facet normal 0 0 1
    outer loop
      vertex 69.225 33.8782 3.2
      vertex 69.225 30.1218 3.2
      vertex 69.4915 29.9437 3.2
    endloop
  endfacet
  facet normal -0 0 1
    outer loop
      vertex 68.9376 33.7365 3.2
      vertex 69.225 30.1218 3.2
      vertex 69.225 33.8782 3.2
    endloop
  endfacet
  facet normal 0 0 1
    outer loop
      vertex 68.9376 33.7365 3.2
      vertex 68.9376 30.2635 3.2
      vertex 69.225 30.1218 3.2
    endloop
  endfacet
  facet normal -0 0 1
    outer loop
      vertex 68.6341 33.6335 3.2
      vertex 68.9376 30.2635 3.2
      vertex 68.9376 33.7365 3.2
    endloop
  endfacet
  facet normal 0 0 1
    outer loop
      vertex 68.6341 33.6335 3.2
      vertex 68.6341 30.3665 3.2
      vertex 68.9376 30.2635 3.2
    endloop
  endfacet
  facet normal -0 0 1
    outer loop
      vertex 68.3198 33.571 3.2
      vertex 68.6341 30.3665 3.2
      vertex 68.6341 33.6335 3.2
    endloop
  endfacet
  facet normal 0 0 1
    outer loop
      vertex 68.3198 33.571 3.2
      vertex 68.3198 30.429 3.2
      vertex 68.6341 30.3665 3.2
    endloop
  endfacet
  facet normal -0 0 1
    outer loop
      vertex 68 33.55 3.2
      vertex 68.3198 30.429 3.2
      vertex 68.3198 33.571 3.2
    endloop
  endfacet
  facet normal 0 0 1
    outer loop
      vertex 68 33.55 3.2
      vertex 68 30.45 3.2
      vertex 68.3198 30.429 3.2
    endloop
  endfacet
  facet normal 0 0 1
    outer loop
      vertex 67.6802 33.571 3.2
      vertex 68 30.45 3.2
      vertex 68 33.55 3.2
    endloop
  endfacet
  facet normal 0 0 1
    outer loop
      vertex 67.6802 33.571 3.2
      vertex 67.6802 30.429 3.2
      vertex 68 30.45 3.2
    endloop
  endfacet
  facet normal 0 0 1
    outer loop
      vertex 67.3659 33.6335 3.2
      vertex 67.6802 30.429 3.2
      vertex 67.6802 33.571 3.2
    endloop
  endfacet
  facet normal 0 0 1
    outer loop
      vertex 67.3659 33.6335 3.2
      vertex 67.3659 30.3665 3.2
      vertex 67.6802 30.429 3.2
    endloop
  endfacet
  facet normal 0 0 1
    outer loop
      vertex 67.0624 33.7365 3.2
      vertex 67.3659 30.3665 3.2
      vertex 67.3659 33.6335 3.2
    endloop
  endfacet
  facet normal 0 0 1
    outer loop
      vertex 67.0624 33.7365 3.2
      vertex 67.0624 30.2635 3.2
      vertex 67.3659 30.3665 3.2
    endloop
  endfacet
  facet normal 0 0 1
    outer loop
      vertex 66.775 33.8782 3.2
      vertex 67.0624 30.2635 3.2
      vertex 67.0624 33.7365 3.2
    endloop
  endfacet
  facet normal 0 0 1
    outer loop
      vertex 66.775 33.8782 3.2
      vertex 66.775 30.1218 3.2
      vertex 67.0624 30.2635 3.2
    endloop
  endfacet
  facet normal 0 0 1
    outer loop
      vertex 66.5085 34.0563 3.2
      vertex 66.775 30.1218 3.2
      vertex 66.775 33.8782 3.2
    endloop
  endfacet
  facet normal 0 0 1
    outer loop
      vertex 66.5085 34.0563 3.2
      vertex 66.5085 29.9437 3.2
      vertex 66.775 30.1218 3.2
    endloop
  endfacet
  facet normal 0 0 1
    outer loop
      vertex 66.2676 34.2676 3.2
      vertex 66.5085 29.9437 3.2
      vertex 66.5085 34.0563 3.2
    endloop
  endfacet
  facet normal 0 0 1
    outer loop
      vertex 66.2676 34.2676 3.2
      vertex 66.2676 29.7324 3.2
      vertex 66.5085 29.9437 3.2
    endloop
  endfacet
  facet normal 0 0 1
    outer loop
      vertex 66.0563 34.5085 3.2
      vertex 66.2676 29.7324 3.2
      vertex 66.2676 34.2676 3.2
    endloop
  endfacet
  facet normal 0 0 1
    outer loop
      vertex 66.0563 34.5085 3.2
      vertex 66.0563 29.4915 3.2
      vertex 66.2676 29.7324 3.2
    endloop
  endfacet
  facet normal 0 0 1
    outer loop
      vertex 65.8782 34.775 3.2
      vertex 66.0563 29.4915 3.2
      vertex 66.0563 34.5085 3.2
    endloop
  endfacet
  facet normal 0 0 1
    outer loop
      vertex 65.8782 34.775 3.2
      vertex 65.8782 29.225 3.2
      vertex 66.0563 29.4915 3.2
    endloop
  endfacet
  facet normal 0 0 1
    outer loop
      vertex 65.7365 35.0624 3.2
      vertex 65.8782 29.225 3.2
      vertex 65.8782 34.775 3.2
    endloop
  endfacet
  facet normal 0 0 1
    outer loop
      vertex 65.7365 35.0624 3.2
      vertex 65.7365 28.9376 3.2
      vertex 65.8782 29.225 3.2
    endloop
  endfacet
  facet normal 0 0 1
    outer loop
      vertex 65.6335 35.3659 3.2
      vertex 65.7365 28.9376 3.2
      vertex 65.7365 35.0624 3.2
    endloop
  endfacet
  facet normal 0 0 1
    outer loop
      vertex 65.6335 35.3659 3.2
      vertex 65.6335 28.6341 3.2
      vertex 65.7365 28.9376 3.2
    endloop
  endfacet
  facet normal 0 0 1
    outer loop
      vertex 65.571 35.6802 3.2
      vertex 65.6335 28.6341 3.2
      vertex 65.6335 35.3659 3.2
    endloop
  endfacet
  facet normal 0 0 1
    outer loop
      vertex 65.571 35.6802 3.2
      vertex 65.571 28.3198 3.2
      vertex 65.6335 28.6341 3.2
    endloop
  endfacet
  facet normal 0 0 1
    outer loop
      vertex 53.7324 50.2676 3.2
      vertex 58.2676 50.2676 3.2
      vertex 53.9437 50.5085 3.2
    endloop
  endfacet
  facet normal 0 0 1
    outer loop
      vertex 58.5085 50.0563 3.2
      vertex 53.4915 50.0563 3.2
      vertex 58.775 49.8782 3.2
    endloop
  endfacet
  facet normal -0 0 1
    outer loop
      vertex 70.429 43.6802 3.2
      vertex 70.45 36 3.2
      vertex 70.45 44 3.2
    endloop
  endfacet
  facet normal 0 0 1
    outer loop
      vertex 70.429 43.6802 3.2
      vertex 70.429 36.3198 3.2
      vertex 70.45 36 3.2
    endloop
  endfacet
  facet normal -0 0 1
    outer loop
      vertex 70.3665 43.3659 3.2
      vertex 70.429 36.3198 3.2
      vertex 70.429 43.6802 3.2
    endloop
  endfacet
  facet normal 0 0 1
    outer loop
      vertex 70.3665 43.3659 3.2
      vertex 70.3665 36.6341 3.2
      vertex 70.429 36.3198 3.2
    endloop
  endfacet
  facet normal -0 0 1
    outer loop
      vertex 70.2635 43.0624 3.2
      vertex 70.3665 36.6341 3.2
      vertex 70.3665 43.3659 3.2
    endloop
  endfacet
  facet normal 0 0 1
    outer loop
      vertex 70.2635 43.0624 3.2
      vertex 70.2635 36.9376 3.2
      vertex 70.3665 36.6341 3.2
    endloop
  endfacet
  facet normal -0 0 1
    outer loop
      vertex 70.1218 42.775 3.2
      vertex 70.2635 36.9376 3.2
      vertex 70.2635 43.0624 3.2
    endloop
  endfacet
  facet normal 0 0 1
    outer loop
      vertex 70.1218 42.775 3.2
      vertex 70.1218 37.225 3.2
      vertex 70.2635 36.9376 3.2
    endloop
  endfacet
  facet normal -0 0 1
    outer loop
      vertex 69.9437 42.5085 3.2
      vertex 70.1218 37.225 3.2
      vertex 70.1218 42.775 3.2
    endloop
  endfacet
  facet normal 0 0 1
    outer loop
      vertex 69.9437 42.5085 3.2
      vertex 69.9437 37.4915 3.2
      vertex 70.1218 37.225 3.2
    endloop
  endfacet
  facet normal -0 0 1
    outer loop
      vertex 69.7324 42.2676 3.2
      vertex 69.9437 37.4915 3.2
      vertex 69.9437 42.5085 3.2
    endloop
  endfacet
  facet normal 0 0 1
    outer loop
      vertex 69.7324 42.2676 3.2
      vertex 69.7324 37.7324 3.2
      vertex 69.9437 37.4915 3.2
    endloop
  endfacet
  facet normal -0 0 1
    outer loop
      vertex 69.4915 42.0563 3.2
      vertex 69.7324 37.7324 3.2
      vertex 69.7324 42.2676 3.2
    endloop
  endfacet
  facet normal 0 0 1
    outer loop
      vertex 69.4915 42.0563 3.2
      vertex 69.4915 37.9437 3.2
      vertex 69.7324 37.7324 3.2
    endloop
  endfacet
  facet normal -0 0 1
    outer loop
      vertex 69.225 41.8782 3.2
      vertex 69.4915 37.9437 3.2
      vertex 69.4915 42.0563 3.2
    endloop
  endfacet
  facet normal 0 0 1
    outer loop
      vertex 69.225 41.8782 3.2
      vertex 69.225 38.1218 3.2
      vertex 69.4915 37.9437 3.2
    endloop
  endfacet
  facet normal -0 0 1
    outer loop
      vertex 68.9376 41.7365 3.2
      vertex 69.225 38.1218 3.2
      vertex 69.225 41.8782 3.2
    endloop
  endfacet
  facet normal 0 0 1
    outer loop
      vertex 68.9376 41.7365 3.2
      vertex 68.9376 38.2635 3.2
      vertex 69.225 38.1218 3.2
    endloop
  endfacet
  facet normal -0 0 1
    outer loop
      vertex 68.6341 41.6335 3.2
      vertex 68.9376 38.2635 3.2
      vertex 68.9376 41.7365 3.2
    endloop
  endfacet
  facet normal 0 0 1
    outer loop
      vertex 68.6341 41.6335 3.2
      vertex 68.6341 38.3665 3.2
      vertex 68.9376 38.2635 3.2
    endloop
  endfacet
  facet normal -0 0 1
    outer loop
      vertex 68.3198 41.571 3.2
      vertex 68.6341 38.3665 3.2
      vertex 68.6341 41.6335 3.2
    endloop
  endfacet
  facet normal 0 0 1
    outer loop
      vertex 68.3198 41.571 3.2
      vertex 68.3198 38.429 3.2
      vertex 68.6341 38.3665 3.2
    endloop
  endfacet
  facet normal -0 0 1
    outer loop
      vertex 68 41.55 3.2
      vertex 68.3198 38.429 3.2
      vertex 68.3198 41.571 3.2
    endloop
  endfacet
  facet normal 0 0 1
    outer loop
      vertex 68 41.55 3.2
      vertex 68 38.45 3.2
      vertex 68.3198 38.429 3.2
    endloop
  endfacet
  facet normal 0 0 1
    outer loop
      vertex 67.6802 41.571 3.2
      vertex 68 38.45 3.2
      vertex 68 41.55 3.2
    endloop
  endfacet
  facet normal 0 0 1
    outer loop
      vertex 67.6802 41.571 3.2
      vertex 67.6802 38.429 3.2
      vertex 68 38.45 3.2
    endloop
  endfacet
  facet normal 0 0 1
    outer loop
      vertex 67.3659 41.6335 3.2
      vertex 67.6802 38.429 3.2
      vertex 67.6802 41.571 3.2
    endloop
  endfacet
  facet normal 0 0 1
    outer loop
      vertex 67.3659 41.6335 3.2
      vertex 67.3659 38.3665 3.2
      vertex 67.6802 38.429 3.2
    endloop
  endfacet
  facet normal 0 0 1
    outer loop
      vertex 67.0624 41.7365 3.2
      vertex 67.3659 38.3665 3.2
      vertex 67.3659 41.6335 3.2
    endloop
  endfacet
  facet normal 0 0 1
    outer loop
      vertex 67.0624 41.7365 3.2
      vertex 67.0624 38.2635 3.2
      vertex 67.3659 38.3665 3.2
    endloop
  endfacet
  facet normal 0 0 1
    outer loop
      vertex 66.775 41.8782 3.2
      vertex 67.0624 38.2635 3.2
      vertex 67.0624 41.7365 3.2
    endloop
  endfacet
  facet normal 0 0 1
    outer loop
      vertex 66.775 41.8782 3.2
      vertex 66.775 38.1218 3.2
      vertex 67.0624 38.2635 3.2
    endloop
  endfacet
  facet normal 0 0 1
    outer loop
      vertex 66.5085 42.0563 3.2
      vertex 66.775 38.1218 3.2
      vertex 66.775 41.8782 3.2
    endloop
  endfacet
  facet normal 0 0 1
    outer loop
      vertex 66.5085 42.0563 3.2
      vertex 66.5085 37.9437 3.2
      vertex 66.775 38.1218 3.2
    endloop
  endfacet
  facet normal 0 0 1
    outer loop
      vertex 66.2676 42.2676 3.2
      vertex 66.5085 37.9437 3.2
      vertex 66.5085 42.0563 3.2
    endloop
  endfacet
  facet normal 0 0 1
    outer loop
      vertex 66.2676 42.2676 3.2
      vertex 66.2676 37.7324 3.2
      vertex 66.5085 37.9437 3.2
    endloop
  endfacet
  facet normal 0 0 1
    outer loop
      vertex 66.0563 42.5085 3.2
      vertex 66.2676 37.7324 3.2
      vertex 66.2676 42.2676 3.2
    endloop
  endfacet
  facet normal 0 0 1
    outer loop
      vertex 66.0563 42.5085 3.2
      vertex 66.0563 37.4915 3.2
      vertex 66.2676 37.7324 3.2
    endloop
  endfacet
  facet normal 0 0 1
    outer loop
      vertex 65.8782 42.775 3.2
      vertex 66.0563 37.4915 3.2
      vertex 66.0563 42.5085 3.2
    endloop
  endfacet
  facet normal 0 0 1
    outer loop
      vertex 65.8782 42.775 3.2
      vertex 65.8782 37.225 3.2
      vertex 66.0563 37.4915 3.2
    endloop
  endfacet
  facet normal 0 0 1
    outer loop
      vertex 65.7365 43.0624 3.2
      vertex 65.8782 37.225 3.2
      vertex 65.8782 42.775 3.2
    endloop
  endfacet
  facet normal 0 0 1
    outer loop
      vertex 65.7365 43.0624 3.2
      vertex 65.7365 36.9376 3.2
      vertex 65.8782 37.225 3.2
    endloop
  endfacet
  facet normal 0 0 1
    outer loop
      vertex 65.6335 43.3659 3.2
      vertex 65.7365 36.9376 3.2
      vertex 65.7365 43.0624 3.2
    endloop
  endfacet
  facet normal 0 0 1
    outer loop
      vertex 65.6335 43.3659 3.2
      vertex 65.6335 36.6341 3.2
      vertex 65.7365 36.9376 3.2
    endloop
  endfacet
  facet normal -0 0 1
    outer loop
      vertex 60.9376 49.7365 3.2
      vertex 65.7365 44.9376 3.2
      vertex 61.225 49.8782 3.2
    endloop
  endfacet
  facet normal 0 0 1
    outer loop
      vertex 65.7365 44.9376 3.2
      vertex 60.9376 49.7365 3.2
      vertex 65.6335 44.6341 3.2
    endloop
  endfacet
  facet normal 0 0 1
    outer loop
      vertex 66.2676 45.7324 3.2
      vertex 61.7324 50.2676 3.2
      vertex 66.0563 45.4915 3.2
    endloop
  endfacet
  facet normal -0 0 1
    outer loop
      vertex 61.4915 50.0563 3.2
      vertex 66.0563 45.4915 3.2
      vertex 61.7324 50.2676 3.2
    endloop
  endfacet
  facet normal 0 0 1
    outer loop
      vertex 70.429 44.3198 3.2
      vertex 72 56 3.2
      vertex 70.429 51.6802 3.2
    endloop
  endfacet
  facet normal 0 0 1
    outer loop
      vertex 72 56 3.2
      vertex 70.429 44.3198 3.2
      vertex 70.45 44 3.2
    endloop
  endfacet
  facet normal -0 0 1
    outer loop
      vertex 70.3665 51.3659 3.2
      vertex 70.429 44.3198 3.2
      vertex 70.429 51.6802 3.2
    endloop
  endfacet
  facet normal 0 0 1
    outer loop
      vertex 70.3665 51.3659 3.2
      vertex 70.3665 44.6341 3.2
      vertex 70.429 44.3198 3.2
    endloop
  endfacet
  facet normal -0 0 1
    outer loop
      vertex 70.2635 51.0624 3.2
      vertex 70.3665 44.6341 3.2
      vertex 70.3665 51.3659 3.2
    endloop
  endfacet
  facet normal 0 0 1
    outer loop
      vertex 70.2635 51.0624 3.2
      vertex 70.2635 44.9376 3.2
      vertex 70.3665 44.6341 3.2
    endloop
  endfacet
  facet normal -0 0 1
    outer loop
      vertex 70.1218 50.775 3.2
      vertex 70.2635 44.9376 3.2
      vertex 70.2635 51.0624 3.2
    endloop
  endfacet
  facet normal 0 0 1
    outer loop
      vertex 70.1218 50.775 3.2
      vertex 70.1218 45.225 3.2
      vertex 70.2635 44.9376 3.2
    endloop
  endfacet
  facet normal -0 0 1
    outer loop
      vertex 69.9437 50.5085 3.2
      vertex 70.1218 45.225 3.2
      vertex 70.1218 50.775 3.2
    endloop
  endfacet
  facet normal 0 0 1
    outer loop
      vertex 69.9437 50.5085 3.2
      vertex 69.9437 45.4915 3.2
      vertex 70.1218 45.225 3.2
    endloop
  endfacet
  facet normal -0 0 1
    outer loop
      vertex 69.7324 50.2676 3.2
      vertex 69.9437 45.4915 3.2
      vertex 69.9437 50.5085 3.2
    endloop
  endfacet
  facet normal 0 0 1
    outer loop
      vertex 69.7324 50.2676 3.2
      vertex 69.7324 45.7324 3.2
      vertex 69.9437 45.4915 3.2
    endloop
  endfacet
  facet normal -0 0 1
    outer loop
      vertex 69.4915 50.0563 3.2
      vertex 69.7324 45.7324 3.2
      vertex 69.7324 50.2676 3.2
    endloop
  endfacet
  facet normal 0 0 1
    outer loop
      vertex 69.4915 50.0563 3.2
      vertex 69.4915 45.9437 3.2
      vertex 69.7324 45.7324 3.2
    endloop
  endfacet
  facet normal -0 0 1
    outer loop
      vertex 69.225 49.8782 3.2
      vertex 69.4915 45.9437 3.2
      vertex 69.4915 50.0563 3.2
    endloop
  endfacet
  facet normal 0 0 1
    outer loop
      vertex 69.225 49.8782 3.2
      vertex 69.225 46.1218 3.2
      vertex 69.4915 45.9437 3.2
    endloop
  endfacet
  facet normal -0 0 1
    outer loop
      vertex 68.9376 49.7365 3.2
      vertex 69.225 46.1218 3.2
      vertex 69.225 49.8782 3.2
    endloop
  endfacet
  facet normal 0 0 1
    outer loop
      vertex 68.9376 49.7365 3.2
      vertex 68.9376 46.2635 3.2
      vertex 69.225 46.1218 3.2
    endloop
  endfacet
  facet normal -0 0 1
    outer loop
      vertex 68.6341 49.6335 3.2
      vertex 68.9376 46.2635 3.2
      vertex 68.9376 49.7365 3.2
    endloop
  endfacet
  facet normal 0 0 1
    outer loop
      vertex 68.6341 49.6335 3.2
      vertex 68.6341 46.3665 3.2
      vertex 68.9376 46.2635 3.2
    endloop
  endfacet
  facet normal -0 0 1
    outer loop
      vertex 68.3198 49.571 3.2
      vertex 68.6341 46.3665 3.2
      vertex 68.6341 49.6335 3.2
    endloop
  endfacet
  facet normal 0 0 1
    outer loop
      vertex 68.3198 49.571 3.2
      vertex 68.3198 46.429 3.2
      vertex 68.6341 46.3665 3.2
    endloop
  endfacet
  facet normal -0 0 1
    outer loop
      vertex 68 49.55 3.2
      vertex 68.3198 46.429 3.2
      vertex 68.3198 49.571 3.2
    endloop
  endfacet
  facet normal 0 0 1
    outer loop
      vertex 68 49.55 3.2
      vertex 68 46.45 3.2
      vertex 68.3198 46.429 3.2
    endloop
  endfacet
  facet normal 0 0 1
    outer loop
      vertex 67.6802 49.571 3.2
      vertex 68 46.45 3.2
      vertex 68 49.55 3.2
    endloop
  endfacet
  facet normal 0 0 1
    outer loop
      vertex 67.6802 49.571 3.2
      vertex 67.6802 46.429 3.2
      vertex 68 46.45 3.2
    endloop
  endfacet
  facet normal 0 0 1
    outer loop
      vertex 67.3659 49.6335 3.2
      vertex 67.6802 46.429 3.2
      vertex 67.6802 49.571 3.2
    endloop
  endfacet
  facet normal 0 0 1
    outer loop
      vertex 67.3659 49.6335 3.2
      vertex 67.3659 46.3665 3.2
      vertex 67.6802 46.429 3.2
    endloop
  endfacet
  facet normal 0 0 1
    outer loop
      vertex 67.0624 49.7365 3.2
      vertex 67.3659 46.3665 3.2
      vertex 67.3659 49.6335 3.2
    endloop
  endfacet
  facet normal 0 0 1
    outer loop
      vertex 67.0624 49.7365 3.2
      vertex 67.0624 46.2635 3.2
      vertex 67.3659 46.3665 3.2
    endloop
  endfacet
  facet normal 0 0 1
    outer loop
      vertex 66.775 49.8782 3.2
      vertex 67.0624 46.2635 3.2
      vertex 67.0624 49.7365 3.2
    endloop
  endfacet
  facet normal 0 0 1
    outer loop
      vertex 66.775 49.8782 3.2
      vertex 66.775 46.1218 3.2
      vertex 67.0624 46.2635 3.2
    endloop
  endfacet
  facet normal 0 0 1
    outer loop
      vertex 66.5085 50.0563 3.2
      vertex 66.775 46.1218 3.2
      vertex 66.775 49.8782 3.2
    endloop
  endfacet
  facet normal 0 0 1
    outer loop
      vertex 66.5085 50.0563 3.2
      vertex 66.5085 45.9437 3.2
      vertex 66.775 46.1218 3.2
    endloop
  endfacet
  facet normal 0 0 1
    outer loop
      vertex 66.2676 50.2676 3.2
      vertex 66.5085 45.9437 3.2
      vertex 66.5085 50.0563 3.2
    endloop
  endfacet
  facet normal 0 0 1
    outer loop
      vertex 66.2676 50.2676 3.2
      vertex 66.2676 45.7324 3.2
      vertex 66.5085 45.9437 3.2
    endloop
  endfacet
  facet normal 0 0 1
    outer loop
      vertex 62.1218 50.775 3.2
      vertex 65.8782 50.775 3.2
      vertex 62.2635 51.0624 3.2
    endloop
  endfacet
  facet normal 0 0 1
    outer loop
      vertex 65.8782 50.775 3.2
      vertex 62.1218 50.775 3.2
      vertex 66.0563 50.5085 3.2
    endloop
  endfacet
  facet normal 0 0 1
    outer loop
      vertex 65.6335 51.3659 3.2
      vertex 62.3665 51.3659 3.2
      vertex 65.7365 51.0624 3.2
    endloop
  endfacet
  facet normal 0 0 1
    outer loop
      vertex 62.2635 51.0624 3.2
      vertex 65.7365 51.0624 3.2
      vertex 62.3665 51.3659 3.2
    endloop
  endfacet
  facet normal 0 0 1
    outer loop
      vertex 62.3665 51.3659 3.2
      vertex 65.6335 51.3659 3.2
      vertex 62.429 51.6802 3.2
    endloop
  endfacet
  facet normal 0 0 1
    outer loop
      vertex 65.7365 51.0624 3.2
      vertex 62.2635 51.0624 3.2
      vertex 65.8782 50.775 3.2
    endloop
  endfacet
  facet normal 0 0 1
    outer loop
      vertex 65.571 51.6802 3.2
      vertex 62.429 51.6802 3.2
      vertex 65.6335 51.3659 3.2
    endloop
  endfacet
  facet normal 0 0 1
    outer loop
      vertex 61.9437 50.5085 3.2
      vertex 66.0563 50.5085 3.2
      vertex 62.1218 50.775 3.2
    endloop
  endfacet
  facet normal 0 0 1
    outer loop
      vertex 62.45 52 3.2
      vertex 64.4834 54.2528 3.2
      vertex 64.325 54.3309 3.2
    endloop
  endfacet
  facet normal 0 0 1
    outer loop
      vertex 64.4834 54.2528 3.2
      vertex 62.45 52 3.2
      vertex 65.571 52.3198 3.2
    endloop
  endfacet
  facet normal 0 0 1
    outer loop
      vertex 64.6506 54.196 3.2
      vertex 65.6335 52.6341 3.2
      vertex 64.8238 54.1615 3.2
    endloop
  endfacet
  facet normal 0 0 1
    outer loop
      vertex 65.6335 52.6341 3.2
      vertex 64.6506 54.196 3.2
      vertex 65.571 52.3198 3.2
    endloop
  endfacet
  facet normal 0 0 1
    outer loop
      vertex 70.429 51.6802 3.2
      vertex 72 56 3.2
      vertex 70.45 52 3.2
    endloop
  endfacet
  facet normal 0 0 1
    outer loop
      vertex 72 56 3.2
      vertex 70.429 52.3198 3.2
      vertex 70.45 52 3.2
    endloop
  endfacet
  facet normal 0 0 1
    outer loop
      vertex 72 56 3.2
      vertex 70.3665 52.6341 3.2
      vertex 70.429 52.3198 3.2
    endloop
  endfacet
  facet normal 0 0 1
    outer loop
      vertex 72 56 3.2
      vertex 70.2635 52.9376 3.2
      vertex 70.3665 52.6341 3.2
    endloop
  endfacet
  facet normal 0 0 1
    outer loop
      vertex 72 56 3.2
      vertex 70.1218 53.225 3.2
      vertex 70.2635 52.9376 3.2
    endloop
  endfacet
  facet normal 0 0 1
    outer loop
      vertex 72 56 3.2
      vertex 69.9437 53.4915 3.2
      vertex 70.1218 53.225 3.2
    endloop
  endfacet
  facet normal 0 0 1
    outer loop
      vertex 72 56 3.2
      vertex 69.7324 53.7324 3.2
      vertex 69.9437 53.4915 3.2
    endloop
  endfacet
  facet normal 0 0 1
    outer loop
      vertex 72 56 3.2
      vertex 69.4915 53.9437 3.2
      vertex 69.7324 53.7324 3.2
    endloop
  endfacet
  facet normal 0 0 1
    outer loop
      vertex 72 56 3.2
      vertex 69.225 54.1218 3.2
      vertex 69.4915 53.9437 3.2
    endloop
  endfacet
  facet normal 0 0 1
    outer loop
      vertex 72 56 3.2
      vertex 68.9376 54.2635 3.2
      vertex 69.225 54.1218 3.2
    endloop
  endfacet
  facet normal 0 0 1
    outer loop
      vertex 72 56 3.2
      vertex 68.6341 54.3665 3.2
      vertex 68.9376 54.2635 3.2
    endloop
  endfacet
  facet normal 0 0 1
    outer loop
      vertex 72 56 3.2
      vertex 68.3198 54.429 3.2
      vertex 68.6341 54.3665 3.2
    endloop
  endfacet
  facet normal -0 0 1
    outer loop
      vertex 66.2529 56 3.2
      vertex 68.3198 54.429 3.2
      vertex 72 56 3.2
    endloop
  endfacet
  facet normal -0 -0 1
    outer loop
      vertex 66.304 55.8494 3.2
      vertex 68.3198 54.429 3.2
      vertex 66.2529 56 3.2
    endloop
  endfacet
  facet normal 0 0 1
    outer loop
      vertex 68.3198 54.429 3.2
      vertex 66.304 55.8494 3.2
      vertex 68 54.45 3.2
    endloop
  endfacet
  facet normal 0 0 1
    outer loop
      vertex 68 54.45 3.2
      vertex 66.3384 55.6762 3.2
      vertex 67.6802 54.429 3.2
    endloop
  endfacet
  facet normal 0 0 1
    outer loop
      vertex 67.3659 54.3665 3.2
      vertex 66.304 55.1506 3.2
      vertex 67.0624 54.2635 3.2
    endloop
  endfacet
  facet normal -0 0 1
    outer loop
      vertex 66.304 55.1506 3.2
      vertex 67.3659 54.3665 3.2
      vertex 66.3384 55.3238 3.2
    endloop
  endfacet
  facet normal 0 0 1
    outer loop
      vertex 67.6802 54.429 3.2
      vertex 66.35 55.5 3.2
      vertex 67.3659 54.3665 3.2
    endloop
  endfacet
  facet normal -0 0 1
    outer loop
      vertex 66.3384 55.3238 3.2
      vertex 67.3659 54.3665 3.2
      vertex 66.35 55.5 3.2
    endloop
  endfacet
  facet normal -0 -0 1
    outer loop
      vertex 66.35 55.5 3.2
      vertex 67.6802 54.429 3.2
      vertex 66.3384 55.6762 3.2
    endloop
  endfacet
  facet normal -0 -0 1
    outer loop
      vertex 66.3384 55.6762 3.2
      vertex 68 54.45 3.2
      vertex 66.304 55.8494 3.2
    endloop
  endfacet
  facet normal 0 0 1
    outer loop
      vertex 70.45 36 3.2
      vertex 72 56 3.2
      vertex 70.45 44 3.2
    endloop
  endfacet
  facet normal 0 0 1
    outer loop
      vertex 70.45 28 3.2
      vertex 72 56 3.2
      vertex 70.45 36 3.2
    endloop
  endfacet
  facet normal 0 0 1
    outer loop
      vertex 72 56 3.2
      vertex 70.45 28 3.2
      vertex 72 0 3.2
    endloop
  endfacet
  facet normal -0 0 1
    outer loop
      vertex 70.45 20 3.2
      vertex 72 0 3.2
      vertex 70.45 28 3.2
    endloop
  endfacet
  facet normal -0 0 1
    outer loop
      vertex 70.45 12 3.2
      vertex 72 0 3.2
      vertex 70.45 20 3.2
    endloop
  endfacet
  facet normal -0 0 1
    outer loop
      vertex 70.429 11.6802 3.2
      vertex 72 0 3.2
      vertex 70.45 12 3.2
    endloop
  endfacet
  facet normal -0 0 1
    outer loop
      vertex 70.429 3.68021 3.2
      vertex 72 0 3.2
      vertex 70.45 4 3.2
    endloop
  endfacet
  facet normal -0 0 1
    outer loop
      vertex 70.3665 3.36589 3.2
      vertex 72 0 3.2
      vertex 70.429 3.68021 3.2
    endloop
  endfacet
  facet normal -0 0 1
    outer loop
      vertex 70.2635 3.06242 3.2
      vertex 72 0 3.2
      vertex 70.3665 3.36589 3.2
    endloop
  endfacet
  facet normal -0 0 1
    outer loop
      vertex 70.1218 2.775 3.2
      vertex 72 0 3.2
      vertex 70.2635 3.06242 3.2
    endloop
  endfacet
  facet normal -0 0 1
    outer loop
      vertex 69.9437 2.50853 3.2
      vertex 72 0 3.2
      vertex 70.1218 2.775 3.2
    endloop
  endfacet
  facet normal -0 0 1
    outer loop
      vertex 69.7324 2.26759 3.2
      vertex 72 0 3.2
      vertex 69.9437 2.50853 3.2
    endloop
  endfacet
  facet normal -0 0 1
    outer loop
      vertex 69.4915 2.05628 3.2
      vertex 72 0 3.2
      vertex 69.7324 2.26759 3.2
    endloop
  endfacet
  facet normal -0 0 1
    outer loop
      vertex 69.225 1.87824 3.2
      vertex 72 0 3.2
      vertex 69.4915 2.05628 3.2
    endloop
  endfacet
  facet normal -0 0 1
    outer loop
      vertex 68.9376 1.7365 3.2
      vertex 72 0 3.2
      vertex 69.225 1.87824 3.2
    endloop
  endfacet
  facet normal -0 0 1
    outer loop
      vertex 68.6341 1.63348 3.2
      vertex 72 0 3.2
      vertex 68.9376 1.7365 3.2
    endloop
  endfacet
  facet normal -0 0 1
    outer loop
      vertex 68.3198 1.57096 3.2
      vertex 72 0 3.2
      vertex 68.6341 1.63348 3.2
    endloop
  endfacet
  facet normal -0 0 1
    outer loop
      vertex 68 1.55 3.2
      vertex 72 0 3.2
      vertex 68.3198 1.57096 3.2
    endloop
  endfacet
  facet normal 0 0 1
    outer loop
      vertex 67.6802 1.57096 3.2
      vertex 72 0 3.2
      vertex 68 1.55 3.2
    endloop
  endfacet
  facet normal 0 0 1
    outer loop
      vertex 67.3659 1.63348 3.2
      vertex 72 0 3.2
      vertex 67.6802 1.57096 3.2
    endloop
  endfacet
  facet normal 0 0 1
    outer loop
      vertex 60.6341 1.63348 3.2
      vertex 67.3659 1.63348 3.2
      vertex 67.0624 1.7365 3.2
    endloop
  endfacet
  facet normal -0 0 1
    outer loop
      vertex 65 5.15 3.2
      vertex 65.6335 4.63411 3.2
      vertex 65.1762 5.16155 3.2
    endloop
  endfacet
  facet normal 0 0 1
    outer loop
      vertex 65.6335 4.63411 3.2
      vertex 65 5.15 3.2
      vertex 65.571 4.31979 3.2
    endloop
  endfacet
  facet normal 0 0 1
    outer loop
      vertex 64.8238 5.16155 3.2
      vertex 65.571 4.31979 3.2
      vertex 65 5.15 3.2
    endloop
  endfacet
  facet normal 0 0 1
    outer loop
      vertex 65.571 4.31979 3.2
      vertex 64.8238 5.16155 3.2
      vertex 65.55 4 3.2
    endloop
  endfacet
  facet normal 0 0 1
    outer loop
      vertex 64.6506 5.196 3.2
      vertex 65.55 4 3.2
      vertex 64.8238 5.16155 3.2
    endloop
  endfacet
  facet normal 0 0 1
    outer loop
      vertex 64.4834 5.25276 3.2
      vertex 65.55 4 3.2
      vertex 64.6506 5.196 3.2
    endloop
  endfacet
  facet normal 0 0 1
    outer loop
      vertex 62.45 4 3.2
      vertex 65.55 4 3.2
      vertex 64.4834 5.25276 3.2
    endloop
  endfacet
  facet normal 0 0 1
    outer loop
      vertex 65.571 3.68021 3.2
      vertex 62.429 3.68021 3.2
      vertex 65.6335 3.36589 3.2
    endloop
  endfacet
  facet normal 0 0 1
    outer loop
      vertex 62.3665 3.36589 3.2
      vertex 65.6335 3.36589 3.2
      vertex 62.429 3.68021 3.2
    endloop
  endfacet
  facet normal 0 0 1
    outer loop
      vertex 65.55 4 3.2
      vertex 62.45 4 3.2
      vertex 65.571 3.68021 3.2
    endloop
  endfacet
  facet normal 0 0 1
    outer loop
      vertex 62.45 4 3.2
      vertex 64.4834 5.25276 3.2
      vertex 64.325 5.33086 3.2
    endloop
  endfacet
  facet normal 0 0 1
    outer loop
      vertex 62.45 4 3.2
      vertex 64.325 5.33086 3.2
      vertex 64.1782 5.42897 3.2
    endloop
  endfacet
  facet normal 0 0 1
    outer loop
      vertex 62.45 4 3.2
      vertex 64.1782 5.42897 3.2
      vertex 64.0454 5.54541 3.2
    endloop
  endfacet
  facet normal 0 0 1
    outer loop
      vertex 62.45 4 3.2
      vertex 64.0454 5.54541 3.2
      vertex 63.929 5.67817 3.2
    endloop
  endfacet
  facet normal 0 0 1
    outer loop
      vertex 65.571 3.68021 3.2
      vertex 62.45 4 3.2
      vertex 62.429 3.68021 3.2
    endloop
  endfacet
  facet normal 0 0 1
    outer loop
      vertex 63.6615 6.67621 3.2
      vertex 62.45 4 3.2
      vertex 63.65 6.5 3.2
    endloop
  endfacet
  facet normal 0 0 1
    outer loop
      vertex 62.45 4 3.2
      vertex 63.6615 6.32379 3.2
      vertex 63.65 6.5 3.2
    endloop
  endfacet
  facet normal 0 0 1
    outer loop
      vertex 62.45 4 3.2
      vertex 63.696 6.15059 3.2
      vertex 63.6615 6.32379 3.2
    endloop
  endfacet
  facet normal 0 0 1
    outer loop
      vertex 62.45 4 3.2
      vertex 63.7528 5.98338 3.2
      vertex 63.696 6.15059 3.2
    endloop
  endfacet
  facet normal 0 0 1
    outer loop
      vertex 62.45 4 3.2
      vertex 63.8309 5.825 3.2
      vertex 63.7528 5.98338 3.2
    endloop
  endfacet
  facet normal 0 0 1
    outer loop
      vertex 62.45 4 3.2
      vertex 63.929 5.67817 3.2
      vertex 63.8309 5.825 3.2
    endloop
  endfacet
  facet normal 0 0 1
    outer loop
      vertex 65.6335 3.36589 3.2
      vertex 62.3665 3.36589 3.2
      vertex 65.7365 3.06242 3.2
    endloop
  endfacet
  facet normal 0 0 1
    outer loop
      vertex 62.2635 3.06242 3.2
      vertex 65.7365 3.06242 3.2
      vertex 62.3665 3.36589 3.2
    endloop
  endfacet
  facet normal 0 0 1
    outer loop
      vertex 65.7365 3.06242 3.2
      vertex 62.2635 3.06242 3.2
      vertex 65.8782 2.775 3.2
    endloop
  endfacet
  facet normal 0 0 1
    outer loop
      vertex 62.1218 2.775 3.2
      vertex 65.8782 2.775 3.2
      vertex 62.2635 3.06242 3.2
    endloop
  endfacet
  facet normal 0 0 1
    outer loop
      vertex 65.8782 2.775 3.2
      vertex 62.1218 2.775 3.2
      vertex 66.0563 2.50853 3.2
    endloop
  endfacet
  facet normal 0 0 1
    outer loop
      vertex 61.9437 2.50853 3.2
      vertex 66.0563 2.50853 3.2
      vertex 62.1218 2.775 3.2
    endloop
  endfacet
  facet normal 0 0 1
    outer loop
      vertex 66.0563 2.50853 3.2
      vertex 61.9437 2.50853 3.2
      vertex 66.2676 2.26759 3.2
    endloop
  endfacet
  facet normal 0 0 1
    outer loop
      vertex 61.7324 2.26759 3.2
      vertex 66.2676 2.26759 3.2
      vertex 61.9437 2.50853 3.2
    endloop
  endfacet
  facet normal 0 0 1
    outer loop
      vertex 66.2676 2.26759 3.2
      vertex 61.7324 2.26759 3.2
      vertex 66.5085 2.05628 3.2
    endloop
  endfacet
  facet normal 0 0 1
    outer loop
      vertex 61.4915 2.05628 3.2
      vertex 66.5085 2.05628 3.2
      vertex 61.7324 2.26759 3.2
    endloop
  endfacet
  facet normal 0 0 1
    outer loop
      vertex 66.5085 2.05628 3.2
      vertex 61.4915 2.05628 3.2
      vertex 66.775 1.87824 3.2
    endloop
  endfacet
  facet normal 0 0 1
    outer loop
      vertex 61.225 1.87824 3.2
      vertex 66.775 1.87824 3.2
      vertex 61.4915 2.05628 3.2
    endloop
  endfacet
  facet normal 0 0 1
    outer loop
      vertex 66.775 1.87824 3.2
      vertex 61.225 1.87824 3.2
      vertex 67.0624 1.7365 3.2
    endloop
  endfacet
  facet normal 0 0 1
    outer loop
      vertex 60.9376 1.7365 3.2
      vertex 67.0624 1.7365 3.2
      vertex 61.225 1.87824 3.2
    endloop
  endfacet
  facet normal 0 0 1
    outer loop
      vertex 60.6341 1.63348 3.2
      vertex 67.0624 1.7365 3.2
      vertex 60.9376 1.7365 3.2
    endloop
  endfacet
  facet normal 0 0 1
    outer loop
      vertex 67.3659 1.63348 3.2
      vertex 60.6341 1.63348 3.2
      vertex 72 0 3.2
    endloop
  endfacet
  facet normal -0 0 1
    outer loop
      vertex 60.3198 1.57096 3.2
      vertex 72 0 3.2
      vertex 60.6341 1.63348 3.2
    endloop
  endfacet
  facet normal -0 0 1
    outer loop
      vertex 60 1.55 3.2
      vertex 72 0 3.2
      vertex 60.3198 1.57096 3.2
    endloop
  endfacet
  facet normal 0 0 1
    outer loop
      vertex 52 1.55 3.2
      vertex 60 1.55 3.2
      vertex 59.6802 1.57096 3.2
    endloop
  endfacet
  facet normal 0 0 1
    outer loop
      vertex 57.571 4.31979 3.2
      vertex 54.45 4 3.2
      vertex 57.55 4 3.2
    endloop
  endfacet
  facet normal -0 0 1
    outer loop
      vertex 54.45 4 3.2
      vertex 57.571 3.68021 3.2
      vertex 57.55 4 3.2
    endloop
  endfacet
  facet normal 0 0 1
    outer loop
      vertex 54.429 3.68021 3.2
      vertex 57.571 3.68021 3.2
      vertex 54.45 4 3.2
    endloop
  endfacet
  facet normal 0 0 1
    outer loop
      vertex 57.571 3.68021 3.2
      vertex 54.429 3.68021 3.2
      vertex 57.6335 3.36589 3.2
    endloop
  endfacet
  facet normal 0 0 1
    outer loop
      vertex 54.3665 3.36589 3.2
      vertex 57.6335 3.36589 3.2
      vertex 54.429 3.68021 3.2
    endloop
  endfacet
  facet normal 0 0 1
    outer loop
      vertex 57.6335 3.36589 3.2
      vertex 54.3665 3.36589 3.2
      vertex 57.7365 3.06242 3.2
    endloop
  endfacet
  facet normal 0 0 1
    outer loop
      vertex 54.2635 3.06242 3.2
      vertex 57.7365 3.06242 3.2
      vertex 54.3665 3.36589 3.2
    endloop
  endfacet
  facet normal 0 0 1
    outer loop
      vertex 57.7365 3.06242 3.2
      vertex 54.2635 3.06242 3.2
      vertex 57.8782 2.775 3.2
    endloop
  endfacet
  facet normal 0 0 1
    outer loop
      vertex 54.1218 2.775 3.2
      vertex 57.8782 2.775 3.2
      vertex 54.2635 3.06242 3.2
    endloop
  endfacet
  facet normal 0 0 1
    outer loop
      vertex 57.8782 2.775 3.2
      vertex 54.1218 2.775 3.2
      vertex 58.0563 2.50853 3.2
    endloop
  endfacet
  facet normal 0 0 1
    outer loop
      vertex 53.9437 2.50853 3.2
      vertex 58.0563 2.50853 3.2
      vertex 54.1218 2.775 3.2
    endloop
  endfacet
  facet normal 0 0 1
    outer loop
      vertex 58.0563 2.50853 3.2
      vertex 53.9437 2.50853 3.2
      vertex 58.2676 2.26759 3.2
    endloop
  endfacet
  facet normal 0 0 1
    outer loop
      vertex 53.7324 2.26759 3.2
      vertex 58.2676 2.26759 3.2
      vertex 53.9437 2.50853 3.2
    endloop
  endfacet
  facet normal 0 0 1
    outer loop
      vertex 58.2676 2.26759 3.2
      vertex 53.7324 2.26759 3.2
      vertex 58.5085 2.05628 3.2
    endloop
  endfacet
  facet normal 0 0 1
    outer loop
      vertex 53.4915 2.05628 3.2
      vertex 58.5085 2.05628 3.2
      vertex 53.7324 2.26759 3.2
    endloop
  endfacet
  facet normal 0 0 1
    outer loop
      vertex 58.5085 2.05628 3.2
      vertex 53.4915 2.05628 3.2
      vertex 58.775 1.87824 3.2
    endloop
  endfacet
  facet normal 0 0 1
    outer loop
      vertex 53.225 1.87824 3.2
      vertex 58.775 1.87824 3.2
      vertex 53.4915 2.05628 3.2
    endloop
  endfacet
  facet normal 0 0 1
    outer loop
      vertex 58.775 1.87824 3.2
      vertex 53.225 1.87824 3.2
      vertex 59.0624 1.7365 3.2
    endloop
  endfacet
  facet normal 0 0 1
    outer loop
      vertex 52.9376 1.7365 3.2
      vertex 59.0624 1.7365 3.2
      vertex 53.225 1.87824 3.2
    endloop
  endfacet
  facet normal 0 0 1
    outer loop
      vertex 59.0624 1.7365 3.2
      vertex 52.9376 1.7365 3.2
      vertex 59.3659 1.63348 3.2
    endloop
  endfacet
  facet normal 0 0 1
    outer loop
      vertex 52.6341 1.63348 3.2
      vertex 59.3659 1.63348 3.2
      vertex 52.9376 1.7365 3.2
    endloop
  endfacet
  facet normal 0 0 1
    outer loop
      vertex 59.3659 1.63348 3.2
      vertex 52.6341 1.63348 3.2
      vertex 59.6802 1.57096 3.2
    endloop
  endfacet
  facet normal 0 0 1
    outer loop
      vertex 52.3198 1.57096 3.2
      vertex 59.6802 1.57096 3.2
      vertex 52.6341 1.63348 3.2
    endloop
  endfacet
  facet normal 0 0 1
    outer loop
      vertex 52 1.55 3.2
      vertex 59.6802 1.57096 3.2
      vertex 52.3198 1.57096 3.2
    endloop
  endfacet
  facet normal 0 0 1
    outer loop
      vertex 60 1.55 3.2
      vertex 52 1.55 3.2
      vertex 72 0 3.2
    endloop
  endfacet
  facet normal 0 0 1
    outer loop
      vertex 44 1.55 3.2
      vertex 52 1.55 3.2
      vertex 51.6802 1.57096 3.2
    endloop
  endfacet
  facet normal 0 0 1
    outer loop
      vertex 49.571 4.31979 3.2
      vertex 46.45 4 3.2
      vertex 49.55 4 3.2
    endloop
  endfacet
  facet normal -0 0 1
    outer loop
      vertex 46.45 4 3.2
      vertex 49.571 3.68021 3.2
      vertex 49.55 4 3.2
    endloop
  endfacet
  facet normal 0 0 1
    outer loop
      vertex 46.429 3.68021 3.2
      vertex 49.571 3.68021 3.2
      vertex 46.45 4 3.2
    endloop
  endfacet
  facet normal 0 0 1
    outer loop
      vertex 49.571 3.68021 3.2
      vertex 46.429 3.68021 3.2
      vertex 49.6335 3.36589 3.2
    endloop
  endfacet
  facet normal 0 0 1
    outer loop
      vertex 46.3665 3.36589 3.2
      vertex 49.6335 3.36589 3.2
      vertex 46.429 3.68021 3.2
    endloop
  endfacet
  facet normal 0 0 1
    outer loop
      vertex 49.6335 3.36589 3.2
      vertex 46.3665 3.36589 3.2
      vertex 49.7365 3.06242 3.2
    endloop
  endfacet
  facet normal 0 0 1
    outer loop
      vertex 46.2635 3.06242 3.2
      vertex 49.7365 3.06242 3.2
      vertex 46.3665 3.36589 3.2
    endloop
  endfacet
  facet normal 0 0 1
    outer loop
      vertex 49.7365 3.06242 3.2
      vertex 46.2635 3.06242 3.2
      vertex 49.8782 2.775 3.2
    endloop
  endfacet
  facet normal 0 0 1
    outer loop
      vertex 46.1218 2.775 3.2
      vertex 49.8782 2.775 3.2
      vertex 46.2635 3.06242 3.2
    endloop
  endfacet
  facet normal 0 0 1
    outer loop
      vertex 49.8782 2.775 3.2
      vertex 46.1218 2.775 3.2
      vertex 50.0563 2.50853 3.2
    endloop
  endfacet
  facet normal 0 0 1
    outer loop
      vertex 45.9437 2.50853 3.2
      vertex 50.0563 2.50853 3.2
      vertex 46.1218 2.775 3.2
    endloop
  endfacet
  facet normal 0 0 1
    outer loop
      vertex 50.0563 2.50853 3.2
      vertex 45.9437 2.50853 3.2
      vertex 50.2676 2.26759 3.2
    endloop
  endfacet
  facet normal 0 0 1
    outer loop
      vertex 45.7324 2.26759 3.2
      vertex 50.2676 2.26759 3.2
      vertex 45.9437 2.50853 3.2
    endloop
  endfacet
  facet normal 0 0 1
    outer loop
      vertex 50.2676 2.26759 3.2
      vertex 45.7324 2.26759 3.2
      vertex 50.5085 2.05628 3.2
    endloop
  endfacet
  facet normal 0 0 1
    outer loop
      vertex 45.4915 2.05628 3.2
      vertex 50.5085 2.05628 3.2
      vertex 45.7324 2.26759 3.2
    endloop
  endfacet
  facet normal 0 0 1
    outer loop
      vertex 50.5085 2.05628 3.2
      vertex 45.4915 2.05628 3.2
      vertex 50.775 1.87824 3.2
    endloop
  endfacet
  facet normal 0 0 1
    outer loop
      vertex 45.225 1.87824 3.2
      vertex 50.775 1.87824 3.2
      vertex 45.4915 2.05628 3.2
    endloop
  endfacet
  facet normal 0 0 1
    outer loop
      vertex 50.775 1.87824 3.2
      vertex 45.225 1.87824 3.2
      vertex 51.0624 1.7365 3.2
    endloop
  endfacet
  facet normal 0 0 1
    outer loop
      vertex 44.9376 1.7365 3.2
      vertex 51.0624 1.7365 3.2
      vertex 45.225 1.87824 3.2
    endloop
  endfacet
  facet normal 0 0 1
    outer loop
      vertex 51.0624 1.7365 3.2
      vertex 44.9376 1.7365 3.2
      vertex 51.3659 1.63348 3.2
    endloop
  endfacet
  facet normal 0 0 1
    outer loop
      vertex 44.6341 1.63348 3.2
      vertex 51.3659 1.63348 3.2
      vertex 44.9376 1.7365 3.2
    endloop
  endfacet
  facet normal 0 0 1
    outer loop
      vertex 51.3659 1.63348 3.2
      vertex 44.6341 1.63348 3.2
      vertex 51.6802 1.57096 3.2
    endloop
  endfacet
  facet normal 0 0 1
    outer loop
      vertex 44.3198 1.57096 3.2
      vertex 51.6802 1.57096 3.2
      vertex 44.6341 1.63348 3.2
    endloop
  endfacet
  facet normal 0 0 1
    outer loop
      vertex 44 1.55 3.2
      vertex 51.6802 1.57096 3.2
      vertex 44.3198 1.57096 3.2
    endloop
  endfacet
  facet normal 0 0 1
    outer loop
      vertex 52 1.55 3.2
      vertex 44 1.55 3.2
      vertex 72 0 3.2
    endloop
  endfacet
  facet normal 0 0 1
    outer loop
      vertex 41.571 4.31979 3.2
      vertex 38.45 4 3.2
      vertex 41.55 4 3.2
    endloop
  endfacet
  facet normal -0 0 1
    outer loop
      vertex 38.45 4 3.2
      vertex 41.571 3.68021 3.2
      vertex 41.55 4 3.2
    endloop
  endfacet
  facet normal 0 0 1
    outer loop
      vertex 38.429 3.68021 3.2
      vertex 41.571 3.68021 3.2
      vertex 38.45 4 3.2
    endloop
  endfacet
  facet normal 0 0 1
    outer loop
      vertex 41.571 3.68021 3.2
      vertex 38.429 3.68021 3.2
      vertex 41.6335 3.36589 3.2
    endloop
  endfacet
  facet normal 0 0 1
    outer loop
      vertex 38.3665 3.36589 3.2
      vertex 41.6335 3.36589 3.2
      vertex 38.429 3.68021 3.2
    endloop
  endfacet
  facet normal 0 0 1
    outer loop
      vertex 41.6335 3.36589 3.2
      vertex 38.3665 3.36589 3.2
      vertex 41.7365 3.06242 3.2
    endloop
  endfacet
  facet normal 0 0 1
    outer loop
      vertex 38.2635 3.06242 3.2
      vertex 41.7365 3.06242 3.2
      vertex 38.3665 3.36589 3.2
    endloop
  endfacet
  facet normal 0 0 1
    outer loop
      vertex 41.7365 3.06242 3.2
      vertex 38.2635 3.06242 3.2
      vertex 41.8782 2.775 3.2
    endloop
  endfacet
  facet normal 0 0 1
    outer loop
      vertex 38.1218 2.775 3.2
      vertex 41.8782 2.775 3.2
      vertex 38.2635 3.06242 3.2
    endloop
  endfacet
  facet normal 0 0 1
    outer loop
      vertex 41.8782 2.775 3.2
      vertex 38.1218 2.775 3.2
      vertex 42.0563 2.50853 3.2
    endloop
  endfacet
  facet normal 0 0 1
    outer loop
      vertex 37.9437 2.50853 3.2
      vertex 42.0563 2.50853 3.2
      vertex 38.1218 2.775 3.2
    endloop
  endfacet
  facet normal 0 0 1
    outer loop
      vertex 42.0563 2.50853 3.2
      vertex 37.9437 2.50853 3.2
      vertex 42.2676 2.26759 3.2
    endloop
  endfacet
  facet normal 0 0 1
    outer loop
      vertex 37.7324 2.26759 3.2
      vertex 42.2676 2.26759 3.2
      vertex 37.9437 2.50853 3.2
    endloop
  endfacet
  facet normal 0 0 1
    outer loop
      vertex 42.2676 2.26759 3.2
      vertex 37.7324 2.26759 3.2
      vertex 42.5085 2.05628 3.2
    endloop
  endfacet
  facet normal 0 0 1
    outer loop
      vertex 37.4915 2.05628 3.2
      vertex 42.5085 2.05628 3.2
      vertex 37.7324 2.26759 3.2
    endloop
  endfacet
  facet normal 0 0 1
    outer loop
      vertex 42.5085 2.05628 3.2
      vertex 37.4915 2.05628 3.2
      vertex 42.775 1.87824 3.2
    endloop
  endfacet
  facet normal 0 0 1
    outer loop
      vertex 37.225 1.87824 3.2
      vertex 42.775 1.87824 3.2
      vertex 37.4915 2.05628 3.2
    endloop
  endfacet
  facet normal 0 0 1
    outer loop
      vertex 42.775 1.87824 3.2
      vertex 37.225 1.87824 3.2
      vertex 43.0624 1.7365 3.2
    endloop
  endfacet
  facet normal 0 0 1
    outer loop
      vertex 36.9376 1.7365 3.2
      vertex 43.0624 1.7365 3.2
      vertex 37.225 1.87824 3.2
    endloop
  endfacet
  facet normal 0 0 1
    outer loop
      vertex 43.0624 1.7365 3.2
      vertex 36.9376 1.7365 3.2
      vertex 43.3659 1.63348 3.2
    endloop
  endfacet
  facet normal 0 0 1
    outer loop
      vertex 36.6341 1.63348 3.2
      vertex 43.3659 1.63348 3.2
      vertex 36.9376 1.7365 3.2
    endloop
  endfacet
  facet normal 0 0 1
    outer loop
      vertex 43.3659 1.63348 3.2
      vertex 36.6341 1.63348 3.2
      vertex 43.6802 1.57096 3.2
    endloop
  endfacet
  facet normal 0 0 1
    outer loop
      vertex 36.3198 1.57096 3.2
      vertex 43.6802 1.57096 3.2
      vertex 36.6341 1.63348 3.2
    endloop
  endfacet
  facet normal 0 0 1
    outer loop
      vertex 43.6802 1.57096 3.2
      vertex 36.3198 1.57096 3.2
      vertex 44 1.55 3.2
    endloop
  endfacet
  facet normal 0 0 1
    outer loop
      vertex 36 1.55 3.2
      vertex 44 1.55 3.2
      vertex 36.3198 1.57096 3.2
    endloop
  endfacet
  facet normal 0 0 1
    outer loop
      vertex 44 1.55 3.2
      vertex 36 1.55 3.2
      vertex 72 0 3.2
    endloop
  endfacet
  facet normal 0 0 1
    outer loop
      vertex 33.571 4.31979 3.2
      vertex 30.45 4 3.2
      vertex 33.55 4 3.2
    endloop
  endfacet
  facet normal -0 0 1
    outer loop
      vertex 30.45 4 3.2
      vertex 33.571 3.68021 3.2
      vertex 33.55 4 3.2
    endloop
  endfacet
  facet normal 0 0 1
    outer loop
      vertex 30.429 3.68021 3.2
      vertex 33.571 3.68021 3.2
      vertex 30.45 4 3.2
    endloop
  endfacet
  facet normal 0 0 1
    outer loop
      vertex 33.571 3.68021 3.2
      vertex 30.429 3.68021 3.2
      vertex 33.6335 3.36589 3.2
    endloop
  endfacet
  facet normal 0 0 1
    outer loop
      vertex 30.3665 3.36589 3.2
      vertex 33.6335 3.36589 3.2
      vertex 30.429 3.68021 3.2
    endloop
  endfacet
  facet normal 0 0 1
    outer loop
      vertex 33.6335 3.36589 3.2
      vertex 30.3665 3.36589 3.2
      vertex 33.7365 3.06242 3.2
    endloop
  endfacet
  facet normal 0 0 1
    outer loop
      vertex 30.2635 3.06242 3.2
      vertex 33.7365 3.06242 3.2
      vertex 30.3665 3.36589 3.2
    endloop
  endfacet
  facet normal 0 0 1
    outer loop
      vertex 33.7365 3.06242 3.2
      vertex 30.2635 3.06242 3.2
      vertex 33.8782 2.775 3.2
    endloop
  endfacet
  facet normal 0 0 1
    outer loop
      vertex 30.1218 2.775 3.2
      vertex 33.8782 2.775 3.2
      vertex 30.2635 3.06242 3.2
    endloop
  endfacet
  facet normal 0 0 1
    outer loop
      vertex 33.8782 2.775 3.2
      vertex 30.1218 2.775 3.2
      vertex 34.0563 2.50853 3.2
    endloop
  endfacet
  facet normal 0 0 1
    outer loop
      vertex 29.9437 2.50853 3.2
      vertex 34.0563 2.50853 3.2
      vertex 30.1218 2.775 3.2
    endloop
  endfacet
  facet normal 0 0 1
    outer loop
      vertex 34.0563 2.50853 3.2
      vertex 29.9437 2.50853 3.2
      vertex 34.2676 2.26759 3.2
    endloop
  endfacet
  facet normal 0 0 1
    outer loop
      vertex 29.7324 2.26759 3.2
      vertex 34.2676 2.26759 3.2
      vertex 29.9437 2.50853 3.2
    endloop
  endfacet
  facet normal 0 0 1
    outer loop
      vertex 34.2676 2.26759 3.2
      vertex 29.7324 2.26759 3.2
      vertex 34.5085 2.05628 3.2
    endloop
  endfacet
  facet normal 0 0 1
    outer loop
      vertex 29.4915 2.05628 3.2
      vertex 34.5085 2.05628 3.2
      vertex 29.7324 2.26759 3.2
    endloop
  endfacet
  facet normal 0 0 1
    outer loop
      vertex 34.5085 2.05628 3.2
      vertex 29.4915 2.05628 3.2
      vertex 34.775 1.87824 3.2
    endloop
  endfacet
  facet normal 0 0 1
    outer loop
      vertex 29.225 1.87824 3.2
      vertex 34.775 1.87824 3.2
      vertex 29.4915 2.05628 3.2
    endloop
  endfacet
  facet normal 0 0 1
    outer loop
      vertex 34.775 1.87824 3.2
      vertex 29.225 1.87824 3.2
      vertex 35.0624 1.7365 3.2
    endloop
  endfacet
  facet normal 0 0 1
    outer loop
      vertex 28.9376 1.7365 3.2
      vertex 35.0624 1.7365 3.2
      vertex 29.225 1.87824 3.2
    endloop
  endfacet
  facet normal 0 0 1
    outer loop
      vertex 35.0624 1.7365 3.2
      vertex 28.9376 1.7365 3.2
      vertex 35.3659 1.63348 3.2
    endloop
  endfacet
  facet normal 0 0 1
    outer loop
      vertex 28.6341 1.63348 3.2
      vertex 35.3659 1.63348 3.2
      vertex 28.9376 1.7365 3.2
    endloop
  endfacet
  facet normal 0 0 1
    outer loop
      vertex 35.3659 1.63348 3.2
      vertex 28.6341 1.63348 3.2
      vertex 35.6802 1.57096 3.2
    endloop
  endfacet
  facet normal 0 0 1
    outer loop
      vertex 28.3198 1.57096 3.2
      vertex 35.6802 1.57096 3.2
      vertex 28.6341 1.63348 3.2
    endloop
  endfacet
  facet normal 0 0 1
    outer loop
      vertex 35.6802 1.57096 3.2
      vertex 28.3198 1.57096 3.2
      vertex 36 1.55 3.2
    endloop
  endfacet
  facet normal 0 0 1
    outer loop
      vertex 28 1.55 3.2
      vertex 36 1.55 3.2
      vertex 28.3198 1.57096 3.2
    endloop
  endfacet
  facet normal 0 0 1
    outer loop
      vertex 0 0 3.2
      vertex 36 1.55 3.2
      vertex 28 1.55 3.2
    endloop
  endfacet
  facet normal 0 0 1
    outer loop
      vertex 25.571 4.31979 3.2
      vertex 22.45 4 3.2
      vertex 25.55 4 3.2
    endloop
  endfacet
  facet normal -0 0 1
    outer loop
      vertex 22.45 4 3.2
      vertex 25.571 3.68021 3.2
      vertex 25.55 4 3.2
    endloop
  endfacet
  facet normal 0 0 1
    outer loop
      vertex 22.429 3.68021 3.2
      vertex 25.571 3.68021 3.2
      vertex 22.45 4 3.2
    endloop
  endfacet
  facet normal 0 0 1
    outer loop
      vertex 25.571 3.68021 3.2
      vertex 22.429 3.68021 3.2
      vertex 25.6335 3.36589 3.2
    endloop
  endfacet
  facet normal 0 0 1
    outer loop
      vertex 22.3665 3.36589 3.2
      vertex 25.6335 3.36589 3.2
      vertex 22.429 3.68021 3.2
    endloop
  endfacet
  facet normal 0 0 1
    outer loop
      vertex 25.6335 3.36589 3.2
      vertex 22.3665 3.36589 3.2
      vertex 25.7365 3.06242 3.2
    endloop
  endfacet
  facet normal 0 0 1
    outer loop
      vertex 22.2635 3.06242 3.2
      vertex 25.7365 3.06242 3.2
      vertex 22.3665 3.36589 3.2
    endloop
  endfacet
  facet normal 0 0 1
    outer loop
      vertex 25.7365 3.06242 3.2
      vertex 22.2635 3.06242 3.2
      vertex 25.8782 2.775 3.2
    endloop
  endfacet
  facet normal 0 0 1
    outer loop
      vertex 22.1218 2.775 3.2
      vertex 25.8782 2.775 3.2
      vertex 22.2635 3.06242 3.2
    endloop
  endfacet
  facet normal 0 0 1
    outer loop
      vertex 25.8782 2.775 3.2
      vertex 22.1218 2.775 3.2
      vertex 26.0563 2.50853 3.2
    endloop
  endfacet
  facet normal 0 0 1
    outer loop
      vertex 21.9437 2.50853 3.2
      vertex 26.0563 2.50853 3.2
      vertex 22.1218 2.775 3.2
    endloop
  endfacet
  facet normal 0 0 1
    outer loop
      vertex 26.0563 2.50853 3.2
      vertex 21.9437 2.50853 3.2
      vertex 26.2676 2.26759 3.2
    endloop
  endfacet
  facet normal 0 0 1
    outer loop
      vertex 21.7324 2.26759 3.2
      vertex 26.2676 2.26759 3.2
      vertex 21.9437 2.50853 3.2
    endloop
  endfacet
  facet normal 0 0 1
    outer loop
      vertex 26.2676 2.26759 3.2
      vertex 21.7324 2.26759 3.2
      vertex 26.5085 2.05628 3.2
    endloop
  endfacet
  facet normal 0 0 1
    outer loop
      vertex 21.4915 2.05628 3.2
      vertex 26.5085 2.05628 3.2
      vertex 21.7324 2.26759 3.2
    endloop
  endfacet
  facet normal 0 0 1
    outer loop
      vertex 26.5085 2.05628 3.2
      vertex 21.4915 2.05628 3.2
      vertex 26.775 1.87824 3.2
    endloop
  endfacet
  facet normal 0 0 1
    outer loop
      vertex 21.225 1.87824 3.2
      vertex 26.775 1.87824 3.2
      vertex 21.4915 2.05628 3.2
    endloop
  endfacet
  facet normal 0 0 1
    outer loop
      vertex 26.775 1.87824 3.2
      vertex 21.225 1.87824 3.2
      vertex 27.0624 1.7365 3.2
    endloop
  endfacet
  facet normal 0 0 1
    outer loop
      vertex 20.9376 1.7365 3.2
      vertex 27.0624 1.7365 3.2
      vertex 21.225 1.87824 3.2
    endloop
  endfacet
  facet normal 0 0 1
    outer loop
      vertex 27.0624 1.7365 3.2
      vertex 20.9376 1.7365 3.2
      vertex 27.3659 1.63348 3.2
    endloop
  endfacet
  facet normal 0 0 1
    outer loop
      vertex 20.6341 1.63348 3.2
      vertex 27.3659 1.63348 3.2
      vertex 20.9376 1.7365 3.2
    endloop
  endfacet
  facet normal 0 0 1
    outer loop
      vertex 27.3659 1.63348 3.2
      vertex 20.6341 1.63348 3.2
      vertex 27.6802 1.57096 3.2
    endloop
  endfacet
  facet normal 0 0 1
    outer loop
      vertex 20.3198 1.57096 3.2
      vertex 27.6802 1.57096 3.2
      vertex 20.6341 1.63348 3.2
    endloop
  endfacet
  facet normal 0 0 1
    outer loop
      vertex 27.6802 1.57096 3.2
      vertex 20.3198 1.57096 3.2
      vertex 28 1.55 3.2
    endloop
  endfacet
  facet normal 0 0 1
    outer loop
      vertex 20 1.55 3.2
      vertex 28 1.55 3.2
      vertex 20.3198 1.57096 3.2
    endloop
  endfacet
  facet normal 0 0 1
    outer loop
      vertex 0 0 3.2
      vertex 28 1.55 3.2
      vertex 20 1.55 3.2
    endloop
  endfacet
  facet normal 0 0 1
    outer loop
      vertex 17.571 4.31979 3.2
      vertex 14.45 4 3.2
      vertex 17.55 4 3.2
    endloop
  endfacet
  facet normal -0 0 1
    outer loop
      vertex 14.45 4 3.2
      vertex 17.571 3.68021 3.2
      vertex 17.55 4 3.2
    endloop
  endfacet
  facet normal 0 0 1
    outer loop
      vertex 14.429 3.68021 3.2
      vertex 17.571 3.68021 3.2
      vertex 14.45 4 3.2
    endloop
  endfacet
  facet normal 0 0 1
    outer loop
      vertex 17.571 3.68021 3.2
      vertex 14.429 3.68021 3.2
      vertex 17.6335 3.36589 3.2
    endloop
  endfacet
  facet normal 0 0 1
    outer loop
      vertex 14.3665 3.36589 3.2
      vertex 17.6335 3.36589 3.2
      vertex 14.429 3.68021 3.2
    endloop
  endfacet
  facet normal 0 0 1
    outer loop
      vertex 17.6335 3.36589 3.2
      vertex 14.3665 3.36589 3.2
      vertex 17.7365 3.06242 3.2
    endloop
  endfacet
  facet normal 0 0 1
    outer loop
      vertex 14.2635 3.06242 3.2
      vertex 17.7365 3.06242 3.2
      vertex 14.3665 3.36589 3.2
    endloop
  endfacet
  facet normal 0 0 1
    outer loop
      vertex 17.7365 3.06242 3.2
      vertex 14.2635 3.06242 3.2
      vertex 17.8782 2.775 3.2
    endloop
  endfacet
  facet normal 0 0 1
    outer loop
      vertex 14.1218 2.775 3.2
      vertex 17.8782 2.775 3.2
      vertex 14.2635 3.06242 3.2
    endloop
  endfacet
  facet normal 0 0 1
    outer loop
      vertex 17.8782 2.775 3.2
      vertex 14.1218 2.775 3.2
      vertex 18.0563 2.50853 3.2
    endloop
  endfacet
  facet normal 0 0 1
    outer loop
      vertex 13.9437 2.50853 3.2
      vertex 18.0563 2.50853 3.2
      vertex 14.1218 2.775 3.2
    endloop
  endfacet
  facet normal 0 0 1
    outer loop
      vertex 18.0563 2.50853 3.2
      vertex 13.9437 2.50853 3.2
      vertex 18.2676 2.26759 3.2
    endloop
  endfacet
  facet normal 0 0 1
    outer loop
      vertex 13.7324 2.26759 3.2
      vertex 18.2676 2.26759 3.2
      vertex 13.9437 2.50853 3.2
    endloop
  endfacet
  facet normal 0 0 1
    outer loop
      vertex 18.2676 2.26759 3.2
      vertex 13.7324 2.26759 3.2
      vertex 18.5085 2.05628 3.2
    endloop
  endfacet
  facet normal 0 0 1
    outer loop
      vertex 13.4915 2.05628 3.2
      vertex 18.5085 2.05628 3.2
      vertex 13.7324 2.26759 3.2
    endloop
  endfacet
  facet normal 0 0 1
    outer loop
      vertex 18.5085 2.05628 3.2
      vertex 13.4915 2.05628 3.2
      vertex 18.775 1.87824 3.2
    endloop
  endfacet
  facet normal 0 0 1
    outer loop
      vertex 13.225 1.87824 3.2
      vertex 18.775 1.87824 3.2
      vertex 13.4915 2.05628 3.2
    endloop
  endfacet
  facet normal 0 0 1
    outer loop
      vertex 18.775 1.87824 3.2
      vertex 13.225 1.87824 3.2
      vertex 19.0624 1.7365 3.2
    endloop
  endfacet
  facet normal 0 0 1
    outer loop
      vertex 12.9376 1.7365 3.2
      vertex 19.0624 1.7365 3.2
      vertex 13.225 1.87824 3.2
    endloop
  endfacet
  facet normal 0 0 1
    outer loop
      vertex 19.0624 1.7365 3.2
      vertex 12.9376 1.7365 3.2
      vertex 19.3659 1.63348 3.2
    endloop
  endfacet
  facet normal 0 0 1
    outer loop
      vertex 12.6341 1.63348 3.2
      vertex 19.3659 1.63348 3.2
      vertex 12.9376 1.7365 3.2
    endloop
  endfacet
  facet normal 0 0 1
    outer loop
      vertex 19.3659 1.63348 3.2
      vertex 12.6341 1.63348 3.2
      vertex 19.6802 1.57096 3.2
    endloop
  endfacet
  facet normal 0 0 1
    outer loop
      vertex 12.3198 1.57096 3.2
      vertex 19.6802 1.57096 3.2
      vertex 12.6341 1.63348 3.2
    endloop
  endfacet
  facet normal 0 0 1
    outer loop
      vertex 19.6802 1.57096 3.2
      vertex 12.3198 1.57096 3.2
      vertex 20 1.55 3.2
    endloop
  endfacet
  facet normal 0 0 1
    outer loop
      vertex 12 1.55 3.2
      vertex 20 1.55 3.2
      vertex 12.3198 1.57096 3.2
    endloop
  endfacet
  facet normal 0 0 1
    outer loop
      vertex 20 1.55 3.2
      vertex 12 1.55 3.2
      vertex 0 0 3.2
    endloop
  endfacet
  facet normal -0 0 1
    outer loop
      vertex 8.16913 5.825 3.2
      vertex 9.87824 5.225 3.2
      vertex 8.24724 5.98338 3.2
    endloop
  endfacet
  facet normal 0 0 1
    outer loop
      vertex 9.87824 5.225 3.2
      vertex 8.16913 5.825 3.2
      vertex 9.7365 4.93757 3.2
    endloop
  endfacet
  facet normal -0 0 1
    outer loop
      vertex 8.07103 5.67817 3.2
      vertex 9.7365 4.93757 3.2
      vertex 8.16913 5.825 3.2
    endloop
  endfacet
  facet normal 0 0 1
    outer loop
      vertex 9.7365 4.93757 3.2
      vertex 8.07103 5.67817 3.2
      vertex 9.63348 4.63411 3.2
    endloop
  endfacet
  facet normal -0 0 1
    outer loop
      vertex 7.95459 5.54541 3.2
      vertex 9.63348 4.63411 3.2
      vertex 8.07103 5.67817 3.2
    endloop
  endfacet
  facet normal -0 0 1
    outer loop
      vertex 7.82183 5.42897 3.2
      vertex 9.63348 4.63411 3.2
      vertex 7.95459 5.54541 3.2
    endloop
  endfacet
  facet normal 0 0 1
    outer loop
      vertex 9.63348 4.63411 3.2
      vertex 7.82183 5.42897 3.2
      vertex 9.57096 4.31979 3.2
    endloop
  endfacet
  facet normal -0 0 1
    outer loop
      vertex 7.675 5.33086 3.2
      vertex 9.57096 4.31979 3.2
      vertex 7.82183 5.42897 3.2
    endloop
  endfacet
  facet normal 0 0 1
    outer loop
      vertex 9.57096 4.31979 3.2
      vertex 7.675 5.33086 3.2
      vertex 9.55 4 3.2
    endloop
  endfacet
  facet normal -0 0 1
    outer loop
      vertex 7.51662 5.25276 3.2
      vertex 9.55 4 3.2
      vertex 7.675 5.33086 3.2
    endloop
  endfacet
  facet normal 0 0 1
    outer loop
      vertex 6.45 4 3.2
      vertex 9.55 4 3.2
      vertex 7.51662 5.25276 3.2
    endloop
  endfacet
  facet normal 0 0 1
    outer loop
      vertex 9.55 4 3.2
      vertex 6.45 4 3.2
      vertex 9.57096 3.68021 3.2
    endloop
  endfacet
  facet normal 0 0 1
    outer loop
      vertex 9.57096 3.68021 3.2
      vertex 6.42904 3.68021 3.2
      vertex 9.63348 3.36589 3.2
    endloop
  endfacet
  facet normal 0 0 1
    outer loop
      vertex 6.36652 3.36589 3.2
      vertex 9.63348 3.36589 3.2
      vertex 6.42904 3.68021 3.2
    endloop
  endfacet
  facet normal 0 0 1
    outer loop
      vertex 9.63348 3.36589 3.2
      vertex 6.36652 3.36589 3.2
      vertex 9.7365 3.06242 3.2
    endloop
  endfacet
  facet normal 0 0 1
    outer loop
      vertex 6.2635 3.06242 3.2
      vertex 9.7365 3.06242 3.2
      vertex 6.36652 3.36589 3.2
    endloop
  endfacet
  facet normal 0 0 1
    outer loop
      vertex 6.45 4 3.2
      vertex 7.51662 5.25276 3.2
      vertex 7.34941 5.196 3.2
    endloop
  endfacet
  facet normal 0 0 1
    outer loop
      vertex 6.45 4 3.2
      vertex 7.34941 5.196 3.2
      vertex 7.17621 5.16155 3.2
    endloop
  endfacet
  facet normal 0 0 1
    outer loop
      vertex 6.42904 4.31979 3.2
      vertex 7.17621 5.16155 3.2
      vertex 7 5.15 3.2
    endloop
  endfacet
  facet normal 0 0 1
    outer loop
      vertex 6.42904 4.31979 3.2
      vertex 7 5.15 3.2
      vertex 6.82379 5.16155 3.2
    endloop
  endfacet
  facet normal 0 0 1
    outer loop
      vertex 9.57096 3.68021 3.2
      vertex 6.45 4 3.2
      vertex 6.42904 3.68021 3.2
    endloop
  endfacet
  facet normal 0 0 1
    outer loop
      vertex 6.42904 4.31979 3.2
      vertex 6.82379 5.16155 3.2
      vertex 6.65059 5.196 3.2
    endloop
  endfacet
  facet normal 0 0 1
    outer loop
      vertex 6.2635 4.93757 3.2
      vertex 6.65059 5.196 3.2
      vertex 6.48338 5.25276 3.2
    endloop
  endfacet
  facet normal 0 0 1
    outer loop
      vertex 9.7365 3.06242 3.2
      vertex 6.2635 3.06242 3.2
      vertex 9.87824 2.775 3.2
    endloop
  endfacet
  facet normal 0 0 1
    outer loop
      vertex 6.12176 2.775 3.2
      vertex 9.87824 2.775 3.2
      vertex 6.2635 3.06242 3.2
    endloop
  endfacet
  facet normal 0 0 1
    outer loop
      vertex 9.87824 2.775 3.2
      vertex 6.12176 2.775 3.2
      vertex 10.0563 2.50853 3.2
    endloop
  endfacet
  facet normal 0 0 1
    outer loop
      vertex 5.94372 2.50853 3.2
      vertex 10.0563 2.50853 3.2
      vertex 6.12176 2.775 3.2
    endloop
  endfacet
  facet normal 0 0 1
    outer loop
      vertex 10.0563 2.50853 3.2
      vertex 5.94372 2.50853 3.2
      vertex 10.2676 2.26759 3.2
    endloop
  endfacet
  facet normal 0 0 1
    outer loop
      vertex 5.73241 2.26759 3.2
      vertex 10.2676 2.26759 3.2
      vertex 5.94372 2.50853 3.2
    endloop
  endfacet
  facet normal 0 0 1
    outer loop
      vertex 10.2676 2.26759 3.2
      vertex 5.73241 2.26759 3.2
      vertex 10.5085 2.05628 3.2
    endloop
  endfacet
  facet normal 0 0 1
    outer loop
      vertex 5.49146 2.05628 3.2
      vertex 10.5085 2.05628 3.2
      vertex 5.73241 2.26759 3.2
    endloop
  endfacet
  facet normal 0 0 1
    outer loop
      vertex 10.5085 2.05628 3.2
      vertex 5.49146 2.05628 3.2
      vertex 10.775 1.87824 3.2
    endloop
  endfacet
  facet normal 0 0 1
    outer loop
      vertex 5.225 1.87824 3.2
      vertex 10.775 1.87824 3.2
      vertex 5.49146 2.05628 3.2
    endloop
  endfacet
  facet normal 0 0 1
    outer loop
      vertex 10.775 1.87824 3.2
      vertex 5.225 1.87824 3.2
      vertex 11.0624 1.7365 3.2
    endloop
  endfacet
  facet normal 0 0 1
    outer loop
      vertex 4.93757 1.7365 3.2
      vertex 11.0624 1.7365 3.2
      vertex 5.225 1.87824 3.2
    endloop
  endfacet
  facet normal 0 0 1
    outer loop
      vertex 11.0624 1.7365 3.2
      vertex 4.93757 1.7365 3.2
      vertex 11.3659 1.63348 3.2
    endloop
  endfacet
  facet normal 0 0 1
    outer loop
      vertex 4.63411 1.63348 3.2
      vertex 11.3659 1.63348 3.2
      vertex 4.93757 1.7365 3.2
    endloop
  endfacet
  facet normal 0 0 1
    outer loop
      vertex 11.3659 1.63348 3.2
      vertex 4.63411 1.63348 3.2
      vertex 11.6802 1.57096 3.2
    endloop
  endfacet
  facet normal 0 0 1
    outer loop
      vertex 0 0 3.2
      vertex 11.6802 1.57096 3.2
      vertex 4.63411 1.63348 3.2
    endloop
  endfacet
  facet normal 0 0 1
    outer loop
      vertex 11.6802 1.57096 3.2
      vertex 0 0 3.2
      vertex 12 1.55 3.2
    endloop
  endfacet
  facet normal 0 0 1
    outer loop
      vertex 0 0 3.2
      vertex 4.63411 1.63348 3.2
      vertex 4.31979 1.57096 3.2
    endloop
  endfacet
  facet normal 0 0 1
    outer loop
      vertex 0 0 3.2
      vertex 4.31979 1.57096 3.2
      vertex 4 1.55 3.2
    endloop
  endfacet
  facet normal 0 0 1
    outer loop
      vertex 36 1.55 3.2
      vertex 0 0 3.2
      vertex 72 0 3.2
    endloop
  endfacet
  facet normal 0 0 1
    outer loop
      vertex 3.68021 1.57096 3.2
      vertex 0 0 3.2
      vertex 4 1.55 3.2
    endloop
  endfacet
  facet normal 0 0 1
    outer loop
      vertex 3.36589 1.63348 3.2
      vertex 0 0 3.2
      vertex 3.68021 1.57096 3.2
    endloop
  endfacet
  facet normal 0 0 1
    outer loop
      vertex 3.06242 1.7365 3.2
      vertex 0 0 3.2
      vertex 3.36589 1.63348 3.2
    endloop
  endfacet
  facet normal 0 0 1
    outer loop
      vertex 2.775 1.87824 3.2
      vertex 0 0 3.2
      vertex 3.06242 1.7365 3.2
    endloop
  endfacet
  facet normal 0 0 1
    outer loop
      vertex 2.50853 2.05628 3.2
      vertex 0 0 3.2
      vertex 2.775 1.87824 3.2
    endloop
  endfacet
  facet normal 0 0 1
    outer loop
      vertex 2.26759 2.26759 3.2
      vertex 0 0 3.2
      vertex 2.50853 2.05628 3.2
    endloop
  endfacet
  facet normal 0 0 1
    outer loop
      vertex 2.05628 2.50853 3.2
      vertex 0 0 3.2
      vertex 2.26759 2.26759 3.2
    endloop
  endfacet
  facet normal 0 0 1
    outer loop
      vertex 1.87824 2.775 3.2
      vertex 0 0 3.2
      vertex 2.05628 2.50853 3.2
    endloop
  endfacet
  facet normal 0 0 1
    outer loop
      vertex 1.7365 3.06242 3.2
      vertex 0 0 3.2
      vertex 1.87824 2.775 3.2
    endloop
  endfacet
  facet normal 0 0 1
    outer loop
      vertex 1.63348 3.36589 3.2
      vertex 0 0 3.2
      vertex 1.7365 3.06242 3.2
    endloop
  endfacet
  facet normal 0 0 1
    outer loop
      vertex 1.57096 3.68021 3.2
      vertex 0 0 3.2
      vertex 1.63348 3.36589 3.2
    endloop
  endfacet
  facet normal 0 0 1
    outer loop
      vertex 1.55 4 3.2
      vertex 0 0 3.2
      vertex 1.57096 3.68021 3.2
    endloop
  endfacet
  facet normal 0 0 1
    outer loop
      vertex 1.55 12 3.2
      vertex 0 0 3.2
      vertex 1.55 4 3.2
    endloop
  endfacet
  facet normal -0 0 1
    outer loop
      vertex 66.2472 54.9834 3.2
      vertex 67.0624 54.2635 3.2
      vertex 66.304 55.1506 3.2
    endloop
  endfacet
  facet normal -0 0 1
    outer loop
      vertex 66.1691 54.825 3.2
      vertex 67.0624 54.2635 3.2
      vertex 66.2472 54.9834 3.2
    endloop
  endfacet
  facet normal 0 0 1
    outer loop
      vertex 67.0624 54.2635 3.2
      vertex 66.1691 54.825 3.2
      vertex 66.775 54.1218 3.2
    endloop
  endfacet
  facet normal -0 0 1
    outer loop
      vertex 66.071 54.6782 3.2
      vertex 66.775 54.1218 3.2
      vertex 66.1691 54.825 3.2
    endloop
  endfacet
  facet normal 0 0 1
    outer loop
      vertex 66.775 54.1218 3.2
      vertex 66.071 54.6782 3.2
      vertex 66.5085 53.9437 3.2
    endloop
  endfacet
  facet normal -0 0 1
    outer loop
      vertex 65.9546 54.5454 3.2
      vertex 66.5085 53.9437 3.2
      vertex 66.071 54.6782 3.2
    endloop
  endfacet
  facet normal -0 0 1
    outer loop
      vertex 65.8218 54.429 3.2
      vertex 66.5085 53.9437 3.2
      vertex 65.9546 54.5454 3.2
    endloop
  endfacet
  facet normal 0 0 1
    outer loop
      vertex 66.5085 53.9437 3.2
      vertex 65.8218 54.429 3.2
      vertex 66.2676 53.7324 3.2
    endloop
  endfacet
  facet normal -0 0 1
    outer loop
      vertex 65.675 54.3309 3.2
      vertex 66.2676 53.7324 3.2
      vertex 65.8218 54.429 3.2
    endloop
  endfacet
  facet normal 0 0 1
    outer loop
      vertex 66.2676 53.7324 3.2
      vertex 65.675 54.3309 3.2
      vertex 66.0563 53.4915 3.2
    endloop
  endfacet
  facet normal -0 0 1
    outer loop
      vertex 65.5166 54.2528 3.2
      vertex 66.0563 53.4915 3.2
      vertex 65.675 54.3309 3.2
    endloop
  endfacet
  facet normal -0 0 1
    outer loop
      vertex 65.3494 54.196 3.2
      vertex 66.0563 53.4915 3.2
      vertex 65.5166 54.2528 3.2
    endloop
  endfacet
  facet normal 0 0 1
    outer loop
      vertex 66.0563 53.4915 3.2
      vertex 65.3494 54.196 3.2
      vertex 65.8782 53.225 3.2
    endloop
  endfacet
  facet normal -0 0 1
    outer loop
      vertex 65.1762 54.1615 3.2
      vertex 65.8782 53.225 3.2
      vertex 65.3494 54.196 3.2
    endloop
  endfacet
  facet normal 0 0 1
    outer loop
      vertex 65.8782 53.225 3.2
      vertex 65.1762 54.1615 3.2
      vertex 65.7365 52.9376 3.2
    endloop
  endfacet
  facet normal 0 0 1
    outer loop
      vertex 64.8238 54.1615 3.2
      vertex 65.7365 52.9376 3.2
      vertex 65 54.15 3.2
    endloop
  endfacet
  facet normal 0 0 1
    outer loop
      vertex 65.7365 52.9376 3.2
      vertex 64.8238 54.1615 3.2
      vertex 65.6335 52.6341 3.2
    endloop
  endfacet
  facet normal 0 0 1
    outer loop
      vertex 64.4834 54.2528 3.2
      vertex 65.571 52.3198 3.2
      vertex 64.6506 54.196 3.2
    endloop
  endfacet
  facet normal 0 0 1
    outer loop
      vertex 62.45 52 3.2
      vertex 64.325 54.3309 3.2
      vertex 64.1782 54.429 3.2
    endloop
  endfacet
  facet normal 0 0 1
    outer loop
      vertex 65.571 52.3198 3.2
      vertex 62.45 52 3.2
      vertex 65.55 52 3.2
    endloop
  endfacet
  facet normal -0 0 1
    outer loop
      vertex 65 54.15 3.2
      vertex 65.7365 52.9376 3.2
      vertex 65.1762 54.1615 3.2
    endloop
  endfacet
  facet normal -0 0 1
    outer loop
      vertex 66.304 6.15059 3.2
      vertex 66.775 6.12176 3.2
      vertex 66.3384 6.32379 3.2
    endloop
  endfacet
  facet normal 0 0 1
    outer loop
      vertex 66.775 6.12176 3.2
      vertex 66.304 6.15059 3.2
      vertex 66.5085 5.94372 3.2
    endloop
  endfacet
  facet normal -0 0 1
    outer loop
      vertex 66.2472 5.98338 3.2
      vertex 66.5085 5.94372 3.2
      vertex 66.304 6.15059 3.2
    endloop
  endfacet
  facet normal 0 0 1
    outer loop
      vertex 66.5085 5.94372 3.2
      vertex 66.2472 5.98338 3.2
      vertex 66.2676 5.73241 3.2
    endloop
  endfacet
  facet normal -0 0 1
    outer loop
      vertex 66.1691 5.825 3.2
      vertex 66.2676 5.73241 3.2
      vertex 66.2472 5.98338 3.2
    endloop
  endfacet
  facet normal 0 0 1
    outer loop
      vertex 66.071 5.67817 3.2
      vertex 66.2676 5.73241 3.2
      vertex 66.1691 5.825 3.2
    endloop
  endfacet
  facet normal -0 0 1
    outer loop
      vertex 66.071 5.67817 3.2
      vertex 66.0563 5.49146 3.2
      vertex 66.2676 5.73241 3.2
    endloop
  endfacet
  facet normal -0 0 1
    outer loop
      vertex 65.9546 5.54541 3.2
      vertex 66.0563 5.49146 3.2
      vertex 66.071 5.67817 3.2
    endloop
  endfacet
  facet normal 0 0 1
    outer loop
      vertex 65.8218 5.42897 3.2
      vertex 66.0563 5.49146 3.2
      vertex 65.9546 5.54541 3.2
    endloop
  endfacet
  facet normal 0 0 1
    outer loop
      vertex 66.0563 5.49146 3.2
      vertex 65.8218 5.42897 3.2
      vertex 65.8782 5.225 3.2
    endloop
  endfacet
  facet normal -0 0 1
    outer loop
      vertex 65.675 5.33086 3.2
      vertex 65.8782 5.225 3.2
      vertex 65.8218 5.42897 3.2
    endloop
  endfacet
  facet normal 0 0 1
    outer loop
      vertex 65.8782 5.225 3.2
      vertex 65.675 5.33086 3.2
      vertex 65.7365 4.93757 3.2
    endloop
  endfacet
  facet normal -0 0 1
    outer loop
      vertex 65.5166 5.25276 3.2
      vertex 65.7365 4.93757 3.2
      vertex 65.675 5.33086 3.2
    endloop
  endfacet
  facet normal -0 0 1
    outer loop
      vertex 65.3494 5.196 3.2
      vertex 65.7365 4.93757 3.2
      vertex 65.5166 5.25276 3.2
    endloop
  endfacet
  facet normal -0 0 1
    outer loop
      vertex 65.1762 5.16155 3.2
      vertex 65.6335 4.63411 3.2
      vertex 65.3494 5.196 3.2
    endloop
  endfacet
  facet normal 0 0 1
    outer loop
      vertex 65.7365 4.93757 3.2
      vertex 65.3494 5.196 3.2
      vertex 65.6335 4.63411 3.2
    endloop
  endfacet
  facet normal 0 0 -1
    outer loop
      vertex 4.63411 54.3665 0
      vertex 5.696 55.1506 0
      vertex 4.93757 54.2635 0
    endloop
  endfacet
  facet normal -0 0 -1
    outer loop
      vertex 5.696 55.1506 0
      vertex 4.63411 54.3665 0
      vertex 5.66155 55.3238 0
    endloop
  endfacet
  facet normal -0 0 -1
    outer loop
      vertex 5.66155 55.3238 0
      vertex 4.63411 54.3665 0
      vertex 5.65 55.5 0
    endloop
  endfacet
  facet normal 0 0 -1
    outer loop
      vertex 4.31979 54.429 0
      vertex 5.65 55.5 0
      vertex 4.63411 54.3665 0
    endloop
  endfacet
  facet normal -0 0 -1
    outer loop
      vertex 5.65 55.5 0
      vertex 4.31979 54.429 0
      vertex 5.66155 55.6762 0
    endloop
  endfacet
  facet normal 0 0 -1
    outer loop
      vertex 4 54.45 0
      vertex 5.66155 55.6762 0
      vertex 4.31979 54.429 0
    endloop
  endfacet
  facet normal -0 0 -1
    outer loop
      vertex 5.66155 55.6762 0
      vertex 4 54.45 0
      vertex 5.696 55.8494 0
    endloop
  endfacet
  facet normal 0 0 -1
    outer loop
      vertex 3.68021 54.429 0
      vertex 5.696 55.8494 0
      vertex 4 54.45 0
    endloop
  endfacet
  facet normal -0 0 -1
    outer loop
      vertex 5.696 55.8494 0
      vertex 3.68021 54.429 0
      vertex 5.74712 56 0
    endloop
  endfacet
  facet normal 0 0 -1
    outer loop
      vertex 3.36589 54.3665 0
      vertex 5.74712 56 0
      vertex 3.68021 54.429 0
    endloop
  endfacet
  facet normal 0 0 -1
    outer loop
      vertex 0 56 0
      vertex 3.36589 54.3665 0
      vertex 3.06242 54.2635 0
    endloop
  endfacet
  facet normal 0 0 -1
    outer loop
      vertex 0 56 0
      vertex 3.06242 54.2635 0
      vertex 2.775 54.1218 0
    endloop
  endfacet
  facet normal 0 0 -1
    outer loop
      vertex 3.36589 54.3665 0
      vertex 0 56 0
      vertex 5.74712 56 0
    endloop
  endfacet
  facet normal 0 0 -1
    outer loop
      vertex 2.50853 53.9437 0
      vertex 0 56 0
      vertex 2.775 54.1218 0
    endloop
  endfacet
  facet normal 0 0 -1
    outer loop
      vertex 2.26759 53.7324 0
      vertex 0 56 0
      vertex 2.50853 53.9437 0
    endloop
  endfacet
  facet normal 0 0 -1
    outer loop
      vertex 2.05628 53.4915 0
      vertex 0 56 0
      vertex 2.26759 53.7324 0
    endloop
  endfacet
  facet normal 0 0 -1
    outer loop
      vertex 1.87824 53.225 0
      vertex 0 56 0
      vertex 2.05628 53.4915 0
    endloop
  endfacet
  facet normal 0 0 -1
    outer loop
      vertex 1.7365 52.9376 0
      vertex 0 56 0
      vertex 1.87824 53.225 0
    endloop
  endfacet
  facet normal 0 0 -1
    outer loop
      vertex 1.63348 52.6341 0
      vertex 0 56 0
      vertex 1.7365 52.9376 0
    endloop
  endfacet
  facet normal 0 0 -1
    outer loop
      vertex 1.57096 52.3198 0
      vertex 0 56 0
      vertex 1.63348 52.6341 0
    endloop
  endfacet
  facet normal 0 0 -1
    outer loop
      vertex 1.55 52 0
      vertex 0 56 0
      vertex 1.57096 52.3198 0
    endloop
  endfacet
  facet normal 0 0 -1
    outer loop
      vertex 1.57096 51.6802 0
      vertex 0 56 0
      vertex 1.55 52 0
    endloop
  endfacet
  facet normal -0 0 -1
    outer loop
      vertex 10.775 49.8782 0
      vertex 6.12176 45.225 0
      vertex 10.5085 50.0563 0
    endloop
  endfacet
  facet normal 0 0 -1
    outer loop
      vertex 10.0563 50.5085 0
      vertex 6.42904 51.6802 0
      vertex 6.45 52 0
    endloop
  endfacet
  facet normal 0 0 -1
    outer loop
      vertex 5.94372 45.4915 0
      vertex 10.5085 50.0563 0
      vertex 6.12176 45.225 0
    endloop
  endfacet
  facet normal 0 0 -1
    outer loop
      vertex 10.0563 50.5085 0
      vertex 6.36652 51.3659 0
      vertex 6.42904 51.6802 0
    endloop
  endfacet
  facet normal -0 0 -1
    outer loop
      vertex 10.5085 50.0563 0
      vertex 5.94372 45.4915 0
      vertex 10.2676 50.2676 0
    endloop
  endfacet
  facet normal 0 0 -1
    outer loop
      vertex 10.0563 50.5085 0
      vertex 6.2635 51.0624 0
      vertex 6.36652 51.3659 0
    endloop
  endfacet
  facet normal 0 0 -1
    outer loop
      vertex 5.73241 45.7324 0
      vertex 10.2676 50.2676 0
      vertex 5.94372 45.4915 0
    endloop
  endfacet
  facet normal 0 0 -1
    outer loop
      vertex 10.0563 50.5085 0
      vertex 6.12176 50.775 0
      vertex 6.2635 51.0624 0
    endloop
  endfacet
  facet normal 0 0 -1
    outer loop
      vertex 5.73241 50.2676 0
      vertex 10.2676 50.2676 0
      vertex 5.73241 45.7324 0
    endloop
  endfacet
  facet normal 0 0 -1
    outer loop
      vertex 10.0563 50.5085 0
      vertex 5.94372 50.5085 0
      vertex 6.12176 50.775 0
    endloop
  endfacet
  facet normal 0 0 -1
    outer loop
      vertex 10.2676 50.2676 0
      vertex 5.73241 50.2676 0
      vertex 10.0563 50.5085 0
    endloop
  endfacet
  facet normal -0 0 -1
    outer loop
      vertex 10.0563 50.5085 0
      vertex 5.73241 50.2676 0
      vertex 5.94372 50.5085 0
    endloop
  endfacet
  facet normal 0 0 -1
    outer loop
      vertex 5.49146 45.9437 0
      vertex 5.73241 50.2676 0
      vertex 5.73241 45.7324 0
    endloop
  endfacet
  facet normal 0 0 -1
    outer loop
      vertex 5.49146 45.9437 0
      vertex 5.49146 50.0563 0
      vertex 5.73241 50.2676 0
    endloop
  endfacet
  facet normal 0 0 -1
    outer loop
      vertex 5.225 46.1218 0
      vertex 5.49146 50.0563 0
      vertex 5.49146 45.9437 0
    endloop
  endfacet
  facet normal 0 0 -1
    outer loop
      vertex 5.225 46.1218 0
      vertex 5.225 49.8782 0
      vertex 5.49146 50.0563 0
    endloop
  endfacet
  facet normal 0 0 -1
    outer loop
      vertex 4.93757 46.2635 0
      vertex 5.225 49.8782 0
      vertex 5.225 46.1218 0
    endloop
  endfacet
  facet normal 0 0 -1
    outer loop
      vertex 4.93757 46.2635 0
      vertex 4.93757 49.7365 0
      vertex 5.225 49.8782 0
    endloop
  endfacet
  facet normal 0 0 -1
    outer loop
      vertex 4.63411 46.3665 0
      vertex 4.93757 49.7365 0
      vertex 4.93757 46.2635 0
    endloop
  endfacet
  facet normal 0 0 -1
    outer loop
      vertex 4.63411 46.3665 0
      vertex 4.63411 49.6335 0
      vertex 4.93757 49.7365 0
    endloop
  endfacet
  facet normal 0 0 -1
    outer loop
      vertex 4.31979 46.429 0
      vertex 4.63411 49.6335 0
      vertex 4.63411 46.3665 0
    endloop
  endfacet
  facet normal 0 0 -1
    outer loop
      vertex 4.31979 46.429 0
      vertex 4.31979 49.571 0
      vertex 4.63411 49.6335 0
    endloop
  endfacet
  facet normal 0 0 -1
    outer loop
      vertex 4 46.45 0
      vertex 4.31979 49.571 0
      vertex 4.31979 46.429 0
    endloop
  endfacet
  facet normal 0 0 -1
    outer loop
      vertex 4 46.45 0
      vertex 4 49.55 0
      vertex 4.31979 49.571 0
    endloop
  endfacet
  facet normal 0 0 -1
    outer loop
      vertex 3.68021 46.429 0
      vertex 4 49.55 0
      vertex 4 46.45 0
    endloop
  endfacet
  facet normal 0 0 -1
    outer loop
      vertex 3.68021 46.429 0
      vertex 3.68021 49.571 0
      vertex 4 49.55 0
    endloop
  endfacet
  facet normal 0 0 -1
    outer loop
      vertex 3.36589 46.3665 0
      vertex 3.68021 49.571 0
      vertex 3.68021 46.429 0
    endloop
  endfacet
  facet normal 0 0 -1
    outer loop
      vertex 3.36589 46.3665 0
      vertex 3.36589 49.6335 0
      vertex 3.68021 49.571 0
    endloop
  endfacet
  facet normal 0 0 -1
    outer loop
      vertex 3.06242 46.2635 0
      vertex 3.36589 49.6335 0
      vertex 3.36589 46.3665 0
    endloop
  endfacet
  facet normal 0 0 -1
    outer loop
      vertex 3.06242 46.2635 0
      vertex 3.06242 49.7365 0
      vertex 3.36589 49.6335 0
    endloop
  endfacet
  facet normal 0 0 -1
    outer loop
      vertex 2.775 46.1218 0
      vertex 3.06242 49.7365 0
      vertex 3.06242 46.2635 0
    endloop
  endfacet
  facet normal 0 0 -1
    outer loop
      vertex 2.775 46.1218 0
      vertex 2.775 49.8782 0
      vertex 3.06242 49.7365 0
    endloop
  endfacet
  facet normal 0 0 -1
    outer loop
      vertex 2.50853 45.9437 0
      vertex 2.775 49.8782 0
      vertex 2.775 46.1218 0
    endloop
  endfacet
  facet normal 0 0 -1
    outer loop
      vertex 2.50853 45.9437 0
      vertex 2.50853 50.0563 0
      vertex 2.775 49.8782 0
    endloop
  endfacet
  facet normal 0 0 -1
    outer loop
      vertex 2.26759 45.7324 0
      vertex 2.50853 50.0563 0
      vertex 2.50853 45.9437 0
    endloop
  endfacet
  facet normal 0 0 -1
    outer loop
      vertex 2.26759 45.7324 0
      vertex 2.26759 50.2676 0
      vertex 2.50853 50.0563 0
    endloop
  endfacet
  facet normal 0 0 -1
    outer loop
      vertex 2.05628 45.4915 0
      vertex 2.26759 50.2676 0
      vertex 2.26759 45.7324 0
    endloop
  endfacet
  facet normal 0 0 -1
    outer loop
      vertex 2.05628 45.4915 0
      vertex 2.05628 50.5085 0
      vertex 2.26759 50.2676 0
    endloop
  endfacet
  facet normal 0 0 -1
    outer loop
      vertex 1.87824 45.225 0
      vertex 2.05628 50.5085 0
      vertex 2.05628 45.4915 0
    endloop
  endfacet
  facet normal 0 0 -1
    outer loop
      vertex 1.87824 45.225 0
      vertex 1.87824 50.775 0
      vertex 2.05628 50.5085 0
    endloop
  endfacet
  facet normal 0 0 -1
    outer loop
      vertex 1.7365 44.9376 0
      vertex 1.87824 50.775 0
      vertex 1.87824 45.225 0
    endloop
  endfacet
  facet normal 0 0 -1
    outer loop
      vertex 1.7365 44.9376 0
      vertex 1.7365 51.0624 0
      vertex 1.87824 50.775 0
    endloop
  endfacet
  facet normal 0 0 -1
    outer loop
      vertex 1.63348 44.6341 0
      vertex 1.7365 51.0624 0
      vertex 1.7365 44.9376 0
    endloop
  endfacet
  facet normal 0 0 -1
    outer loop
      vertex 1.63348 44.6341 0
      vertex 1.63348 51.3659 0
      vertex 1.7365 51.0624 0
    endloop
  endfacet
  facet normal 0 0 -1
    outer loop
      vertex 1.57096 44.3198 0
      vertex 1.63348 51.3659 0
      vertex 1.63348 44.6341 0
    endloop
  endfacet
  facet normal 0 0 -1
    outer loop
      vertex 1.57096 44.3198 0
      vertex 1.57096 51.6802 0
      vertex 1.63348 51.3659 0
    endloop
  endfacet
  facet normal 0 0 -1
    outer loop
      vertex 0 56 0
      vertex 1.57096 44.3198 0
      vertex 1.55 44 0
    endloop
  endfacet
  facet normal 0 0 -1
    outer loop
      vertex 1.57096 44.3198 0
      vertex 0 56 0
      vertex 1.57096 51.6802 0
    endloop
  endfacet
  facet normal -0 0 -1
    outer loop
      vertex 19.3659 49.6335 0
      vertex 6.36652 36.6341 0
      vertex 12.6341 49.6335 0
    endloop
  endfacet
  facet normal 0 0 -1
    outer loop
      vertex 12.6341 49.6335 0
      vertex 6.42904 43.6802 0
      vertex 6.45 44 0
    endloop
  endfacet
  facet normal 0 0 -1
    outer loop
      vertex 6.36652 43.3659 0
      vertex 12.6341 49.6335 0
      vertex 6.36652 36.6341 0
    endloop
  endfacet
  facet normal 0 0 -1
    outer loop
      vertex 12.6341 49.6335 0
      vertex 6.36652 43.3659 0
      vertex 6.42904 43.6802 0
    endloop
  endfacet
  facet normal 0 0 -1
    outer loop
      vertex 6.2635 36.9376 0
      vertex 6.36652 43.3659 0
      vertex 6.36652 36.6341 0
    endloop
  endfacet
  facet normal 0 0 -1
    outer loop
      vertex 6.2635 36.9376 0
      vertex 6.2635 43.0624 0
      vertex 6.36652 43.3659 0
    endloop
  endfacet
  facet normal 0 0 -1
    outer loop
      vertex 6.12176 37.225 0
      vertex 6.2635 43.0624 0
      vertex 6.2635 36.9376 0
    endloop
  endfacet
  facet normal 0 0 -1
    outer loop
      vertex 6.12176 37.225 0
      vertex 6.12176 42.775 0
      vertex 6.2635 43.0624 0
    endloop
  endfacet
  facet normal 0 0 -1
    outer loop
      vertex 5.94372 37.4915 0
      vertex 6.12176 42.775 0
      vertex 6.12176 37.225 0
    endloop
  endfacet
  facet normal 0 0 -1
    outer loop
      vertex 5.94372 37.4915 0
      vertex 5.94372 42.5085 0
      vertex 6.12176 42.775 0
    endloop
  endfacet
  facet normal 0 0 -1
    outer loop
      vertex 5.73241 37.7324 0
      vertex 5.94372 42.5085 0
      vertex 5.94372 37.4915 0
    endloop
  endfacet
  facet normal 0 0 -1
    outer loop
      vertex 5.73241 37.7324 0
      vertex 5.73241 42.2676 0
      vertex 5.94372 42.5085 0
    endloop
  endfacet
  facet normal 0 0 -1
    outer loop
      vertex 5.49146 37.9437 0
      vertex 5.73241 42.2676 0
      vertex 5.73241 37.7324 0
    endloop
  endfacet
  facet normal 0 0 -1
    outer loop
      vertex 5.49146 37.9437 0
      vertex 5.49146 42.0563 0
      vertex 5.73241 42.2676 0
    endloop
  endfacet
  facet normal 0 0 -1
    outer loop
      vertex 5.225 38.1218 0
      vertex 5.49146 42.0563 0
      vertex 5.49146 37.9437 0
    endloop
  endfacet
  facet normal 0 0 -1
    outer loop
      vertex 5.225 38.1218 0
      vertex 5.225 41.8782 0
      vertex 5.49146 42.0563 0
    endloop
  endfacet
  facet normal 0 0 -1
    outer loop
      vertex 4.93757 38.2635 0
      vertex 5.225 41.8782 0
      vertex 5.225 38.1218 0
    endloop
  endfacet
  facet normal 0 0 -1
    outer loop
      vertex 4.93757 38.2635 0
      vertex 4.93757 41.7365 0
      vertex 5.225 41.8782 0
    endloop
  endfacet
  facet normal 0 0 -1
    outer loop
      vertex 4.63411 38.3665 0
      vertex 4.93757 41.7365 0
      vertex 4.93757 38.2635 0
    endloop
  endfacet
  facet normal 0 0 -1
    outer loop
      vertex 4.63411 38.3665 0
      vertex 4.63411 41.6335 0
      vertex 4.93757 41.7365 0
    endloop
  endfacet
  facet normal 0 0 -1
    outer loop
      vertex 4.31979 38.429 0
      vertex 4.63411 41.6335 0
      vertex 4.63411 38.3665 0
    endloop
  endfacet
  facet normal 0 0 -1
    outer loop
      vertex 4.31979 38.429 0
      vertex 4.31979 41.571 0
      vertex 4.63411 41.6335 0
    endloop
  endfacet
  facet normal 0 0 -1
    outer loop
      vertex 4 38.45 0
      vertex 4.31979 41.571 0
      vertex 4.31979 38.429 0
    endloop
  endfacet
  facet normal 0 0 -1
    outer loop
      vertex 4 38.45 0
      vertex 4 41.55 0
      vertex 4.31979 41.571 0
    endloop
  endfacet
  facet normal 0 0 -1
    outer loop
      vertex 3.68021 38.429 0
      vertex 4 41.55 0
      vertex 4 38.45 0
    endloop
  endfacet
  facet normal 0 0 -1
    outer loop
      vertex 3.68021 38.429 0
      vertex 3.68021 41.571 0
      vertex 4 41.55 0
    endloop
  endfacet
  facet normal 0 0 -1
    outer loop
      vertex 3.36589 38.3665 0
      vertex 3.68021 41.571 0
      vertex 3.68021 38.429 0
    endloop
  endfacet
  facet normal 0 0 -1
    outer loop
      vertex 3.36589 38.3665 0
      vertex 3.36589 41.6335 0
      vertex 3.68021 41.571 0
    endloop
  endfacet
  facet normal 0 0 -1
    outer loop
      vertex 3.06242 38.2635 0
      vertex 3.36589 41.6335 0
      vertex 3.36589 38.3665 0
    endloop
  endfacet
  facet normal 0 0 -1
    outer loop
      vertex 3.06242 38.2635 0
      vertex 3.06242 41.7365 0
      vertex 3.36589 41.6335 0
    endloop
  endfacet
  facet normal 0 0 -1
    outer loop
      vertex 2.775 38.1218 0
      vertex 3.06242 41.7365 0
      vertex 3.06242 38.2635 0
    endloop
  endfacet
  facet normal 0 0 -1
    outer loop
      vertex 2.775 38.1218 0
      vertex 2.775 41.8782 0
      vertex 3.06242 41.7365 0
    endloop
  endfacet
  facet normal 0 0 -1
    outer loop
      vertex 2.50853 37.9437 0
      vertex 2.775 41.8782 0
      vertex 2.775 38.1218 0
    endloop
  endfacet
  facet normal 0 0 -1
    outer loop
      vertex 2.50853 37.9437 0
      vertex 2.50853 42.0563 0
      vertex 2.775 41.8782 0
    endloop
  endfacet
  facet normal 0 0 -1
    outer loop
      vertex 2.26759 37.7324 0
      vertex 2.50853 42.0563 0
      vertex 2.50853 37.9437 0
    endloop
  endfacet
  facet normal 0 0 -1
    outer loop
      vertex 2.26759 37.7324 0
      vertex 2.26759 42.2676 0
      vertex 2.50853 42.0563 0
    endloop
  endfacet
  facet normal 0 0 -1
    outer loop
      vertex 2.05628 37.4915 0
      vertex 2.26759 42.2676 0
      vertex 2.26759 37.7324 0
    endloop
  endfacet
  facet normal 0 0 -1
    outer loop
      vertex 2.05628 37.4915 0
      vertex 2.05628 42.5085 0
      vertex 2.26759 42.2676 0
    endloop
  endfacet
  facet normal 0 0 -1
    outer loop
      vertex 1.87824 37.225 0
      vertex 2.05628 42.5085 0
      vertex 2.05628 37.4915 0
    endloop
  endfacet
  facet normal 0 0 -1
    outer loop
      vertex 1.87824 37.225 0
      vertex 1.87824 42.775 0
      vertex 2.05628 42.5085 0
    endloop
  endfacet
  facet normal 0 0 -1
    outer loop
      vertex 1.7365 36.9376 0
      vertex 1.87824 42.775 0
      vertex 1.87824 37.225 0
    endloop
  endfacet
  facet normal 0 0 -1
    outer loop
      vertex 1.7365 36.9376 0
      vertex 1.7365 43.0624 0
      vertex 1.87824 42.775 0
    endloop
  endfacet
  facet normal 0 0 -1
    outer loop
      vertex 1.63348 36.6341 0
      vertex 1.7365 43.0624 0
      vertex 1.7365 36.9376 0
    endloop
  endfacet
  facet normal 0 0 -1
    outer loop
      vertex 1.63348 36.6341 0
      vertex 1.63348 43.3659 0
      vertex 1.7365 43.0624 0
    endloop
  endfacet
  facet normal 0 0 -1
    outer loop
      vertex 1.57096 36.3198 0
      vertex 1.63348 43.3659 0
      vertex 1.63348 36.6341 0
    endloop
  endfacet
  facet normal 0 0 -1
    outer loop
      vertex 1.57096 36.3198 0
      vertex 1.57096 43.6802 0
      vertex 1.63348 43.3659 0
    endloop
  endfacet
  facet normal 0 0 -1
    outer loop
      vertex 1.55 36 0
      vertex 1.57096 43.6802 0
      vertex 1.57096 36.3198 0
    endloop
  endfacet
  facet normal -0 0 -1
    outer loop
      vertex 1.57096 43.6802 0
      vertex 1.55 36 0
      vertex 1.55 44 0
    endloop
  endfacet
  facet normal 0 0 -1
    outer loop
      vertex 6.42904 35.6802 0
      vertex 20.3198 49.571 0
      vertex 6.42904 28.3198 0
    endloop
  endfacet
  facet normal 0 0 -1
    outer loop
      vertex 20.3198 49.571 0
      vertex 6.42904 35.6802 0
      vertex 6.45 36 0
    endloop
  endfacet
  facet normal 0 0 -1
    outer loop
      vertex 6.36652 28.6341 0
      vertex 6.42904 35.6802 0
      vertex 6.42904 28.3198 0
    endloop
  endfacet
  facet normal 0 0 -1
    outer loop
      vertex 6.36652 28.6341 0
      vertex 6.36652 35.3659 0
      vertex 6.42904 35.6802 0
    endloop
  endfacet
  facet normal 0 0 -1
    outer loop
      vertex 6.2635 28.9376 0
      vertex 6.36652 35.3659 0
      vertex 6.36652 28.6341 0
    endloop
  endfacet
  facet normal 0 0 -1
    outer loop
      vertex 6.2635 28.9376 0
      vertex 6.2635 35.0624 0
      vertex 6.36652 35.3659 0
    endloop
  endfacet
  facet normal 0 0 -1
    outer loop
      vertex 6.12176 29.225 0
      vertex 6.2635 35.0624 0
      vertex 6.2635 28.9376 0
    endloop
  endfacet
  facet normal 0 0 -1
    outer loop
      vertex 6.12176 29.225 0
      vertex 6.12176 34.775 0
      vertex 6.2635 35.0624 0
    endloop
  endfacet
  facet normal 0 0 -1
    outer loop
      vertex 5.94372 29.4915 0
      vertex 6.12176 34.775 0
      vertex 6.12176 29.225 0
    endloop
  endfacet
  facet normal 0 0 -1
    outer loop
      vertex 5.94372 29.4915 0
      vertex 5.94372 34.5085 0
      vertex 6.12176 34.775 0
    endloop
  endfacet
  facet normal 0 0 -1
    outer loop
      vertex 5.73241 29.7324 0
      vertex 5.94372 34.5085 0
      vertex 5.94372 29.4915 0
    endloop
  endfacet
  facet normal 0 0 -1
    outer loop
      vertex 5.73241 29.7324 0
      vertex 5.73241 34.2676 0
      vertex 5.94372 34.5085 0
    endloop
  endfacet
  facet normal 0 0 -1
    outer loop
      vertex 5.49146 29.9437 0
      vertex 5.73241 34.2676 0
      vertex 5.73241 29.7324 0
    endloop
  endfacet
  facet normal 0 0 -1
    outer loop
      vertex 5.49146 29.9437 0
      vertex 5.49146 34.0563 0
      vertex 5.73241 34.2676 0
    endloop
  endfacet
  facet normal 0 0 -1
    outer loop
      vertex 5.225 30.1218 0
      vertex 5.49146 34.0563 0
      vertex 5.49146 29.9437 0
    endloop
  endfacet
  facet normal 0 0 -1
    outer loop
      vertex 5.225 30.1218 0
      vertex 5.225 33.8782 0
      vertex 5.49146 34.0563 0
    endloop
  endfacet
  facet normal 0 0 -1
    outer loop
      vertex 4.93757 30.2635 0
      vertex 5.225 33.8782 0
      vertex 5.225 30.1218 0
    endloop
  endfacet
  facet normal 0 0 -1
    outer loop
      vertex 4.93757 30.2635 0
      vertex 4.93757 33.7365 0
      vertex 5.225 33.8782 0
    endloop
  endfacet
  facet normal 0 0 -1
    outer loop
      vertex 4.63411 30.3665 0
      vertex 4.93757 33.7365 0
      vertex 4.93757 30.2635 0
    endloop
  endfacet
  facet normal 0 0 -1
    outer loop
      vertex 4.63411 30.3665 0
      vertex 4.63411 33.6335 0
      vertex 4.93757 33.7365 0
    endloop
  endfacet
  facet normal 0 0 -1
    outer loop
      vertex 4.31979 30.429 0
      vertex 4.63411 33.6335 0
      vertex 4.63411 30.3665 0
    endloop
  endfacet
  facet normal 0 0 -1
    outer loop
      vertex 4.31979 30.429 0
      vertex 4.31979 33.571 0
      vertex 4.63411 33.6335 0
    endloop
  endfacet
  facet normal 0 0 -1
    outer loop
      vertex 4 30.45 0
      vertex 4.31979 33.571 0
      vertex 4.31979 30.429 0
    endloop
  endfacet
  facet normal 0 0 -1
    outer loop
      vertex 4 30.45 0
      vertex 4 33.55 0
      vertex 4.31979 33.571 0
    endloop
  endfacet
  facet normal 0 0 -1
    outer loop
      vertex 3.68021 30.429 0
      vertex 4 33.55 0
      vertex 4 30.45 0
    endloop
  endfacet
  facet normal 0 0 -1
    outer loop
      vertex 3.68021 30.429 0
      vertex 3.68021 33.571 0
      vertex 4 33.55 0
    endloop
  endfacet
  facet normal 0 0 -1
    outer loop
      vertex 3.36589 30.3665 0
      vertex 3.68021 33.571 0
      vertex 3.68021 30.429 0
    endloop
  endfacet
  facet normal 0 0 -1
    outer loop
      vertex 3.36589 30.3665 0
      vertex 3.36589 33.6335 0
      vertex 3.68021 33.571 0
    endloop
  endfacet
  facet normal 0 0 -1
    outer loop
      vertex 3.06242 30.2635 0
      vertex 3.36589 33.6335 0
      vertex 3.36589 30.3665 0
    endloop
  endfacet
  facet normal 0 0 -1
    outer loop
      vertex 3.06242 30.2635 0
      vertex 3.06242 33.7365 0
      vertex 3.36589 33.6335 0
    endloop
  endfacet
  facet normal 0 0 -1
    outer loop
      vertex 2.775 30.1218 0
      vertex 3.06242 33.7365 0
      vertex 3.06242 30.2635 0
    endloop
  endfacet
  facet normal 0 0 -1
    outer loop
      vertex 2.775 30.1218 0
      vertex 2.775 33.8782 0
      vertex 3.06242 33.7365 0
    endloop
  endfacet
  facet normal 0 0 -1
    outer loop
      vertex 2.50853 29.9437 0
      vertex 2.775 33.8782 0
      vertex 2.775 30.1218 0
    endloop
  endfacet
  facet normal 0 0 -1
    outer loop
      vertex 2.50853 29.9437 0
      vertex 2.50853 34.0563 0
      vertex 2.775 33.8782 0
    endloop
  endfacet
  facet normal 0 0 -1
    outer loop
      vertex 2.26759 29.7324 0
      vertex 2.50853 34.0563 0
      vertex 2.50853 29.9437 0
    endloop
  endfacet
  facet normal 0 0 -1
    outer loop
      vertex 2.26759 29.7324 0
      vertex 2.26759 34.2676 0
      vertex 2.50853 34.0563 0
    endloop
  endfacet
  facet normal 0 0 -1
    outer loop
      vertex 2.05628 29.4915 0
      vertex 2.26759 34.2676 0
      vertex 2.26759 29.7324 0
    endloop
  endfacet
  facet normal 0 0 -1
    outer loop
      vertex 2.05628 29.4915 0
      vertex 2.05628 34.5085 0
      vertex 2.26759 34.2676 0
    endloop
  endfacet
  facet normal 0 0 -1
    outer loop
      vertex 1.87824 29.225 0
      vertex 2.05628 34.5085 0
      vertex 2.05628 29.4915 0
    endloop
  endfacet
  facet normal 0 0 -1
    outer loop
      vertex 1.87824 29.225 0
      vertex 1.87824 34.775 0
      vertex 2.05628 34.5085 0
    endloop
  endfacet
  facet normal 0 0 -1
    outer loop
      vertex 1.7365 28.9376 0
      vertex 1.87824 34.775 0
      vertex 1.87824 29.225 0
    endloop
  endfacet
  facet normal 0 0 -1
    outer loop
      vertex 1.7365 28.9376 0
      vertex 1.7365 35.0624 0
      vertex 1.87824 34.775 0
    endloop
  endfacet
  facet normal 0 0 -1
    outer loop
      vertex 1.63348 28.6341 0
      vertex 1.7365 35.0624 0
      vertex 1.7365 28.9376 0
    endloop
  endfacet
  facet normal 0 0 -1
    outer loop
      vertex 1.63348 28.6341 0
      vertex 1.63348 35.3659 0
      vertex 1.7365 35.0624 0
    endloop
  endfacet
  facet normal 0 0 -1
    outer loop
      vertex 1.57096 28.3198 0
      vertex 1.63348 35.3659 0
      vertex 1.63348 28.6341 0
    endloop
  endfacet
  facet normal 0 0 -1
    outer loop
      vertex 1.57096 28.3198 0
      vertex 1.57096 35.6802 0
      vertex 1.63348 35.3659 0
    endloop
  endfacet
  facet normal 0 0 -1
    outer loop
      vertex 1.55 28 0
      vertex 1.57096 35.6802 0
      vertex 1.57096 28.3198 0
    endloop
  endfacet
  facet normal -0 0 -1
    outer loop
      vertex 1.57096 35.6802 0
      vertex 1.55 28 0
      vertex 1.55 36 0
    endloop
  endfacet
  facet normal 0 0 -1
    outer loop
      vertex 6.42904 20.3198 0
      vertex 6.45 28 0
      vertex 6.45 20 0
    endloop
  endfacet
  facet normal 0 0 -1
    outer loop
      vertex 6.42904 20.3198 0
      vertex 6.42904 27.6802 0
      vertex 6.45 28 0
    endloop
  endfacet
  facet normal 0 0 -1
    outer loop
      vertex 6.36652 20.6341 0
      vertex 6.42904 27.6802 0
      vertex 6.42904 20.3198 0
    endloop
  endfacet
  facet normal 0 0 -1
    outer loop
      vertex 6.36652 20.6341 0
      vertex 6.36652 27.3659 0
      vertex 6.42904 27.6802 0
    endloop
  endfacet
  facet normal 0 0 -1
    outer loop
      vertex 6.2635 20.9376 0
      vertex 6.36652 27.3659 0
      vertex 6.36652 20.6341 0
    endloop
  endfacet
  facet normal 0 0 -1
    outer loop
      vertex 6.2635 20.9376 0
      vertex 6.2635 27.0624 0
      vertex 6.36652 27.3659 0
    endloop
  endfacet
  facet normal 0 0 -1
    outer loop
      vertex 6.12176 21.225 0
      vertex 6.2635 27.0624 0
      vertex 6.2635 20.9376 0
    endloop
  endfacet
  facet normal 0 0 -1
    outer loop
      vertex 6.12176 21.225 0
      vertex 6.12176 26.775 0
      vertex 6.2635 27.0624 0
    endloop
  endfacet
  facet normal 0 0 -1
    outer loop
      vertex 5.94372 21.4915 0
      vertex 6.12176 26.775 0
      vertex 6.12176 21.225 0
    endloop
  endfacet
  facet normal 0 0 -1
    outer loop
      vertex 5.94372 21.4915 0
      vertex 5.94372 26.5085 0
      vertex 6.12176 26.775 0
    endloop
  endfacet
  facet normal 0 0 -1
    outer loop
      vertex 5.73241 21.7324 0
      vertex 5.94372 26.5085 0
      vertex 5.94372 21.4915 0
    endloop
  endfacet
  facet normal 0 0 -1
    outer loop
      vertex 5.73241 21.7324 0
      vertex 5.73241 26.2676 0
      vertex 5.94372 26.5085 0
    endloop
  endfacet
  facet normal 0 0 -1
    outer loop
      vertex 5.49146 21.9437 0
      vertex 5.73241 26.2676 0
      vertex 5.73241 21.7324 0
    endloop
  endfacet
  facet normal 0 0 -1
    outer loop
      vertex 5.49146 21.9437 0
      vertex 5.49146 26.0563 0
      vertex 5.73241 26.2676 0
    endloop
  endfacet
  facet normal 0 0 -1
    outer loop
      vertex 5.225 22.1218 0
      vertex 5.49146 26.0563 0
      vertex 5.49146 21.9437 0
    endloop
  endfacet
  facet normal 0 0 -1
    outer loop
      vertex 5.225 22.1218 0
      vertex 5.225 25.8782 0
      vertex 5.49146 26.0563 0
    endloop
  endfacet
  facet normal 0 0 -1
    outer loop
      vertex 4.93757 22.2635 0
      vertex 5.225 25.8782 0
      vertex 5.225 22.1218 0
    endloop
  endfacet
  facet normal 0 0 -1
    outer loop
      vertex 4.93757 22.2635 0
      vertex 4.93757 25.7365 0
      vertex 5.225 25.8782 0
    endloop
  endfacet
  facet normal 0 0 -1
    outer loop
      vertex 4.63411 22.3665 0
      vertex 4.93757 25.7365 0
      vertex 4.93757 22.2635 0
    endloop
  endfacet
  facet normal 0 0 -1
    outer loop
      vertex 4.63411 22.3665 0
      vertex 4.63411 25.6335 0
      vertex 4.93757 25.7365 0
    endloop
  endfacet
  facet normal 0 0 -1
    outer loop
      vertex 4.31979 22.429 0
      vertex 4.63411 25.6335 0
      vertex 4.63411 22.3665 0
    endloop
  endfacet
  facet normal 0 0 -1
    outer loop
      vertex 4.31979 22.429 0
      vertex 4.31979 25.571 0
      vertex 4.63411 25.6335 0
    endloop
  endfacet
  facet normal 0 0 -1
    outer loop
      vertex 4 22.45 0
      vertex 4.31979 25.571 0
      vertex 4.31979 22.429 0
    endloop
  endfacet
  facet normal 0 0 -1
    outer loop
      vertex 4 22.45 0
      vertex 4 25.55 0
      vertex 4.31979 25.571 0
    endloop
  endfacet
  facet normal 0 0 -1
    outer loop
      vertex 3.68021 22.429 0
      vertex 4 25.55 0
      vertex 4 22.45 0
    endloop
  endfacet
  facet normal 0 0 -1
    outer loop
      vertex 3.68021 22.429 0
      vertex 3.68021 25.571 0
      vertex 4 25.55 0
    endloop
  endfacet
  facet normal 0 0 -1
    outer loop
      vertex 3.36589 22.3665 0
      vertex 3.68021 25.571 0
      vertex 3.68021 22.429 0
    endloop
  endfacet
  facet normal 0 0 -1
    outer loop
      vertex 3.36589 22.3665 0
      vertex 3.36589 25.6335 0
      vertex 3.68021 25.571 0
    endloop
  endfacet
  facet normal 0 0 -1
    outer loop
      vertex 3.06242 22.2635 0
      vertex 3.36589 25.6335 0
      vertex 3.36589 22.3665 0
    endloop
  endfacet
  facet normal 0 0 -1
    outer loop
      vertex 3.06242 22.2635 0
      vertex 3.06242 25.7365 0
      vertex 3.36589 25.6335 0
    endloop
  endfacet
  facet normal 0 0 -1
    outer loop
      vertex 2.775 22.1218 0
      vertex 3.06242 25.7365 0
      vertex 3.06242 22.2635 0
    endloop
  endfacet
  facet normal 0 0 -1
    outer loop
      vertex 2.775 22.1218 0
      vertex 2.775 25.8782 0
      vertex 3.06242 25.7365 0
    endloop
  endfacet
  facet normal 0 0 -1
    outer loop
      vertex 2.50853 21.9437 0
      vertex 2.775 25.8782 0
      vertex 2.775 22.1218 0
    endloop
  endfacet
  facet normal 0 0 -1
    outer loop
      vertex 2.50853 21.9437 0
      vertex 2.50853 26.0563 0
      vertex 2.775 25.8782 0
    endloop
  endfacet
  facet normal 0 0 -1
    outer loop
      vertex 2.26759 21.7324 0
      vertex 2.50853 26.0563 0
      vertex 2.50853 21.9437 0
    endloop
  endfacet
  facet normal 0 0 -1
    outer loop
      vertex 2.26759 21.7324 0
      vertex 2.26759 26.2676 0
      vertex 2.50853 26.0563 0
    endloop
  endfacet
  facet normal 0 0 -1
    outer loop
      vertex 2.05628 21.4915 0
      vertex 2.26759 26.2676 0
      vertex 2.26759 21.7324 0
    endloop
  endfacet
  facet normal 0 0 -1
    outer loop
      vertex 2.05628 21.4915 0
      vertex 2.05628 26.5085 0
      vertex 2.26759 26.2676 0
    endloop
  endfacet
  facet normal 0 0 -1
    outer loop
      vertex 1.87824 21.225 0
      vertex 2.05628 26.5085 0
      vertex 2.05628 21.4915 0
    endloop
  endfacet
  facet normal 0 0 -1
    outer loop
      vertex 1.87824 21.225 0
      vertex 1.87824 26.775 0
      vertex 2.05628 26.5085 0
    endloop
  endfacet
  facet normal 0 0 -1
    outer loop
      vertex 1.7365 20.9376 0
      vertex 1.87824 26.775 0
      vertex 1.87824 21.225 0
    endloop
  endfacet
  facet normal 0 0 -1
    outer loop
      vertex 1.7365 20.9376 0
      vertex 1.7365 27.0624 0
      vertex 1.87824 26.775 0
    endloop
  endfacet
  facet normal 0 0 -1
    outer loop
      vertex 1.63348 20.6341 0
      vertex 1.7365 27.0624 0
      vertex 1.7365 20.9376 0
    endloop
  endfacet
  facet normal 0 0 -1
    outer loop
      vertex 1.63348 20.6341 0
      vertex 1.63348 27.3659 0
      vertex 1.7365 27.0624 0
    endloop
  endfacet
  facet normal 0 0 -1
    outer loop
      vertex 1.57096 20.3198 0
      vertex 1.63348 27.3659 0
      vertex 1.63348 20.6341 0
    endloop
  endfacet
  facet normal 0 0 -1
    outer loop
      vertex 1.57096 20.3198 0
      vertex 1.57096 27.6802 0
      vertex 1.63348 27.3659 0
    endloop
  endfacet
  facet normal 0 0 -1
    outer loop
      vertex 1.55 20 0
      vertex 1.57096 27.6802 0
      vertex 1.57096 20.3198 0
    endloop
  endfacet
  facet normal -0 0 -1
    outer loop
      vertex 1.57096 27.6802 0
      vertex 1.55 20 0
      vertex 1.55 28 0
    endloop
  endfacet
  facet normal 0 0 -1
    outer loop
      vertex 6.42904 19.6802 0
      vertex 8.16913 7.175 0
      vertex 6.42904 12.3198 0
    endloop
  endfacet
  facet normal 0 0 -1
    outer loop
      vertex 8.16913 7.175 0
      vertex 6.42904 19.6802 0
      vertex 6.45 20 0
    endloop
  endfacet
  facet normal 0 0 -1
    outer loop
      vertex 6.36652 12.6341 0
      vertex 6.42904 19.6802 0
      vertex 6.42904 12.3198 0
    endloop
  endfacet
  facet normal 0 0 -1
    outer loop
      vertex 6.36652 12.6341 0
      vertex 6.36652 19.3659 0
      vertex 6.42904 19.6802 0
    endloop
  endfacet
  facet normal 0 0 -1
    outer loop
      vertex 6.2635 12.9376 0
      vertex 6.36652 19.3659 0
      vertex 6.36652 12.6341 0
    endloop
  endfacet
  facet normal 0 0 -1
    outer loop
      vertex 6.2635 12.9376 0
      vertex 6.2635 19.0624 0
      vertex 6.36652 19.3659 0
    endloop
  endfacet
  facet normal 0 0 -1
    outer loop
      vertex 6.12176 13.225 0
      vertex 6.2635 19.0624 0
      vertex 6.2635 12.9376 0
    endloop
  endfacet
  facet normal 0 0 -1
    outer loop
      vertex 6.12176 13.225 0
      vertex 6.12176 18.775 0
      vertex 6.2635 19.0624 0
    endloop
  endfacet
  facet normal 0 0 -1
    outer loop
      vertex 5.94372 13.4915 0
      vertex 6.12176 18.775 0
      vertex 6.12176 13.225 0
    endloop
  endfacet
  facet normal 0 0 -1
    outer loop
      vertex 5.94372 13.4915 0
      vertex 5.94372 18.5085 0
      vertex 6.12176 18.775 0
    endloop
  endfacet
  facet normal 0 0 -1
    outer loop
      vertex 5.73241 13.7324 0
      vertex 5.94372 18.5085 0
      vertex 5.94372 13.4915 0
    endloop
  endfacet
  facet normal 0 0 -1
    outer loop
      vertex 5.73241 13.7324 0
      vertex 5.73241 18.2676 0
      vertex 5.94372 18.5085 0
    endloop
  endfacet
  facet normal 0 0 -1
    outer loop
      vertex 5.49146 13.9437 0
      vertex 5.73241 18.2676 0
      vertex 5.73241 13.7324 0
    endloop
  endfacet
  facet normal 0 0 -1
    outer loop
      vertex 5.49146 13.9437 0
      vertex 5.49146 18.0563 0
      vertex 5.73241 18.2676 0
    endloop
  endfacet
  facet normal 0 0 -1
    outer loop
      vertex 5.225 14.1218 0
      vertex 5.49146 18.0563 0
      vertex 5.49146 13.9437 0
    endloop
  endfacet
  facet normal 0 0 -1
    outer loop
      vertex 5.225 14.1218 0
      vertex 5.225 17.8782 0
      vertex 5.49146 18.0563 0
    endloop
  endfacet
  facet normal 0 0 -1
    outer loop
      vertex 4.93757 14.2635 0
      vertex 5.225 17.8782 0
      vertex 5.225 14.1218 0
    endloop
  endfacet
  facet normal 0 0 -1
    outer loop
      vertex 4.93757 14.2635 0
      vertex 4.93757 17.7365 0
      vertex 5.225 17.8782 0
    endloop
  endfacet
  facet normal 0 0 -1
    outer loop
      vertex 4.63411 14.3665 0
      vertex 4.93757 17.7365 0
      vertex 4.93757 14.2635 0
    endloop
  endfacet
  facet normal 0 0 -1
    outer loop
      vertex 4.63411 14.3665 0
      vertex 4.63411 17.6335 0
      vertex 4.93757 17.7365 0
    endloop
  endfacet
  facet normal 0 0 -1
    outer loop
      vertex 4.31979 14.429 0
      vertex 4.63411 17.6335 0
      vertex 4.63411 14.3665 0
    endloop
  endfacet
  facet normal 0 0 -1
    outer loop
      vertex 4.31979 14.429 0
      vertex 4.31979 17.571 0
      vertex 4.63411 17.6335 0
    endloop
  endfacet
  facet normal 0 0 -1
    outer loop
      vertex 4 14.45 0
      vertex 4.31979 17.571 0
      vertex 4.31979 14.429 0
    endloop
  endfacet
  facet normal 0 0 -1
    outer loop
      vertex 4 14.45 0
      vertex 4 17.55 0
      vertex 4.31979 17.571 0
    endloop
  endfacet
  facet normal 0 0 -1
    outer loop
      vertex 3.68021 14.429 0
      vertex 4 17.55 0
      vertex 4 14.45 0
    endloop
  endfacet
  facet normal 0 0 -1
    outer loop
      vertex 3.68021 14.429 0
      vertex 3.68021 17.571 0
      vertex 4 17.55 0
    endloop
  endfacet
  facet normal 0 0 -1
    outer loop
      vertex 3.36589 14.3665 0
      vertex 3.68021 17.571 0
      vertex 3.68021 14.429 0
    endloop
  endfacet
  facet normal 0 0 -1
    outer loop
      vertex 3.36589 14.3665 0
      vertex 3.36589 17.6335 0
      vertex 3.68021 17.571 0
    endloop
  endfacet
  facet normal 0 0 -1
    outer loop
      vertex 3.06242 14.2635 0
      vertex 3.36589 17.6335 0
      vertex 3.36589 14.3665 0
    endloop
  endfacet
  facet normal 0 0 -1
    outer loop
      vertex 3.06242 14.2635 0
      vertex 3.06242 17.7365 0
      vertex 3.36589 17.6335 0
    endloop
  endfacet
  facet normal 0 0 -1
    outer loop
      vertex 2.775 14.1218 0
      vertex 3.06242 17.7365 0
      vertex 3.06242 14.2635 0
    endloop
  endfacet
  facet normal 0 0 -1
    outer loop
      vertex 2.775 14.1218 0
      vertex 2.775 17.8782 0
      vertex 3.06242 17.7365 0
    endloop
  endfacet
  facet normal 0 0 -1
    outer loop
      vertex 2.50853 13.9437 0
      vertex 2.775 17.8782 0
      vertex 2.775 14.1218 0
    endloop
  endfacet
  facet normal 0 0 -1
    outer loop
      vertex 2.50853 13.9437 0
      vertex 2.50853 18.0563 0
      vertex 2.775 17.8782 0
    endloop
  endfacet
  facet normal 0 0 -1
    outer loop
      vertex 2.26759 13.7324 0
      vertex 2.50853 18.0563 0
      vertex 2.50853 13.9437 0
    endloop
  endfacet
  facet normal 0 0 -1
    outer loop
      vertex 2.26759 13.7324 0
      vertex 2.26759 18.2676 0
      vertex 2.50853 18.0563 0
    endloop
  endfacet
  facet normal 0 0 -1
    outer loop
      vertex 2.05628 13.4915 0
      vertex 2.26759 18.2676 0
      vertex 2.26759 13.7324 0
    endloop
  endfacet
  facet normal 0 0 -1
    outer loop
      vertex 2.05628 13.4915 0
      vertex 2.05628 18.5085 0
      vertex 2.26759 18.2676 0
    endloop
  endfacet
  facet normal 0 0 -1
    outer loop
      vertex 1.87824 13.225 0
      vertex 2.05628 18.5085 0
      vertex 2.05628 13.4915 0
    endloop
  endfacet
  facet normal 0 0 -1
    outer loop
      vertex 1.87824 13.225 0
      vertex 1.87824 18.775 0
      vertex 2.05628 18.5085 0
    endloop
  endfacet
  facet normal 0 0 -1
    outer loop
      vertex 1.7365 12.9376 0
      vertex 1.87824 18.775 0
      vertex 1.87824 13.225 0
    endloop
  endfacet
  facet normal 0 0 -1
    outer loop
      vertex 1.7365 12.9376 0
      vertex 1.7365 19.0624 0
      vertex 1.87824 18.775 0
    endloop
  endfacet
  facet normal 0 0 -1
    outer loop
      vertex 1.63348 12.6341 0
      vertex 1.7365 19.0624 0
      vertex 1.7365 12.9376 0
    endloop
  endfacet
  facet normal 0 0 -1
    outer loop
      vertex 1.63348 12.6341 0
      vertex 1.63348 19.3659 0
      vertex 1.7365 19.0624 0
    endloop
  endfacet
  facet normal 0 0 -1
    outer loop
      vertex 1.57096 12.3198 0
      vertex 1.63348 19.3659 0
      vertex 1.63348 12.6341 0
    endloop
  endfacet
  facet normal 0 0 -1
    outer loop
      vertex 1.57096 12.3198 0
      vertex 1.57096 19.6802 0
      vertex 1.63348 19.3659 0
    endloop
  endfacet
  facet normal 0 0 -1
    outer loop
      vertex 1.55 12 0
      vertex 1.57096 19.6802 0
      vertex 1.57096 12.3198 0
    endloop
  endfacet
  facet normal -0 0 -1
    outer loop
      vertex 1.57096 19.6802 0
      vertex 1.55 12 0
      vertex 1.55 20 0
    endloop
  endfacet
  facet normal 0 0 -1
    outer loop
      vertex 6.12176 45.225 0
      vertex 10.775 49.8782 0
      vertex 6.2635 44.9376 0
    endloop
  endfacet
  facet normal 0 0 -1
    outer loop
      vertex 9.63348 51.3659 0
      vertex 8.33845 55.3238 0
      vertex 8.35 55.5 0
    endloop
  endfacet
  facet normal 0 0 -1
    outer loop
      vertex 6.45 28 0
      vertex 8.33845 6.67621 0
      vertex 8.304 6.84941 0
    endloop
  endfacet
  facet normal 0 0 -1
    outer loop
      vertex 10.0563 50.5085 0
      vertex 6.45 52 0
      vertex 9.87824 50.775 0
    endloop
  endfacet
  facet normal 0 0 -1
    outer loop
      vertex 6.45 20 0
      vertex 8.304 6.84941 0
      vertex 8.24724 7.01662 0
    endloop
  endfacet
  facet normal 0 0 -1
    outer loop
      vertex 9.87824 50.775 0
      vertex 6.45 52 0
      vertex 9.7365 51.0624 0
    endloop
  endfacet
  facet normal 0 0 -1
    outer loop
      vertex 6.45 20 0
      vertex 8.24724 7.01662 0
      vertex 8.16913 7.175 0
    endloop
  endfacet
  facet normal 0 0 -1
    outer loop
      vertex 9.63348 51.3659 0
      vertex 8.304 55.1506 0
      vertex 8.33845 55.3238 0
    endloop
  endfacet
  facet normal 0 0 -1
    outer loop
      vertex 6.45 12 0
      vertex 8.16913 7.175 0
      vertex 8.07103 7.32183 0
    endloop
  endfacet
  facet normal 0 0 -1
    outer loop
      vertex 9.7365 51.0624 0
      vertex 6.45 52 0
      vertex 9.63348 51.3659 0
    endloop
  endfacet
  facet normal 0 0 -1
    outer loop
      vertex 6.45 12 0
      vertex 8.07103 7.32183 0
      vertex 7.95459 7.45459 0
    endloop
  endfacet
  facet normal 0 0 -1
    outer loop
      vertex 9.63348 51.3659 0
      vertex 8.24724 54.9834 0
      vertex 8.304 55.1506 0
    endloop
  endfacet
  facet normal 0 0 -1
    outer loop
      vertex 6.42904 11.6802 0
      vertex 7.95459 7.45459 0
      vertex 7.82183 7.57103 0
    endloop
  endfacet
  facet normal 0 0 -1
    outer loop
      vertex 9.63348 51.3659 0
      vertex 8.16913 54.825 0
      vertex 8.24724 54.9834 0
    endloop
  endfacet
  facet normal 0 0 -1
    outer loop
      vertex 6.36652 11.3659 0
      vertex 7.82183 7.57103 0
      vertex 7.675 7.66913 0
    endloop
  endfacet
  facet normal 0 0 -1
    outer loop
      vertex 9.63348 51.3659 0
      vertex 8.07103 54.6782 0
      vertex 8.16913 54.825 0
    endloop
  endfacet
  facet normal 0 0 -1
    outer loop
      vertex 6.2635 11.0624 0
      vertex 7.675 7.66913 0
      vertex 7.51662 7.74724 0
    endloop
  endfacet
  facet normal 0 0 -1
    outer loop
      vertex 6.42904 52.3198 0
      vertex 9.63348 51.3659 0
      vertex 6.45 52 0
    endloop
  endfacet
  facet normal 0 0 -1
    outer loop
      vertex 6.12176 10.775 0
      vertex 7.51662 7.74724 0
      vertex 7.34941 7.804 0
    endloop
  endfacet
  facet normal 0 0 -1
    outer loop
      vertex 9.63348 51.3659 0
      vertex 7.95459 54.5454 0
      vertex 8.07103 54.6782 0
    endloop
  endfacet
  facet normal 0 0 -1
    outer loop
      vertex 6.12176 10.775 0
      vertex 7.34941 7.804 0
      vertex 7.17621 7.83845 0
    endloop
  endfacet
  facet normal 0 0 -1
    outer loop
      vertex 9.63348 51.3659 0
      vertex 7.82183 54.429 0
      vertex 7.95459 54.5454 0
    endloop
  endfacet
  facet normal 0 0 -1
    outer loop
      vertex 5.94372 10.5085 0
      vertex 7.17621 7.83845 0
      vertex 7 7.85 0
    endloop
  endfacet
  facet normal 0 0 -1
    outer loop
      vertex 9.63348 51.3659 0
      vertex 7.675 54.3309 0
      vertex 7.82183 54.429 0
    endloop
  endfacet
  facet normal 0 0 -1
    outer loop
      vertex 5.73241 10.2676 0
      vertex 7 7.85 0
      vertex 6.82379 7.83845 0
    endloop
  endfacet
  facet normal 0 -0 -1
    outer loop
      vertex 7.51662 54.2528 0
      vertex 9.63348 51.3659 0
      vertex 6.42904 52.3198 0
    endloop
  endfacet
  facet normal 0 0 -1
    outer loop
      vertex 5.49146 10.0563 0
      vertex 6.82379 7.83845 0
      vertex 6.65059 7.804 0
    endloop
  endfacet
  facet normal 0 0 -1
    outer loop
      vertex 8.304 6.84941 0
      vertex 6.45 20 0
      vertex 6.45 28 0
    endloop
  endfacet
  facet normal 0 0 -1
    outer loop
      vertex 5.49146 10.0563 0
      vertex 6.65059 7.804 0
      vertex 6.48338 7.74724 0
    endloop
  endfacet
  facet normal 0 0 -1
    outer loop
      vertex 6.42904 12.3198 0
      vertex 8.16913 7.175 0
      vertex 6.45 12 0
    endloop
  endfacet
  facet normal 0 0 -1
    outer loop
      vertex 9.63348 51.3659 0
      vertex 7.51662 54.2528 0
      vertex 7.675 54.3309 0
    endloop
  endfacet
  facet normal 0 0 -1
    outer loop
      vertex 7.95459 7.45459 0
      vertex 6.42904 11.6802 0
      vertex 6.45 12 0
    endloop
  endfacet
  facet normal 0 0 -1
    outer loop
      vertex 7.82183 7.57103 0
      vertex 6.36652 11.3659 0
      vertex 6.42904 11.6802 0
    endloop
  endfacet
  facet normal 0 0 -1
    outer loop
      vertex 5.225 9.87824 0
      vertex 6.48338 7.74724 0
      vertex 6.325 7.66913 0
    endloop
  endfacet
  facet normal 0 0 -1
    outer loop
      vertex 7.675 7.66913 0
      vertex 6.2635 11.0624 0
      vertex 6.36652 11.3659 0
    endloop
  endfacet
  facet normal 0 0 -1
    outer loop
      vertex 4.93757 9.7365 0
      vertex 6.325 7.66913 0
      vertex 6.17817 7.57103 0
    endloop
  endfacet
  facet normal 0 0 -1
    outer loop
      vertex 7.51662 7.74724 0
      vertex 6.12176 10.775 0
      vertex 6.2635 11.0624 0
    endloop
  endfacet
  facet normal 0 0 -1
    outer loop
      vertex 4.93757 9.7365 0
      vertex 6.17817 7.57103 0
      vertex 6.04541 7.45459 0
    endloop
  endfacet
  facet normal 0 0 -1
    outer loop
      vertex 7.17621 7.83845 0
      vertex 5.94372 10.5085 0
      vertex 6.12176 10.775 0
    endloop
  endfacet
  facet normal 0 0 -1
    outer loop
      vertex 4.63411 9.63348 0
      vertex 6.04541 7.45459 0
      vertex 5.92897 7.32183 0
    endloop
  endfacet
  facet normal 0 0 -1
    outer loop
      vertex 4.31979 9.57096 0
      vertex 5.92897 7.32183 0
      vertex 5.83086 7.175 0
    endloop
  endfacet
  facet normal 0 0 -1
    outer loop
      vertex 4.31979 6.42904 0
      vertex 5.83086 7.175 0
      vertex 5.75276 7.01662 0
    endloop
  endfacet
  facet normal 0 0 -1
    outer loop
      vertex 7 7.85 0
      vertex 5.73241 10.2676 0
      vertex 5.94372 10.5085 0
    endloop
  endfacet
  facet normal 0 0 -1
    outer loop
      vertex 4.63411 6.36652 0
      vertex 5.75276 7.01662 0
      vertex 5.696 6.84941 0
    endloop
  endfacet
  facet normal 0 0 -1
    outer loop
      vertex 4.93757 6.2635 0
      vertex 5.696 6.84941 0
      vertex 5.66155 6.67621 0
    endloop
  endfacet
  facet normal 0 0 -1
    outer loop
      vertex 4.93757 6.2635 0
      vertex 5.66155 6.67621 0
      vertex 5.65 6.5 0
    endloop
  endfacet
  facet normal -0 0 -1
    outer loop
      vertex 5.66155 6.32379 0
      vertex 5.225 6.12176 0
      vertex 5.65 6.5 0
    endloop
  endfacet
  facet normal 0 0 -1
    outer loop
      vertex 6.82379 7.83845 0
      vertex 5.49146 10.0563 0
      vertex 5.73241 10.2676 0
    endloop
  endfacet
  facet normal 0 0 -1
    outer loop
      vertex 4.93757 6.2635 0
      vertex 5.65 6.5 0
      vertex 5.225 6.12176 0
    endloop
  endfacet
  facet normal 0 0 -1
    outer loop
      vertex 6.48338 7.74724 0
      vertex 5.225 9.87824 0
      vertex 5.49146 10.0563 0
    endloop
  endfacet
  facet normal 0 0 -1
    outer loop
      vertex 5.696 6.84941 0
      vertex 4.93757 6.2635 0
      vertex 4.63411 6.36652 0
    endloop
  endfacet
  facet normal 0 0 -1
    outer loop
      vertex 6.325 7.66913 0
      vertex 4.93757 9.7365 0
      vertex 5.225 9.87824 0
    endloop
  endfacet
  facet normal 0 0 -1
    outer loop
      vertex 5.75276 7.01662 0
      vertex 4.63411 6.36652 0
      vertex 4.31979 6.42904 0
    endloop
  endfacet
  facet normal 0 0 -1
    outer loop
      vertex 6.04541 7.45459 0
      vertex 4.63411 9.63348 0
      vertex 4.93757 9.7365 0
    endloop
  endfacet
  facet normal -0 0 -1
    outer loop
      vertex 5.83086 7.175 0
      vertex 4.31979 6.42904 0
      vertex 4.31979 9.57096 0
    endloop
  endfacet
  facet normal 0 0 -1
    outer loop
      vertex 5.92897 7.32183 0
      vertex 4.31979 9.57096 0
      vertex 4.63411 9.63348 0
    endloop
  endfacet
  facet normal 0 0 -1
    outer loop
      vertex 4 6.45 0
      vertex 4.31979 9.57096 0
      vertex 4.31979 6.42904 0
    endloop
  endfacet
  facet normal 0 0 -1
    outer loop
      vertex 4 6.45 0
      vertex 4 9.55 0
      vertex 4.31979 9.57096 0
    endloop
  endfacet
  facet normal 0 0 -1
    outer loop
      vertex 3.68021 6.42904 0
      vertex 4 9.55 0
      vertex 4 6.45 0
    endloop
  endfacet
  facet normal 0 0 -1
    outer loop
      vertex 3.68021 6.42904 0
      vertex 3.68021 9.57096 0
      vertex 4 9.55 0
    endloop
  endfacet
  facet normal 0 0 -1
    outer loop
      vertex 3.36589 6.36652 0
      vertex 3.68021 9.57096 0
      vertex 3.68021 6.42904 0
    endloop
  endfacet
  facet normal 0 0 -1
    outer loop
      vertex 3.36589 6.36652 0
      vertex 3.36589 9.63348 0
      vertex 3.68021 9.57096 0
    endloop
  endfacet
  facet normal 0 0 -1
    outer loop
      vertex 3.06242 6.2635 0
      vertex 3.36589 9.63348 0
      vertex 3.36589 6.36652 0
    endloop
  endfacet
  facet normal 0 0 -1
    outer loop
      vertex 3.06242 6.2635 0
      vertex 3.06242 9.7365 0
      vertex 3.36589 9.63348 0
    endloop
  endfacet
  facet normal 0 0 -1
    outer loop
      vertex 2.775 6.12176 0
      vertex 3.06242 9.7365 0
      vertex 3.06242 6.2635 0
    endloop
  endfacet
  facet normal 0 0 -1
    outer loop
      vertex 2.775 6.12176 0
      vertex 2.775 9.87824 0
      vertex 3.06242 9.7365 0
    endloop
  endfacet
  facet normal 0 0 -1
    outer loop
      vertex 2.50853 5.94372 0
      vertex 2.775 9.87824 0
      vertex 2.775 6.12176 0
    endloop
  endfacet
  facet normal 0 0 -1
    outer loop
      vertex 2.50853 5.94372 0
      vertex 2.50853 10.0563 0
      vertex 2.775 9.87824 0
    endloop
  endfacet
  facet normal 0 0 -1
    outer loop
      vertex 2.26759 5.73241 0
      vertex 2.50853 10.0563 0
      vertex 2.50853 5.94372 0
    endloop
  endfacet
  facet normal 0 0 -1
    outer loop
      vertex 2.26759 5.73241 0
      vertex 2.26759 10.2676 0
      vertex 2.50853 10.0563 0
    endloop
  endfacet
  facet normal 0 0 -1
    outer loop
      vertex 2.05628 5.49146 0
      vertex 2.26759 10.2676 0
      vertex 2.26759 5.73241 0
    endloop
  endfacet
  facet normal 0 0 -1
    outer loop
      vertex 2.05628 5.49146 0
      vertex 2.05628 10.5085 0
      vertex 2.26759 10.2676 0
    endloop
  endfacet
  facet normal 0 0 -1
    outer loop
      vertex 1.87824 5.225 0
      vertex 2.05628 10.5085 0
      vertex 2.05628 5.49146 0
    endloop
  endfacet
  facet normal 0 0 -1
    outer loop
      vertex 1.87824 5.225 0
      vertex 1.87824 10.775 0
      vertex 2.05628 10.5085 0
    endloop
  endfacet
  facet normal 0 0 -1
    outer loop
      vertex 1.7365 4.93757 0
      vertex 1.87824 10.775 0
      vertex 1.87824 5.225 0
    endloop
  endfacet
  facet normal 0 0 -1
    outer loop
      vertex 1.7365 4.93757 0
      vertex 1.7365 11.0624 0
      vertex 1.87824 10.775 0
    endloop
  endfacet
  facet normal 0 0 -1
    outer loop
      vertex 1.63348 4.63411 0
      vertex 1.7365 11.0624 0
      vertex 1.7365 4.93757 0
    endloop
  endfacet
  facet normal 0 0 -1
    outer loop
      vertex 1.63348 4.63411 0
      vertex 1.63348 11.3659 0
      vertex 1.7365 11.0624 0
    endloop
  endfacet
  facet normal 0 0 -1
    outer loop
      vertex 1.57096 4.31979 0
      vertex 1.63348 11.3659 0
      vertex 1.63348 4.63411 0
    endloop
  endfacet
  facet normal 0 0 -1
    outer loop
      vertex 1.57096 4.31979 0
      vertex 1.57096 11.6802 0
      vertex 1.63348 11.3659 0
    endloop
  endfacet
  facet normal 0 0 -1
    outer loop
      vertex 0 0 0
      vertex 1.57096 4.31979 0
      vertex 1.55 4 0
    endloop
  endfacet
  facet normal -0 0 -1
    outer loop
      vertex 1.57096 4.31979 0
      vertex 0 0 0
      vertex 1.57096 11.6802 0
    endloop
  endfacet
  facet normal 0 0 -1
    outer loop
      vertex 18.2676 5.73241 0
      vertex 13.7324 5.73241 0
      vertex 18.5085 5.94372 0
    endloop
  endfacet
  facet normal 0 0 -1
    outer loop
      vertex 18.775 49.8782 0
      vertex 14.429 51.6802 0
      vertex 14.45 52 0
    endloop
  endfacet
  facet normal 0 0 -1
    outer loop
      vertex 13.4915 5.94372 0
      vertex 18.5085 5.94372 0
      vertex 13.7324 5.73241 0
    endloop
  endfacet
  facet normal 0 0 -1
    outer loop
      vertex 18.775 49.8782 0
      vertex 14.3665 51.3659 0
      vertex 14.429 51.6802 0
    endloop
  endfacet
  facet normal 0 0 -1
    outer loop
      vertex 18.5085 5.94372 0
      vertex 13.4915 5.94372 0
      vertex 18.775 6.12176 0
    endloop
  endfacet
  facet normal 0 0 -1
    outer loop
      vertex 18.775 49.8782 0
      vertex 14.2635 51.0624 0
      vertex 14.3665 51.3659 0
    endloop
  endfacet
  facet normal 0 0 -1
    outer loop
      vertex 13.225 6.12176 0
      vertex 18.775 6.12176 0
      vertex 13.4915 5.94372 0
    endloop
  endfacet
  facet normal 0 0 -1
    outer loop
      vertex 18.775 49.8782 0
      vertex 14.1218 50.775 0
      vertex 14.2635 51.0624 0
    endloop
  endfacet
  facet normal 0 0 -1
    outer loop
      vertex 18.775 6.12176 0
      vertex 13.225 6.12176 0
      vertex 19.0624 6.2635 0
    endloop
  endfacet
  facet normal 0 0 -1
    outer loop
      vertex 18.775 49.8782 0
      vertex 13.9437 50.5085 0
      vertex 14.1218 50.775 0
    endloop
  endfacet
  facet normal 0 0 -1
    outer loop
      vertex 12.9376 6.2635 0
      vertex 19.0624 6.2635 0
      vertex 13.225 6.12176 0
    endloop
  endfacet
  facet normal 0 0 -1
    outer loop
      vertex 18.775 49.8782 0
      vertex 13.7324 50.2676 0
      vertex 13.9437 50.5085 0
    endloop
  endfacet
  facet normal 0 0 -1
    outer loop
      vertex 12.6341 6.36652 0
      vertex 19.0624 6.2635 0
      vertex 12.9376 6.2635 0
    endloop
  endfacet
  facet normal 0 0 -1
    outer loop
      vertex 18.775 49.8782 0
      vertex 13.4915 50.0563 0
      vertex 13.7324 50.2676 0
    endloop
  endfacet
  facet normal 0 0 -1
    outer loop
      vertex 6.45 28 0
      vertex 12.6341 6.36652 0
      vertex 12.3198 6.42904 0
    endloop
  endfacet
  facet normal 0 0 -1
    outer loop
      vertex 18.775 49.8782 0
      vertex 13.225 49.8782 0
      vertex 13.4915 50.0563 0
    endloop
  endfacet
  facet normal 0 0 -1
    outer loop
      vertex 12.6341 6.36652 0
      vertex 6.45 28 0
      vertex 19.0624 6.2635 0
    endloop
  endfacet
  facet normal -0 0 -1
    outer loop
      vertex 18.775 49.8782 0
      vertex 12.9376 49.7365 0
      vertex 13.225 49.8782 0
    endloop
  endfacet
  facet normal 0 -0 -1
    outer loop
      vertex 12.9376 49.7365 0
      vertex 19.0624 49.7365 0
      vertex 12.6341 49.6335 0
    endloop
  endfacet
  facet normal 0 0 -1
    outer loop
      vertex 19.0624 49.7365 0
      vertex 12.9376 49.7365 0
      vertex 18.775 49.8782 0
    endloop
  endfacet
  facet normal -0 0 -1
    outer loop
      vertex 19.6802 49.571 0
      vertex 6.42904 36.3198 0
      vertex 19.3659 49.6335 0
    endloop
  endfacet
  facet normal 0 0 -1
    outer loop
      vertex 19.3659 49.6335 0
      vertex 12.6341 49.6335 0
      vertex 19.0624 49.7365 0
    endloop
  endfacet
  facet normal 0 0 -1
    outer loop
      vertex 6.45 28 0
      vertex 12.3198 6.42904 0
      vertex 12 6.45 0
    endloop
  endfacet
  facet normal 0 0 -1
    outer loop
      vertex 6.42904 36.3198 0
      vertex 19.6802 49.571 0
      vertex 6.45 36 0
    endloop
  endfacet
  facet normal 0 0 -1
    outer loop
      vertex 6.45 28 0
      vertex 11.6802 6.42904 0
      vertex 8.33845 6.67621 0
    endloop
  endfacet
  facet normal 0 0 -1
    outer loop
      vertex 11.6802 6.42904 0
      vertex 6.45 28 0
      vertex 12 6.45 0
    endloop
  endfacet
  facet normal 0 0 -1
    outer loop
      vertex 11.0624 6.2635 0
      vertex 8.33845 6.67621 0
      vertex 11.3659 6.36652 0
    endloop
  endfacet
  facet normal 0 0 -1
    outer loop
      vertex 11.3659 6.36652 0
      vertex 8.33845 6.67621 0
      vertex 11.6802 6.42904 0
    endloop
  endfacet
  facet normal 0 0 -1
    outer loop
      vertex 10.775 6.12176 0
      vertex 8.33845 6.67621 0
      vertex 11.0624 6.2635 0
    endloop
  endfacet
  facet normal 0 0 -1
    outer loop
      vertex 6.36652 36.6341 0
      vertex 19.3659 49.6335 0
      vertex 6.42904 36.3198 0
    endloop
  endfacet
  facet normal 0 0 -1
    outer loop
      vertex 10.5085 5.94372 0
      vertex 8.33845 6.67621 0
      vertex 10.775 6.12176 0
    endloop
  endfacet
  facet normal 0 0 -1
    outer loop
      vertex 12.6341 49.6335 0
      vertex 6.45 44 0
      vertex 12.3198 49.571 0
    endloop
  endfacet
  facet normal 0 0 -1
    outer loop
      vertex 10.2676 5.73241 0
      vertex 8.33845 6.67621 0
      vertex 10.5085 5.94372 0
    endloop
  endfacet
  facet normal 0 0 -1
    outer loop
      vertex 12.3198 49.571 0
      vertex 6.45 44 0
      vertex 12 49.55 0
    endloop
  endfacet
  facet normal 0 0 -1
    outer loop
      vertex 8.33845 6.67621 0
      vertex 10.2676 5.73241 0
      vertex 8.35 6.5 0
    endloop
  endfacet
  facet normal -0 0 -1
    outer loop
      vertex 12 49.55 0
      vertex 6.45 44 0
      vertex 11.6802 49.571 0
    endloop
  endfacet
  facet normal 0 0 -1
    outer loop
      vertex 8.33845 6.32379 0
      vertex 10.2676 5.73241 0
      vertex 10.0563 5.49146 0
    endloop
  endfacet
  facet normal 0 0 -1
    outer loop
      vertex 6.42904 44.3198 0
      vertex 11.6802 49.571 0
      vertex 6.45 44 0
    endloop
  endfacet
  facet normal 0 0 -1
    outer loop
      vertex 8.304 6.15059 0
      vertex 10.0563 5.49146 0
      vertex 9.87824 5.225 0
    endloop
  endfacet
  facet normal -0 0 -1
    outer loop
      vertex 11.6802 49.571 0
      vertex 6.42904 44.3198 0
      vertex 11.3659 49.6335 0
    endloop
  endfacet
  facet normal 0 0 -1
    outer loop
      vertex 8.16913 5.825 0
      vertex 9.87824 5.225 0
      vertex 9.7365 4.93757 0
    endloop
  endfacet
  facet normal 0 0 -1
    outer loop
      vertex 6.36652 44.6341 0
      vertex 11.3659 49.6335 0
      vertex 6.42904 44.3198 0
    endloop
  endfacet
  facet normal 0 0 -1
    outer loop
      vertex 8.07103 5.67817 0
      vertex 9.7365 4.93757 0
      vertex 9.63348 4.63411 0
    endloop
  endfacet
  facet normal -0 0 -1
    outer loop
      vertex 11.3659 49.6335 0
      vertex 6.36652 44.6341 0
      vertex 11.0624 49.7365 0
    endloop
  endfacet
  facet normal 0 0 -1
    outer loop
      vertex 7.82183 5.42897 0
      vertex 9.63348 4.63411 0
      vertex 9.57096 4.31979 0
    endloop
  endfacet
  facet normal 0 0 -1
    outer loop
      vertex 6.2635 44.9376 0
      vertex 11.0624 49.7365 0
      vertex 6.36652 44.6341 0
    endloop
  endfacet
  facet normal 0 0 -1
    outer loop
      vertex 7.675 5.33086 0
      vertex 9.57096 4.31979 0
      vertex 9.55 4 0
    endloop
  endfacet
  facet normal -0 0 -1
    outer loop
      vertex 11.0624 49.7365 0
      vertex 6.2635 44.9376 0
      vertex 10.775 49.8782 0
    endloop
  endfacet
  facet normal 0 0 -1
    outer loop
      vertex 26.2676 5.73241 0
      vertex 21.7324 5.73241 0
      vertex 26.5085 5.94372 0
    endloop
  endfacet
  facet normal 0 0 -1
    outer loop
      vertex 26.775 49.8782 0
      vertex 22.429 51.6802 0
      vertex 22.45 52 0
    endloop
  endfacet
  facet normal 0 0 -1
    outer loop
      vertex 21.4915 5.94372 0
      vertex 26.5085 5.94372 0
      vertex 21.7324 5.73241 0
    endloop
  endfacet
  facet normal 0 0 -1
    outer loop
      vertex 26.775 49.8782 0
      vertex 22.3665 51.3659 0
      vertex 22.429 51.6802 0
    endloop
  endfacet
  facet normal 0 0 -1
    outer loop
      vertex 26.5085 5.94372 0
      vertex 21.4915 5.94372 0
      vertex 26.775 6.12176 0
    endloop
  endfacet
  facet normal 0 0 -1
    outer loop
      vertex 26.775 49.8782 0
      vertex 22.2635 51.0624 0
      vertex 22.3665 51.3659 0
    endloop
  endfacet
  facet normal 0 0 -1
    outer loop
      vertex 21.225 6.12176 0
      vertex 26.775 6.12176 0
      vertex 21.4915 5.94372 0
    endloop
  endfacet
  facet normal 0 0 -1
    outer loop
      vertex 26.775 49.8782 0
      vertex 22.1218 50.775 0
      vertex 22.2635 51.0624 0
    endloop
  endfacet
  facet normal 0 0 -1
    outer loop
      vertex 26.775 6.12176 0
      vertex 21.225 6.12176 0
      vertex 27.0624 6.2635 0
    endloop
  endfacet
  facet normal 0 0 -1
    outer loop
      vertex 26.775 49.8782 0
      vertex 21.9437 50.5085 0
      vertex 22.1218 50.775 0
    endloop
  endfacet
  facet normal 0 0 -1
    outer loop
      vertex 20.9376 6.2635 0
      vertex 27.0624 6.2635 0
      vertex 21.225 6.12176 0
    endloop
  endfacet
  facet normal 0 0 -1
    outer loop
      vertex 26.775 49.8782 0
      vertex 21.7324 50.2676 0
      vertex 21.9437 50.5085 0
    endloop
  endfacet
  facet normal 0 0 -1
    outer loop
      vertex 20.6341 6.36652 0
      vertex 27.0624 6.2635 0
      vertex 20.9376 6.2635 0
    endloop
  endfacet
  facet normal 0 0 -1
    outer loop
      vertex 26.775 49.8782 0
      vertex 21.4915 50.0563 0
      vertex 21.7324 50.2676 0
    endloop
  endfacet
  facet normal 0 0 -1
    outer loop
      vertex 20.3198 6.42904 0
      vertex 27.0624 6.2635 0
      vertex 20.6341 6.36652 0
    endloop
  endfacet
  facet normal 0 0 -1
    outer loop
      vertex 26.775 49.8782 0
      vertex 21.225 49.8782 0
      vertex 21.4915 50.0563 0
    endloop
  endfacet
  facet normal 0 0 -1
    outer loop
      vertex 6.45 28 0
      vertex 27.0624 6.2635 0
      vertex 20.3198 6.42904 0
    endloop
  endfacet
  facet normal -0 0 -1
    outer loop
      vertex 26.775 49.8782 0
      vertex 20.9376 49.7365 0
      vertex 21.225 49.8782 0
    endloop
  endfacet
  facet normal 0 -0 -1
    outer loop
      vertex 20.9376 49.7365 0
      vertex 27.0624 49.7365 0
      vertex 20.6341 49.6335 0
    endloop
  endfacet
  facet normal 0 0 -1
    outer loop
      vertex 27.0624 49.7365 0
      vertex 20.9376 49.7365 0
      vertex 26.775 49.8782 0
    endloop
  endfacet
  facet normal -0 0 -1
    outer loop
      vertex 27.6802 49.571 0
      vertex 6.42904 28.3198 0
      vertex 27.3659 49.6335 0
    endloop
  endfacet
  facet normal 0 0 -1
    outer loop
      vertex 27.3659 49.6335 0
      vertex 20.6341 49.6335 0
      vertex 27.0624 49.7365 0
    endloop
  endfacet
  facet normal 0 0 -1
    outer loop
      vertex 6.45 28 0
      vertex 20.3198 6.42904 0
      vertex 20 6.45 0
    endloop
  endfacet
  facet normal 0 -0 -1
    outer loop
      vertex 20.6341 49.6335 0
      vertex 27.3659 49.6335 0
      vertex 20.3198 49.571 0
    endloop
  endfacet
  facet normal 0 0 -1
    outer loop
      vertex 6.45 28 0
      vertex 20 6.45 0
      vertex 19.6802 6.42904 0
    endloop
  endfacet
  facet normal 0 0 -1
    outer loop
      vertex 27.3659 49.6335 0
      vertex 6.42904 28.3198 0
      vertex 20.3198 49.571 0
    endloop
  endfacet
  facet normal 0 0 -1
    outer loop
      vertex 6.45 28 0
      vertex 19.6802 6.42904 0
      vertex 19.3659 6.36652 0
    endloop
  endfacet
  facet normal 0 0 -1
    outer loop
      vertex 20.3198 49.571 0
      vertex 6.45 36 0
      vertex 20 49.55 0
    endloop
  endfacet
  facet normal 0 0 -1
    outer loop
      vertex 6.45 28 0
      vertex 19.3659 6.36652 0
      vertex 19.0624 6.2635 0
    endloop
  endfacet
  facet normal -0 0 -1
    outer loop
      vertex 20 49.55 0
      vertex 6.45 36 0
      vertex 19.6802 49.571 0
    endloop
  endfacet
  facet normal 0 0 -1
    outer loop
      vertex 18.0563 5.49146 0
      vertex 13.9437 5.49146 0
      vertex 18.2676 5.73241 0
    endloop
  endfacet
  facet normal 0 0 -1
    outer loop
      vertex 13.7324 5.73241 0
      vertex 18.2676 5.73241 0
      vertex 13.9437 5.49146 0
    endloop
  endfacet
  facet normal 0 0 -1
    outer loop
      vertex 14.1218 5.225 0
      vertex 17.8782 5.225 0
      vertex 14.2635 4.93757 0
    endloop
  endfacet
  facet normal 0 0 -1
    outer loop
      vertex 17.8782 5.225 0
      vertex 14.1218 5.225 0
      vertex 18.0563 5.49146 0
    endloop
  endfacet
  facet normal 0 0 -1
    outer loop
      vertex 17.7365 4.93757 0
      vertex 14.2635 4.93757 0
      vertex 17.8782 5.225 0
    endloop
  endfacet
  facet normal 0 0 -1
    outer loop
      vertex 13.9437 5.49146 0
      vertex 18.0563 5.49146 0
      vertex 14.1218 5.225 0
    endloop
  endfacet
  facet normal 0 0 -1
    outer loop
      vertex 14.2635 4.93757 0
      vertex 17.7365 4.93757 0
      vertex 14.3665 4.63411 0
    endloop
  endfacet
  facet normal 0 0 -1
    outer loop
      vertex 18.775 49.8782 0
      vertex 14.45 52 0
      vertex 18.5085 50.0563 0
    endloop
  endfacet
  facet normal 0 0 -1
    outer loop
      vertex 17.6335 4.63411 0
      vertex 14.3665 4.63411 0
      vertex 17.7365 4.93757 0
    endloop
  endfacet
  facet normal 0 0 -1
    outer loop
      vertex 18.5085 50.0563 0
      vertex 14.45 52 0
      vertex 18.2676 50.2676 0
    endloop
  endfacet
  facet normal 0 0 -1
    outer loop
      vertex 14.3665 4.63411 0
      vertex 17.6335 4.63411 0
      vertex 14.429 4.31979 0
    endloop
  endfacet
  facet normal 0 0 -1
    outer loop
      vertex 18.2676 50.2676 0
      vertex 14.45 52 0
      vertex 18.0563 50.5085 0
    endloop
  endfacet
  facet normal 0 0 -1
    outer loop
      vertex 17.571 4.31979 0
      vertex 14.429 4.31979 0
      vertex 17.6335 4.63411 0
    endloop
  endfacet
  facet normal 0 0 -1
    outer loop
      vertex 18.0563 50.5085 0
      vertex 14.45 52 0
      vertex 17.8782 50.775 0
    endloop
  endfacet
  facet normal 0 0 -1
    outer loop
      vertex 14.429 4.31979 0
      vertex 17.571 4.31979 0
      vertex 14.45 4 0
    endloop
  endfacet
  facet normal 0 0 -1
    outer loop
      vertex 17.8782 50.775 0
      vertex 14.45 52 0
      vertex 17.7365 51.0624 0
    endloop
  endfacet
  facet normal 0 0 -1
    outer loop
      vertex 14.45 4 0
      vertex 17.571 4.31979 0
      vertex 17.55 4 0
    endloop
  endfacet
  facet normal 0 0 -1
    outer loop
      vertex 17.7365 51.0624 0
      vertex 14.45 52 0
      vertex 17.6335 51.3659 0
    endloop
  endfacet
  facet normal 0 0 -1
    outer loop
      vertex 34.2676 5.73241 0
      vertex 29.7324 5.73241 0
      vertex 34.5085 5.94372 0
    endloop
  endfacet
  facet normal 0 0 -1
    outer loop
      vertex 34.775 49.8782 0
      vertex 30.429 51.6802 0
      vertex 30.45 52 0
    endloop
  endfacet
  facet normal 0 0 -1
    outer loop
      vertex 29.4915 5.94372 0
      vertex 34.5085 5.94372 0
      vertex 29.7324 5.73241 0
    endloop
  endfacet
  facet normal 0 0 -1
    outer loop
      vertex 34.775 49.8782 0
      vertex 30.3665 51.3659 0
      vertex 30.429 51.6802 0
    endloop
  endfacet
  facet normal 0 0 -1
    outer loop
      vertex 34.5085 5.94372 0
      vertex 29.4915 5.94372 0
      vertex 34.775 6.12176 0
    endloop
  endfacet
  facet normal 0 0 -1
    outer loop
      vertex 34.775 49.8782 0
      vertex 30.2635 51.0624 0
      vertex 30.3665 51.3659 0
    endloop
  endfacet
  facet normal 0 0 -1
    outer loop
      vertex 29.225 6.12176 0
      vertex 34.775 6.12176 0
      vertex 29.4915 5.94372 0
    endloop
  endfacet
  facet normal 0 0 -1
    outer loop
      vertex 34.775 49.8782 0
      vertex 30.1218 50.775 0
      vertex 30.2635 51.0624 0
    endloop
  endfacet
  facet normal 0 0 -1
    outer loop
      vertex 34.775 6.12176 0
      vertex 29.225 6.12176 0
      vertex 35.0624 6.2635 0
    endloop
  endfacet
  facet normal 0 0 -1
    outer loop
      vertex 34.775 49.8782 0
      vertex 29.9437 50.5085 0
      vertex 30.1218 50.775 0
    endloop
  endfacet
  facet normal 0 0 -1
    outer loop
      vertex 28.9376 6.2635 0
      vertex 35.0624 6.2635 0
      vertex 29.225 6.12176 0
    endloop
  endfacet
  facet normal 0 0 -1
    outer loop
      vertex 34.775 49.8782 0
      vertex 29.7324 50.2676 0
      vertex 29.9437 50.5085 0
    endloop
  endfacet
  facet normal 0 0 -1
    outer loop
      vertex 28.6341 6.36652 0
      vertex 35.0624 6.2635 0
      vertex 28.9376 6.2635 0
    endloop
  endfacet
  facet normal 0 0 -1
    outer loop
      vertex 34.775 49.8782 0
      vertex 29.4915 50.0563 0
      vertex 29.7324 50.2676 0
    endloop
  endfacet
  facet normal 0 0 -1
    outer loop
      vertex 28.3198 6.42904 0
      vertex 35.0624 6.2635 0
      vertex 28.6341 6.36652 0
    endloop
  endfacet
  facet normal 0 0 -1
    outer loop
      vertex 34.775 49.8782 0
      vertex 29.225 49.8782 0
      vertex 29.4915 50.0563 0
    endloop
  endfacet
  facet normal 0 0 -1
    outer loop
      vertex 35.0624 6.2635 0
      vertex 28.3198 6.42904 0
      vertex 35.0624 49.7365 0
    endloop
  endfacet
  facet normal -0 0 -1
    outer loop
      vertex 34.775 49.8782 0
      vertex 28.9376 49.7365 0
      vertex 29.225 49.8782 0
    endloop
  endfacet
  facet normal 0 -0 -1
    outer loop
      vertex 28.9376 49.7365 0
      vertex 35.0624 49.7365 0
      vertex 28.6341 49.6335 0
    endloop
  endfacet
  facet normal 0 0 -1
    outer loop
      vertex 35.0624 49.7365 0
      vertex 28.9376 49.7365 0
      vertex 34.775 49.8782 0
    endloop
  endfacet
  facet normal 0 0 -1
    outer loop
      vertex 28.3198 49.571 0
      vertex 35.0624 49.7365 0
      vertex 28.3198 6.42904 0
    endloop
  endfacet
  facet normal 0 0 -1
    outer loop
      vertex 35.0624 49.7365 0
      vertex 28.3198 49.571 0
      vertex 28.6341 49.6335 0
    endloop
  endfacet
  facet normal 0 0 -1
    outer loop
      vertex 28 6.45 0
      vertex 28.3198 49.571 0
      vertex 28.3198 6.42904 0
    endloop
  endfacet
  facet normal 0 0 -1
    outer loop
      vertex 28 6.45 0
      vertex 28 49.55 0
      vertex 28.3198 49.571 0
    endloop
  endfacet
  facet normal 0 0 -1
    outer loop
      vertex 6.45 28 0
      vertex 28 6.45 0
      vertex 27.6802 6.42904 0
    endloop
  endfacet
  facet normal 0 0 -1
    outer loop
      vertex 28 6.45 0
      vertex 6.45 28 0
      vertex 28 49.55 0
    endloop
  endfacet
  facet normal 0 0 -1
    outer loop
      vertex 6.45 28 0
      vertex 27.6802 6.42904 0
      vertex 27.3659 6.36652 0
    endloop
  endfacet
  facet normal -0 0 -1
    outer loop
      vertex 28 49.55 0
      vertex 6.45 28 0
      vertex 27.6802 49.571 0
    endloop
  endfacet
  facet normal 0 0 -1
    outer loop
      vertex 6.45 28 0
      vertex 27.3659 6.36652 0
      vertex 27.0624 6.2635 0
    endloop
  endfacet
  facet normal 0 0 -1
    outer loop
      vertex 6.42904 28.3198 0
      vertex 27.6802 49.571 0
      vertex 6.45 28 0
    endloop
  endfacet
  facet normal 0 0 -1
    outer loop
      vertex 26.0563 5.49146 0
      vertex 21.9437 5.49146 0
      vertex 26.2676 5.73241 0
    endloop
  endfacet
  facet normal 0 0 -1
    outer loop
      vertex 21.7324 5.73241 0
      vertex 26.2676 5.73241 0
      vertex 21.9437 5.49146 0
    endloop
  endfacet
  facet normal 0 0 -1
    outer loop
      vertex 22.1218 5.225 0
      vertex 25.8782 5.225 0
      vertex 22.2635 4.93757 0
    endloop
  endfacet
  facet normal 0 0 -1
    outer loop
      vertex 25.8782 5.225 0
      vertex 22.1218 5.225 0
      vertex 26.0563 5.49146 0
    endloop
  endfacet
  facet normal 0 0 -1
    outer loop
      vertex 25.7365 4.93757 0
      vertex 22.2635 4.93757 0
      vertex 25.8782 5.225 0
    endloop
  endfacet
  facet normal 0 0 -1
    outer loop
      vertex 21.9437 5.49146 0
      vertex 26.0563 5.49146 0
      vertex 22.1218 5.225 0
    endloop
  endfacet
  facet normal 0 0 -1
    outer loop
      vertex 22.2635 4.93757 0
      vertex 25.7365 4.93757 0
      vertex 22.3665 4.63411 0
    endloop
  endfacet
  facet normal 0 0 -1
    outer loop
      vertex 26.775 49.8782 0
      vertex 22.45 52 0
      vertex 26.5085 50.0563 0
    endloop
  endfacet
  facet normal 0 0 -1
    outer loop
      vertex 25.6335 4.63411 0
      vertex 22.3665 4.63411 0
      vertex 25.7365 4.93757 0
    endloop
  endfacet
  facet normal 0 0 -1
    outer loop
      vertex 26.5085 50.0563 0
      vertex 22.45 52 0
      vertex 26.2676 50.2676 0
    endloop
  endfacet
  facet normal 0 0 -1
    outer loop
      vertex 22.3665 4.63411 0
      vertex 25.6335 4.63411 0
      vertex 22.429 4.31979 0
    endloop
  endfacet
  facet normal 0 0 -1
    outer loop
      vertex 26.2676 50.2676 0
      vertex 22.45 52 0
      vertex 26.0563 50.5085 0
    endloop
  endfacet
  facet normal 0 0 -1
    outer loop
      vertex 25.571 4.31979 0
      vertex 22.429 4.31979 0
      vertex 25.6335 4.63411 0
    endloop
  endfacet
  facet normal 0 0 -1
    outer loop
      vertex 26.0563 50.5085 0
      vertex 22.45 52 0
      vertex 25.8782 50.775 0
    endloop
  endfacet
  facet normal 0 0 -1
    outer loop
      vertex 22.429 4.31979 0
      vertex 25.571 4.31979 0
      vertex 22.45 4 0
    endloop
  endfacet
  facet normal 0 0 -1
    outer loop
      vertex 25.8782 50.775 0
      vertex 22.45 52 0
      vertex 25.7365 51.0624 0
    endloop
  endfacet
  facet normal 0 0 -1
    outer loop
      vertex 22.45 4 0
      vertex 25.571 4.31979 0
      vertex 25.55 4 0
    endloop
  endfacet
  facet normal 0 0 -1
    outer loop
      vertex 25.7365 51.0624 0
      vertex 22.45 52 0
      vertex 25.6335 51.3659 0
    endloop
  endfacet
  facet normal 0 0 -1
    outer loop
      vertex 42.2676 5.73241 0
      vertex 37.7324 5.73241 0
      vertex 42.5085 5.94372 0
    endloop
  endfacet
  facet normal 0 0 -1
    outer loop
      vertex 42.775 49.8782 0
      vertex 38.429 51.6802 0
      vertex 38.45 52 0
    endloop
  endfacet
  facet normal 0 0 -1
    outer loop
      vertex 37.4915 5.94372 0
      vertex 42.5085 5.94372 0
      vertex 37.7324 5.73241 0
    endloop
  endfacet
  facet normal 0 0 -1
    outer loop
      vertex 42.775 49.8782 0
      vertex 38.3665 51.3659 0
      vertex 38.429 51.6802 0
    endloop
  endfacet
  facet normal 0 0 -1
    outer loop
      vertex 42.5085 5.94372 0
      vertex 37.4915 5.94372 0
      vertex 42.775 6.12176 0
    endloop
  endfacet
  facet normal 0 0 -1
    outer loop
      vertex 42.775 49.8782 0
      vertex 38.2635 51.0624 0
      vertex 38.3665 51.3659 0
    endloop
  endfacet
  facet normal 0 0 -1
    outer loop
      vertex 37.225 6.12176 0
      vertex 42.775 6.12176 0
      vertex 37.4915 5.94372 0
    endloop
  endfacet
  facet normal 0 0 -1
    outer loop
      vertex 42.775 49.8782 0
      vertex 38.1218 50.775 0
      vertex 38.2635 51.0624 0
    endloop
  endfacet
  facet normal 0 0 -1
    outer loop
      vertex 42.775 6.12176 0
      vertex 37.225 6.12176 0
      vertex 43.0624 6.2635 0
    endloop
  endfacet
  facet normal 0 0 -1
    outer loop
      vertex 42.775 49.8782 0
      vertex 37.9437 50.5085 0
      vertex 38.1218 50.775 0
    endloop
  endfacet
  facet normal 0 0 -1
    outer loop
      vertex 36.9376 6.2635 0
      vertex 43.0624 6.2635 0
      vertex 37.225 6.12176 0
    endloop
  endfacet
  facet normal 0 0 -1
    outer loop
      vertex 42.775 49.8782 0
      vertex 37.7324 50.2676 0
      vertex 37.9437 50.5085 0
    endloop
  endfacet
  facet normal 0 0 -1
    outer loop
      vertex 36.6341 6.36652 0
      vertex 43.0624 6.2635 0
      vertex 36.9376 6.2635 0
    endloop
  endfacet
  facet normal 0 0 -1
    outer loop
      vertex 42.775 49.8782 0
      vertex 37.4915 50.0563 0
      vertex 37.7324 50.2676 0
    endloop
  endfacet
  facet normal 0 0 -1
    outer loop
      vertex 36.3198 6.42904 0
      vertex 43.0624 6.2635 0
      vertex 36.6341 6.36652 0
    endloop
  endfacet
  facet normal 0 0 -1
    outer loop
      vertex 42.775 49.8782 0
      vertex 37.225 49.8782 0
      vertex 37.4915 50.0563 0
    endloop
  endfacet
  facet normal 0 0 -1
    outer loop
      vertex 43.0624 6.2635 0
      vertex 36.3198 6.42904 0
      vertex 43.0624 49.7365 0
    endloop
  endfacet
  facet normal -0 0 -1
    outer loop
      vertex 42.775 49.8782 0
      vertex 36.9376 49.7365 0
      vertex 37.225 49.8782 0
    endloop
  endfacet
  facet normal 0 -0 -1
    outer loop
      vertex 36.9376 49.7365 0
      vertex 43.0624 49.7365 0
      vertex 36.6341 49.6335 0
    endloop
  endfacet
  facet normal 0 0 -1
    outer loop
      vertex 43.0624 49.7365 0
      vertex 36.9376 49.7365 0
      vertex 42.775 49.8782 0
    endloop
  endfacet
  facet normal 0 0 -1
    outer loop
      vertex 36.3198 49.571 0
      vertex 43.0624 49.7365 0
      vertex 36.3198 6.42904 0
    endloop
  endfacet
  facet normal 0 0 -1
    outer loop
      vertex 43.0624 49.7365 0
      vertex 36.3198 49.571 0
      vertex 36.6341 49.6335 0
    endloop
  endfacet
  facet normal 0 0 -1
    outer loop
      vertex 36 6.45 0
      vertex 36.3198 49.571 0
      vertex 36.3198 6.42904 0
    endloop
  endfacet
  facet normal 0 0 -1
    outer loop
      vertex 36 6.45 0
      vertex 36 49.55 0
      vertex 36.3198 49.571 0
    endloop
  endfacet
  facet normal 0 0 -1
    outer loop
      vertex 35.6802 6.42904 0
      vertex 36 49.55 0
      vertex 36 6.45 0
    endloop
  endfacet
  facet normal 0 0 -1
    outer loop
      vertex 35.6802 6.42904 0
      vertex 35.6802 49.571 0
      vertex 36 49.55 0
    endloop
  endfacet
  facet normal 0 0 -1
    outer loop
      vertex 35.3659 6.36652 0
      vertex 35.6802 49.571 0
      vertex 35.6802 6.42904 0
    endloop
  endfacet
  facet normal 0 0 -1
    outer loop
      vertex 35.3659 6.36652 0
      vertex 35.3659 49.6335 0
      vertex 35.6802 49.571 0
    endloop
  endfacet
  facet normal 0 0 -1
    outer loop
      vertex 35.0624 6.2635 0
      vertex 35.3659 49.6335 0
      vertex 35.3659 6.36652 0
    endloop
  endfacet
  facet normal 0 0 -1
    outer loop
      vertex 35.0624 6.2635 0
      vertex 35.0624 49.7365 0
      vertex 35.3659 49.6335 0
    endloop
  endfacet
  facet normal 0 0 -1
    outer loop
      vertex 34.0563 5.49146 0
      vertex 29.9437 5.49146 0
      vertex 34.2676 5.73241 0
    endloop
  endfacet
  facet normal 0 0 -1
    outer loop
      vertex 29.7324 5.73241 0
      vertex 34.2676 5.73241 0
      vertex 29.9437 5.49146 0
    endloop
  endfacet
  facet normal 0 0 -1
    outer loop
      vertex 30.1218 5.225 0
      vertex 33.8782 5.225 0
      vertex 30.2635 4.93757 0
    endloop
  endfacet
  facet normal 0 0 -1
    outer loop
      vertex 33.8782 5.225 0
      vertex 30.1218 5.225 0
      vertex 34.0563 5.49146 0
    endloop
  endfacet
  facet normal 0 0 -1
    outer loop
      vertex 33.7365 4.93757 0
      vertex 30.2635 4.93757 0
      vertex 33.8782 5.225 0
    endloop
  endfacet
  facet normal 0 0 -1
    outer loop
      vertex 29.9437 5.49146 0
      vertex 34.0563 5.49146 0
      vertex 30.1218 5.225 0
    endloop
  endfacet
  facet normal 0 0 -1
    outer loop
      vertex 30.2635 4.93757 0
      vertex 33.7365 4.93757 0
      vertex 30.3665 4.63411 0
    endloop
  endfacet
  facet normal 0 0 -1
    outer loop
      vertex 34.775 49.8782 0
      vertex 30.45 52 0
      vertex 34.5085 50.0563 0
    endloop
  endfacet
  facet normal 0 0 -1
    outer loop
      vertex 33.6335 4.63411 0
      vertex 30.3665 4.63411 0
      vertex 33.7365 4.93757 0
    endloop
  endfacet
  facet normal 0 0 -1
    outer loop
      vertex 34.5085 50.0563 0
      vertex 30.45 52 0
      vertex 34.2676 50.2676 0
    endloop
  endfacet
  facet normal 0 0 -1
    outer loop
      vertex 30.3665 4.63411 0
      vertex 33.6335 4.63411 0
      vertex 30.429 4.31979 0
    endloop
  endfacet
  facet normal 0 0 -1
    outer loop
      vertex 34.2676 50.2676 0
      vertex 30.45 52 0
      vertex 34.0563 50.5085 0
    endloop
  endfacet
  facet normal 0 0 -1
    outer loop
      vertex 33.571 4.31979 0
      vertex 30.429 4.31979 0
      vertex 33.6335 4.63411 0
    endloop
  endfacet
  facet normal 0 0 -1
    outer loop
      vertex 34.0563 50.5085 0
      vertex 30.45 52 0
      vertex 33.8782 50.775 0
    endloop
  endfacet
  facet normal 0 0 -1
    outer loop
      vertex 30.429 4.31979 0
      vertex 33.571 4.31979 0
      vertex 30.45 4 0
    endloop
  endfacet
  facet normal 0 0 -1
    outer loop
      vertex 33.8782 50.775 0
      vertex 30.45 52 0
      vertex 33.7365 51.0624 0
    endloop
  endfacet
  facet normal 0 0 -1
    outer loop
      vertex 30.45 4 0
      vertex 33.571 4.31979 0
      vertex 33.55 4 0
    endloop
  endfacet
  facet normal 0 0 -1
    outer loop
      vertex 33.7365 51.0624 0
      vertex 30.45 52 0
      vertex 33.6335 51.3659 0
    endloop
  endfacet
  facet normal 0 0 -1
    outer loop
      vertex 45.4915 5.94372 0
      vertex 50.5085 5.94372 0
      vertex 45.7324 5.73241 0
    endloop
  endfacet
  facet normal 0 0 -1
    outer loop
      vertex 50.775 49.8782 0
      vertex 46.429 51.6802 0
      vertex 46.45 52 0
    endloop
  endfacet
  facet normal 0 0 -1
    outer loop
      vertex 50.5085 5.94372 0
      vertex 45.4915 5.94372 0
      vertex 50.775 6.12176 0
    endloop
  endfacet
  facet normal 0 0 -1
    outer loop
      vertex 50.775 49.8782 0
      vertex 46.3665 51.3659 0
      vertex 46.429 51.6802 0
    endloop
  endfacet
  facet normal 0 0 -1
    outer loop
      vertex 45.225 6.12176 0
      vertex 50.775 6.12176 0
      vertex 45.4915 5.94372 0
    endloop
  endfacet
  facet normal 0 0 -1
    outer loop
      vertex 50.775 49.8782 0
      vertex 46.2635 51.0624 0
      vertex 46.3665 51.3659 0
    endloop
  endfacet
  facet normal 0 0 -1
    outer loop
      vertex 50.775 6.12176 0
      vertex 45.225 6.12176 0
      vertex 51.0624 6.2635 0
    endloop
  endfacet
  facet normal 0 0 -1
    outer loop
      vertex 50.775 49.8782 0
      vertex 46.1218 50.775 0
      vertex 46.2635 51.0624 0
    endloop
  endfacet
  facet normal 0 0 -1
    outer loop
      vertex 44.9376 6.2635 0
      vertex 51.0624 6.2635 0
      vertex 45.225 6.12176 0
    endloop
  endfacet
  facet normal 0 0 -1
    outer loop
      vertex 50.775 49.8782 0
      vertex 45.9437 50.5085 0
      vertex 46.1218 50.775 0
    endloop
  endfacet
  facet normal 0 0 -1
    outer loop
      vertex 44.6341 6.36652 0
      vertex 51.0624 6.2635 0
      vertex 44.9376 6.2635 0
    endloop
  endfacet
  facet normal 0 0 -1
    outer loop
      vertex 50.775 49.8782 0
      vertex 45.7324 50.2676 0
      vertex 45.9437 50.5085 0
    endloop
  endfacet
  facet normal 0 0 -1
    outer loop
      vertex 51.0624 6.2635 0
      vertex 44.6341 6.36652 0
      vertex 65.55 28 0
    endloop
  endfacet
  facet normal 0 0 -1
    outer loop
      vertex 50.775 49.8782 0
      vertex 45.4915 50.0563 0
      vertex 45.7324 50.2676 0
    endloop
  endfacet
  facet normal 0 0 -1
    outer loop
      vertex 44.3198 6.42904 0
      vertex 65.55 28 0
      vertex 44.6341 6.36652 0
    endloop
  endfacet
  facet normal 0 0 -1
    outer loop
      vertex 50.775 49.8782 0
      vertex 45.225 49.8782 0
      vertex 45.4915 50.0563 0
    endloop
  endfacet
  facet normal 0 0 -1
    outer loop
      vertex 44 6.45 0
      vertex 65.55 28 0
      vertex 44.3198 6.42904 0
    endloop
  endfacet
  facet normal -0 0 -1
    outer loop
      vertex 50.775 49.8782 0
      vertex 44.9376 49.7365 0
      vertex 45.225 49.8782 0
    endloop
  endfacet
  facet normal 0 -0 -1
    outer loop
      vertex 44.9376 49.7365 0
      vertex 51.0624 49.7365 0
      vertex 44.6341 49.6335 0
    endloop
  endfacet
  facet normal 0 0 -1
    outer loop
      vertex 51.0624 49.7365 0
      vertex 44.9376 49.7365 0
      vertex 50.775 49.8782 0
    endloop
  endfacet
  facet normal 0 0 -1
    outer loop
      vertex 65.55 28 0
      vertex 44.3198 49.571 0
      vertex 51.0624 49.7365 0
    endloop
  endfacet
  facet normal 0 0 -1
    outer loop
      vertex 51.0624 49.7365 0
      vertex 44.3198 49.571 0
      vertex 44.6341 49.6335 0
    endloop
  endfacet
  facet normal 0 0 -1
    outer loop
      vertex 44 49.55 0
      vertex 65.55 28 0
      vertex 44 6.45 0
    endloop
  endfacet
  facet normal 0 0 -1
    outer loop
      vertex 65.55 28 0
      vertex 44 49.55 0
      vertex 44.3198 49.571 0
    endloop
  endfacet
  facet normal 0 0 -1
    outer loop
      vertex 43.6802 6.42904 0
      vertex 44 49.55 0
      vertex 44 6.45 0
    endloop
  endfacet
  facet normal 0 0 -1
    outer loop
      vertex 43.6802 6.42904 0
      vertex 43.6802 49.571 0
      vertex 44 49.55 0
    endloop
  endfacet
  facet normal 0 0 -1
    outer loop
      vertex 43.3659 6.36652 0
      vertex 43.6802 49.571 0
      vertex 43.6802 6.42904 0
    endloop
  endfacet
  facet normal 0 0 -1
    outer loop
      vertex 43.3659 6.36652 0
      vertex 43.3659 49.6335 0
      vertex 43.6802 49.571 0
    endloop
  endfacet
  facet normal 0 0 -1
    outer loop
      vertex 43.0624 6.2635 0
      vertex 43.3659 49.6335 0
      vertex 43.3659 6.36652 0
    endloop
  endfacet
  facet normal 0 0 -1
    outer loop
      vertex 43.0624 6.2635 0
      vertex 43.0624 49.7365 0
      vertex 43.3659 49.6335 0
    endloop
  endfacet
  facet normal 0 0 -1
    outer loop
      vertex 42.0563 5.49146 0
      vertex 37.9437 5.49146 0
      vertex 42.2676 5.73241 0
    endloop
  endfacet
  facet normal 0 0 -1
    outer loop
      vertex 37.7324 5.73241 0
      vertex 42.2676 5.73241 0
      vertex 37.9437 5.49146 0
    endloop
  endfacet
  facet normal 0 0 -1
    outer loop
      vertex 38.1218 5.225 0
      vertex 41.8782 5.225 0
      vertex 38.2635 4.93757 0
    endloop
  endfacet
  facet normal 0 0 -1
    outer loop
      vertex 41.8782 5.225 0
      vertex 38.1218 5.225 0
      vertex 42.0563 5.49146 0
    endloop
  endfacet
  facet normal 0 0 -1
    outer loop
      vertex 41.7365 4.93757 0
      vertex 38.2635 4.93757 0
      vertex 41.8782 5.225 0
    endloop
  endfacet
  facet normal 0 0 -1
    outer loop
      vertex 37.9437 5.49146 0
      vertex 42.0563 5.49146 0
      vertex 38.1218 5.225 0
    endloop
  endfacet
  facet normal 0 0 -1
    outer loop
      vertex 38.2635 4.93757 0
      vertex 41.7365 4.93757 0
      vertex 38.3665 4.63411 0
    endloop
  endfacet
  facet normal 0 0 -1
    outer loop
      vertex 42.775 49.8782 0
      vertex 38.45 52 0
      vertex 42.5085 50.0563 0
    endloop
  endfacet
  facet normal 0 0 -1
    outer loop
      vertex 41.6335 4.63411 0
      vertex 38.3665 4.63411 0
      vertex 41.7365 4.93757 0
    endloop
  endfacet
  facet normal 0 0 -1
    outer loop
      vertex 42.5085 50.0563 0
      vertex 38.45 52 0
      vertex 42.2676 50.2676 0
    endloop
  endfacet
  facet normal 0 0 -1
    outer loop
      vertex 38.3665 4.63411 0
      vertex 41.6335 4.63411 0
      vertex 38.429 4.31979 0
    endloop
  endfacet
  facet normal 0 0 -1
    outer loop
      vertex 42.2676 50.2676 0
      vertex 38.45 52 0
      vertex 42.0563 50.5085 0
    endloop
  endfacet
  facet normal 0 0 -1
    outer loop
      vertex 41.571 4.31979 0
      vertex 38.429 4.31979 0
      vertex 41.6335 4.63411 0
    endloop
  endfacet
  facet normal 0 0 -1
    outer loop
      vertex 42.0563 50.5085 0
      vertex 38.45 52 0
      vertex 41.8782 50.775 0
    endloop
  endfacet
  facet normal 0 0 -1
    outer loop
      vertex 38.429 4.31979 0
      vertex 41.571 4.31979 0
      vertex 38.45 4 0
    endloop
  endfacet
  facet normal 0 0 -1
    outer loop
      vertex 41.8782 50.775 0
      vertex 38.45 52 0
      vertex 41.7365 51.0624 0
    endloop
  endfacet
  facet normal 0 0 -1
    outer loop
      vertex 38.45 4 0
      vertex 41.571 4.31979 0
      vertex 41.55 4 0
    endloop
  endfacet
  facet normal 0 0 -1
    outer loop
      vertex 41.7365 51.0624 0
      vertex 38.45 52 0
      vertex 41.6335 51.3659 0
    endloop
  endfacet
  facet normal 0 0 -1
    outer loop
      vertex 58.775 6.12176 0
      vertex 53.225 6.12176 0
      vertex 59.0624 6.2635 0
    endloop
  endfacet
  facet normal 0 0 -1
    outer loop
      vertex 65.55 28 0
      vertex 54.429 51.6802 0
      vertex 54.45 52 0
    endloop
  endfacet
  facet normal 0 0 -1
    outer loop
      vertex 52.9376 6.2635 0
      vertex 59.0624 6.2635 0
      vertex 53.225 6.12176 0
    endloop
  endfacet
  facet normal 0 0 -1
    outer loop
      vertex 65.55 28 0
      vertex 54.3665 51.3659 0
      vertex 54.429 51.6802 0
    endloop
  endfacet
  facet normal 0 0 -1
    outer loop
      vertex 59.0624 6.2635 0
      vertex 52.9376 6.2635 0
      vertex 65.6335 19.3659 0
    endloop
  endfacet
  facet normal 0 0 -1
    outer loop
      vertex 65.55 28 0
      vertex 54.2635 51.0624 0
      vertex 54.3665 51.3659 0
    endloop
  endfacet
  facet normal 0 0 -1
    outer loop
      vertex 52.6341 6.36652 0
      vertex 65.6335 19.3659 0
      vertex 52.9376 6.2635 0
    endloop
  endfacet
  facet normal 0 0 -1
    outer loop
      vertex 65.55 28 0
      vertex 54.1218 50.775 0
      vertex 54.2635 51.0624 0
    endloop
  endfacet
  facet normal -0 0 -1
    outer loop
      vertex 65.6335 19.3659 0
      vertex 52.6341 6.36652 0
      vertex 65.571 19.6802 0
    endloop
  endfacet
  facet normal 0 0 -1
    outer loop
      vertex 65.55 28 0
      vertex 53.9437 50.5085 0
      vertex 54.1218 50.775 0
    endloop
  endfacet
  facet normal 0 0 -1
    outer loop
      vertex 52.3198 6.42904 0
      vertex 65.571 19.6802 0
      vertex 52.6341 6.36652 0
    endloop
  endfacet
  facet normal 0 0 -1
    outer loop
      vertex 65.55 28 0
      vertex 53.7324 50.2676 0
      vertex 53.9437 50.5085 0
    endloop
  endfacet
  facet normal -0 0 -1
    outer loop
      vertex 65.571 19.6802 0
      vertex 52.3198 6.42904 0
      vertex 65.55 20 0
    endloop
  endfacet
  facet normal 0 0 -1
    outer loop
      vertex 65.55 28 0
      vertex 53.4915 50.0563 0
      vertex 53.7324 50.2676 0
    endloop
  endfacet
  facet normal 0 0 -1
    outer loop
      vertex 52 6.45 0
      vertex 65.55 20 0
      vertex 52.3198 6.42904 0
    endloop
  endfacet
  facet normal 0 0 -1
    outer loop
      vertex 65.55 28 0
      vertex 53.225 49.8782 0
      vertex 53.4915 50.0563 0
    endloop
  endfacet
  facet normal -0 0 -1
    outer loop
      vertex 65.55 20 0
      vertex 52 6.45 0
      vertex 65.571 20.3198 0
    endloop
  endfacet
  facet normal 0 0 -1
    outer loop
      vertex 65.55 28 0
      vertex 52.9376 49.7365 0
      vertex 53.225 49.8782 0
    endloop
  endfacet
  facet normal 0 0 -1
    outer loop
      vertex 51.6802 6.42904 0
      vertex 65.571 20.3198 0
      vertex 52 6.45 0
    endloop
  endfacet
  facet normal 0 0 -1
    outer loop
      vertex 65.55 28 0
      vertex 52.6341 49.6335 0
      vertex 52.9376 49.7365 0
    endloop
  endfacet
  facet normal -0 0 -1
    outer loop
      vertex 65.571 20.3198 0
      vertex 51.6802 6.42904 0
      vertex 65.571 27.6802 0
    endloop
  endfacet
  facet normal 0 0 -1
    outer loop
      vertex 65.55 28 0
      vertex 52.3198 49.571 0
      vertex 52.6341 49.6335 0
    endloop
  endfacet
  facet normal 0 0 -1
    outer loop
      vertex 51.3659 6.36652 0
      vertex 65.571 27.6802 0
      vertex 51.6802 6.42904 0
    endloop
  endfacet
  facet normal 0 0 -1
    outer loop
      vertex 65.55 28 0
      vertex 52 49.55 0
      vertex 52.3198 49.571 0
    endloop
  endfacet
  facet normal -0 0 -1
    outer loop
      vertex 65.571 27.6802 0
      vertex 51.3659 6.36652 0
      vertex 65.55 28 0
    endloop
  endfacet
  facet normal 0 0 -1
    outer loop
      vertex 65.55 28 0
      vertex 51.6802 49.571 0
      vertex 52 49.55 0
    endloop
  endfacet
  facet normal 0 0 -1
    outer loop
      vertex 51.0624 6.2635 0
      vertex 65.55 28 0
      vertex 51.3659 6.36652 0
    endloop
  endfacet
  facet normal 0 0 -1
    outer loop
      vertex 65.55 28 0
      vertex 51.3659 49.6335 0
      vertex 51.6802 49.571 0
    endloop
  endfacet
  facet normal 0 0 -1
    outer loop
      vertex 50.2676 5.73241 0
      vertex 45.7324 5.73241 0
      vertex 50.5085 5.94372 0
    endloop
  endfacet
  facet normal 0 0 -1
    outer loop
      vertex 65.55 28 0
      vertex 51.0624 49.7365 0
      vertex 51.3659 49.6335 0
    endloop
  endfacet
  facet normal 0 0 -1
    outer loop
      vertex 50.0563 5.49146 0
      vertex 45.9437 5.49146 0
      vertex 50.2676 5.73241 0
    endloop
  endfacet
  facet normal 0 0 -1
    outer loop
      vertex 45.7324 5.73241 0
      vertex 50.2676 5.73241 0
      vertex 45.9437 5.49146 0
    endloop
  endfacet
  facet normal 0 0 -1
    outer loop
      vertex 46.1218 5.225 0
      vertex 49.8782 5.225 0
      vertex 46.2635 4.93757 0
    endloop
  endfacet
  facet normal 0 0 -1
    outer loop
      vertex 49.8782 5.225 0
      vertex 46.1218 5.225 0
      vertex 50.0563 5.49146 0
    endloop
  endfacet
  facet normal 0 0 -1
    outer loop
      vertex 49.7365 4.93757 0
      vertex 46.2635 4.93757 0
      vertex 49.8782 5.225 0
    endloop
  endfacet
  facet normal 0 0 -1
    outer loop
      vertex 45.9437 5.49146 0
      vertex 50.0563 5.49146 0
      vertex 46.1218 5.225 0
    endloop
  endfacet
  facet normal 0 0 -1
    outer loop
      vertex 46.2635 4.93757 0
      vertex 49.7365 4.93757 0
      vertex 46.3665 4.63411 0
    endloop
  endfacet
  facet normal 0 0 -1
    outer loop
      vertex 50.775 49.8782 0
      vertex 46.45 52 0
      vertex 50.5085 50.0563 0
    endloop
  endfacet
  facet normal 0 0 -1
    outer loop
      vertex 49.6335 4.63411 0
      vertex 46.3665 4.63411 0
      vertex 49.7365 4.93757 0
    endloop
  endfacet
  facet normal 0 0 -1
    outer loop
      vertex 50.5085 50.0563 0
      vertex 46.45 52 0
      vertex 50.2676 50.2676 0
    endloop
  endfacet
  facet normal 0 0 -1
    outer loop
      vertex 46.3665 4.63411 0
      vertex 49.6335 4.63411 0
      vertex 46.429 4.31979 0
    endloop
  endfacet
  facet normal 0 0 -1
    outer loop
      vertex 50.2676 50.2676 0
      vertex 46.45 52 0
      vertex 50.0563 50.5085 0
    endloop
  endfacet
  facet normal 0 0 -1
    outer loop
      vertex 49.571 4.31979 0
      vertex 46.429 4.31979 0
      vertex 49.6335 4.63411 0
    endloop
  endfacet
  facet normal 0 0 -1
    outer loop
      vertex 50.0563 50.5085 0
      vertex 46.45 52 0
      vertex 49.8782 50.775 0
    endloop
  endfacet
  facet normal 0 0 -1
    outer loop
      vertex 46.429 4.31979 0
      vertex 49.571 4.31979 0
      vertex 46.45 4 0
    endloop
  endfacet
  facet normal 0 0 -1
    outer loop
      vertex 49.8782 50.775 0
      vertex 46.45 52 0
      vertex 49.7365 51.0624 0
    endloop
  endfacet
  facet normal 0 0 -1
    outer loop
      vertex 46.45 4 0
      vertex 49.571 4.31979 0
      vertex 49.55 4 0
    endloop
  endfacet
  facet normal 0 0 -1
    outer loop
      vertex 49.7365 51.0624 0
      vertex 46.45 52 0
      vertex 49.6335 51.3659 0
    endloop
  endfacet
  facet normal -0 0 -1
    outer loop
      vertex 63.929 7.32183 0
      vertex 60.6341 6.36652 0
      vertex 64.0454 7.45459 0
    endloop
  endfacet
  facet normal 0 0 -1
    outer loop
      vertex 65.55 28 0
      vertex 62.429 51.6802 0
      vertex 62.45 52 0
    endloop
  endfacet
  facet normal 0 0 -1
    outer loop
      vertex 60.3198 6.42904 0
      vertex 64.0454 7.45459 0
      vertex 60.6341 6.36652 0
    endloop
  endfacet
  facet normal 0 0 -1
    outer loop
      vertex 65.55 28 0
      vertex 62.3665 51.3659 0
      vertex 62.429 51.6802 0
    endloop
  endfacet
  facet normal -0 0 -1
    outer loop
      vertex 64.0454 7.45459 0
      vertex 60.3198 6.42904 0
      vertex 65.571 11.6802 0
    endloop
  endfacet
  facet normal 0 0 -1
    outer loop
      vertex 65.55 28 0
      vertex 62.2635 51.0624 0
      vertex 62.3665 51.3659 0
    endloop
  endfacet
  facet normal -0 0 -1
    outer loop
      vertex 65.571 11.6802 0
      vertex 60.3198 6.42904 0
      vertex 65.55 12 0
    endloop
  endfacet
  facet normal 0 0 -1
    outer loop
      vertex 65.55 28 0
      vertex 62.1218 50.775 0
      vertex 62.2635 51.0624 0
    endloop
  endfacet
  facet normal 0 0 -1
    outer loop
      vertex 60 6.45 0
      vertex 65.55 12 0
      vertex 60.3198 6.42904 0
    endloop
  endfacet
  facet normal 0 0 -1
    outer loop
      vertex 65.55 28 0
      vertex 61.9437 50.5085 0
      vertex 62.1218 50.775 0
    endloop
  endfacet
  facet normal -0 0 -1
    outer loop
      vertex 65.55 12 0
      vertex 60 6.45 0
      vertex 65.571 12.3198 0
    endloop
  endfacet
  facet normal 0 0 -1
    outer loop
      vertex 65.55 28 0
      vertex 61.7324 50.2676 0
      vertex 61.9437 50.5085 0
    endloop
  endfacet
  facet normal 0 0 -1
    outer loop
      vertex 59.6802 6.42904 0
      vertex 65.571 12.3198 0
      vertex 60 6.45 0
    endloop
  endfacet
  facet normal 0 0 -1
    outer loop
      vertex 65.55 28 0
      vertex 61.4915 50.0563 0
      vertex 61.7324 50.2676 0
    endloop
  endfacet
  facet normal -0 0 -1
    outer loop
      vertex 65.571 12.3198 0
      vertex 59.6802 6.42904 0
      vertex 65.6335 12.6341 0
    endloop
  endfacet
  facet normal 0 0 -1
    outer loop
      vertex 65.55 28 0
      vertex 61.225 49.8782 0
      vertex 61.4915 50.0563 0
    endloop
  endfacet
  facet normal 0 0 -1
    outer loop
      vertex 59.3659 6.36652 0
      vertex 65.6335 12.6341 0
      vertex 59.6802 6.42904 0
    endloop
  endfacet
  facet normal 0 0 -1
    outer loop
      vertex 65.55 28 0
      vertex 60.9376 49.7365 0
      vertex 61.225 49.8782 0
    endloop
  endfacet
  facet normal -0 0 -1
    outer loop
      vertex 65.6335 12.6341 0
      vertex 59.3659 6.36652 0
      vertex 65.6335 19.3659 0
    endloop
  endfacet
  facet normal 0 0 -1
    outer loop
      vertex 65.55 28 0
      vertex 60.6341 49.6335 0
      vertex 60.9376 49.7365 0
    endloop
  endfacet
  facet normal 0 0 -1
    outer loop
      vertex 59.0624 6.2635 0
      vertex 65.6335 19.3659 0
      vertex 59.3659 6.36652 0
    endloop
  endfacet
  facet normal 0 0 -1
    outer loop
      vertex 65.55 28 0
      vertex 60.3198 49.571 0
      vertex 60.6341 49.6335 0
    endloop
  endfacet
  facet normal 0 0 -1
    outer loop
      vertex 53.4915 5.94372 0
      vertex 58.5085 5.94372 0
      vertex 53.7324 5.73241 0
    endloop
  endfacet
  facet normal 0 0 -1
    outer loop
      vertex 65.55 28 0
      vertex 60 49.55 0
      vertex 60.3198 49.571 0
    endloop
  endfacet
  facet normal 0 0 -1
    outer loop
      vertex 58.2676 5.73241 0
      vertex 53.7324 5.73241 0
      vertex 58.5085 5.94372 0
    endloop
  endfacet
  facet normal 0 0 -1
    outer loop
      vertex 65.55 28 0
      vertex 59.6802 49.571 0
      vertex 60 49.55 0
    endloop
  endfacet
  facet normal 0 0 -1
    outer loop
      vertex 53.9437 5.49146 0
      vertex 58.0563 5.49146 0
      vertex 54.1218 5.225 0
    endloop
  endfacet
  facet normal 0 0 -1
    outer loop
      vertex 65.55 28 0
      vertex 59.3659 49.6335 0
      vertex 59.6802 49.571 0
    endloop
  endfacet
  facet normal 0 0 -1
    outer loop
      vertex 57.8782 5.225 0
      vertex 54.1218 5.225 0
      vertex 58.0563 5.49146 0
    endloop
  endfacet
  facet normal 0 0 -1
    outer loop
      vertex 65.55 28 0
      vertex 59.0624 49.7365 0
      vertex 59.3659 49.6335 0
    endloop
  endfacet
  facet normal 0 0 -1
    outer loop
      vertex 58.0563 5.49146 0
      vertex 53.9437 5.49146 0
      vertex 58.2676 5.73241 0
    endloop
  endfacet
  facet normal 0 0 -1
    outer loop
      vertex 65.55 28 0
      vertex 58.775 49.8782 0
      vertex 59.0624 49.7365 0
    endloop
  endfacet
  facet normal 0 0 -1
    outer loop
      vertex 54.1218 5.225 0
      vertex 57.8782 5.225 0
      vertex 54.2635 4.93757 0
    endloop
  endfacet
  facet normal 0 0 -1
    outer loop
      vertex 53.225 6.12176 0
      vertex 58.775 6.12176 0
      vertex 53.4915 5.94372 0
    endloop
  endfacet
  facet normal 0 0 -1
    outer loop
      vertex 57.7365 4.93757 0
      vertex 54.2635 4.93757 0
      vertex 57.8782 5.225 0
    endloop
  endfacet
  facet normal 0 0 -1
    outer loop
      vertex 65.55 28 0
      vertex 54.45 52 0
      vertex 58.775 49.8782 0
    endloop
  endfacet
  facet normal 0 0 -1
    outer loop
      vertex 54.2635 4.93757 0
      vertex 57.7365 4.93757 0
      vertex 54.3665 4.63411 0
    endloop
  endfacet
  facet normal 0 0 -1
    outer loop
      vertex 58.775 49.8782 0
      vertex 54.45 52 0
      vertex 58.5085 50.0563 0
    endloop
  endfacet
  facet normal 0 0 -1
    outer loop
      vertex 57.6335 4.63411 0
      vertex 54.3665 4.63411 0
      vertex 57.7365 4.93757 0
    endloop
  endfacet
  facet normal 0 0 -1
    outer loop
      vertex 58.5085 50.0563 0
      vertex 54.45 52 0
      vertex 58.2676 50.2676 0
    endloop
  endfacet
  facet normal 0 0 -1
    outer loop
      vertex 54.3665 4.63411 0
      vertex 57.6335 4.63411 0
      vertex 54.429 4.31979 0
    endloop
  endfacet
  facet normal 0 0 -1
    outer loop
      vertex 58.2676 50.2676 0
      vertex 54.45 52 0
      vertex 58.0563 50.5085 0
    endloop
  endfacet
  facet normal 0 0 -1
    outer loop
      vertex 57.571 4.31979 0
      vertex 54.429 4.31979 0
      vertex 57.6335 4.63411 0
    endloop
  endfacet
  facet normal 0 0 -1
    outer loop
      vertex 58.0563 50.5085 0
      vertex 54.45 52 0
      vertex 57.8782 50.775 0
    endloop
  endfacet
  facet normal 0 0 -1
    outer loop
      vertex 54.429 4.31979 0
      vertex 57.571 4.31979 0
      vertex 54.45 4 0
    endloop
  endfacet
  facet normal 0 0 -1
    outer loop
      vertex 57.8782 50.775 0
      vertex 54.45 52 0
      vertex 57.7365 51.0624 0
    endloop
  endfacet
  facet normal 0 0 -1
    outer loop
      vertex 54.45 4 0
      vertex 57.571 4.31979 0
      vertex 57.55 4 0
    endloop
  endfacet
  facet normal 0 0 -1
    outer loop
      vertex 57.7365 51.0624 0
      vertex 54.45 52 0
      vertex 57.6335 51.3659 0
    endloop
  endfacet
  facet normal 0 0 -1
    outer loop
      vertex 61.9437 53.4915 0
      vertex 63.929 54.6782 0
      vertex 62.1218 53.225 0
    endloop
  endfacet
  facet normal -0 0 -1
    outer loop
      vertex 63.929 54.6782 0
      vertex 61.9437 53.4915 0
      vertex 63.8309 54.825 0
    endloop
  endfacet
  facet normal -0 0 -1
    outer loop
      vertex 63.8309 54.825 0
      vertex 61.9437 53.4915 0
      vertex 63.7528 54.9834 0
    endloop
  endfacet
  facet normal 0 0 -1
    outer loop
      vertex 61.7324 53.7324 0
      vertex 63.7528 54.9834 0
      vertex 61.9437 53.4915 0
    endloop
  endfacet
  facet normal -0 0 -1
    outer loop
      vertex 63.7528 54.9834 0
      vertex 61.7324 53.7324 0
      vertex 63.696 55.1506 0
    endloop
  endfacet
  facet normal 0 0 -1
    outer loop
      vertex 61.4915 53.9437 0
      vertex 63.696 55.1506 0
      vertex 61.7324 53.7324 0
    endloop
  endfacet
  facet normal -0 0 -1
    outer loop
      vertex 63.696 55.1506 0
      vertex 61.4915 53.9437 0
      vertex 63.6615 55.3238 0
    endloop
  endfacet
  facet normal 0 0 -1
    outer loop
      vertex 61.225 54.1218 0
      vertex 63.6615 55.3238 0
      vertex 61.4915 53.9437 0
    endloop
  endfacet
  facet normal -0 0 -1
    outer loop
      vertex 63.6615 55.3238 0
      vertex 61.225 54.1218 0
      vertex 63.65 55.5 0
    endloop
  endfacet
  facet normal -0 0 -1
    outer loop
      vertex 63.65 55.5 0
      vertex 61.225 54.1218 0
      vertex 63.6615 55.6762 0
    endloop
  endfacet
  facet normal 0 0 -1
    outer loop
      vertex 60.9376 54.2635 0
      vertex 63.6615 55.6762 0
      vertex 61.225 54.1218 0
    endloop
  endfacet
  facet normal -0 0 -1
    outer loop
      vertex 63.6615 55.6762 0
      vertex 60.9376 54.2635 0
      vertex 63.696 55.8494 0
    endloop
  endfacet
  facet normal 0 0 -1
    outer loop
      vertex 60.6341 54.3665 0
      vertex 63.696 55.8494 0
      vertex 60.9376 54.2635 0
    endloop
  endfacet
  facet normal -0 0 -1
    outer loop
      vertex 63.696 55.8494 0
      vertex 60.6341 54.3665 0
      vertex 63.7471 56 0
    endloop
  endfacet
  facet normal 0 0 -1
    outer loop
      vertex 60.3198 54.429 0
      vertex 63.7471 56 0
      vertex 60.6341 54.3665 0
    endloop
  endfacet
  facet normal 0 0 -1
    outer loop
      vertex 60 54.45 0
      vertex 63.7471 56 0
      vertex 60.3198 54.429 0
    endloop
  endfacet
  facet normal 0 0 -1
    outer loop
      vertex 59.6802 54.429 0
      vertex 63.7471 56 0
      vertex 60 54.45 0
    endloop
  endfacet
  facet normal 0 0 -1
    outer loop
      vertex 59.3659 54.3665 0
      vertex 63.7471 56 0
      vertex 59.6802 54.429 0
    endloop
  endfacet
  facet normal 0 0 -1
    outer loop
      vertex 52.6341 54.3665 0
      vertex 59.3659 54.3665 0
      vertex 59.0624 54.2635 0
    endloop
  endfacet
  facet normal 0 0 -1
    outer loop
      vertex 57.571 51.6802 0
      vertex 54.45 52 0
      vertex 57.55 52 0
    endloop
  endfacet
  facet normal 0 0 -1
    outer loop
      vertex 54.45 52 0
      vertex 57.571 52.3198 0
      vertex 57.55 52 0
    endloop
  endfacet
  facet normal 0 0 -1
    outer loop
      vertex 54.429 52.3198 0
      vertex 57.571 52.3198 0
      vertex 54.45 52 0
    endloop
  endfacet
  facet normal 0 0 -1
    outer loop
      vertex 57.571 52.3198 0
      vertex 54.429 52.3198 0
      vertex 57.6335 52.6341 0
    endloop
  endfacet
  facet normal 0 0 -1
    outer loop
      vertex 54.3665 52.6341 0
      vertex 57.6335 52.6341 0
      vertex 54.429 52.3198 0
    endloop
  endfacet
  facet normal 0 0 -1
    outer loop
      vertex 57.6335 52.6341 0
      vertex 54.3665 52.6341 0
      vertex 57.7365 52.9376 0
    endloop
  endfacet
  facet normal 0 0 -1
    outer loop
      vertex 54.2635 52.9376 0
      vertex 57.7365 52.9376 0
      vertex 54.3665 52.6341 0
    endloop
  endfacet
  facet normal 0 0 -1
    outer loop
      vertex 57.7365 52.9376 0
      vertex 54.2635 52.9376 0
      vertex 57.8782 53.225 0
    endloop
  endfacet
  facet normal 0 0 -1
    outer loop
      vertex 54.1218 53.225 0
      vertex 57.8782 53.225 0
      vertex 54.2635 52.9376 0
    endloop
  endfacet
  facet normal 0 0 -1
    outer loop
      vertex 57.8782 53.225 0
      vertex 54.1218 53.225 0
      vertex 58.0563 53.4915 0
    endloop
  endfacet
  facet normal 0 0 -1
    outer loop
      vertex 53.9437 53.4915 0
      vertex 58.0563 53.4915 0
      vertex 54.1218 53.225 0
    endloop
  endfacet
  facet normal 0 0 -1
    outer loop
      vertex 58.0563 53.4915 0
      vertex 53.9437 53.4915 0
      vertex 58.2676 53.7324 0
    endloop
  endfacet
  facet normal 0 0 -1
    outer loop
      vertex 53.7324 53.7324 0
      vertex 58.2676 53.7324 0
      vertex 53.9437 53.4915 0
    endloop
  endfacet
  facet normal 0 0 -1
    outer loop
      vertex 58.2676 53.7324 0
      vertex 53.7324 53.7324 0
      vertex 58.5085 53.9437 0
    endloop
  endfacet
  facet normal 0 0 -1
    outer loop
      vertex 53.4915 53.9437 0
      vertex 58.5085 53.9437 0
      vertex 53.7324 53.7324 0
    endloop
  endfacet
  facet normal 0 0 -1
    outer loop
      vertex 58.5085 53.9437 0
      vertex 53.4915 53.9437 0
      vertex 58.775 54.1218 0
    endloop
  endfacet
  facet normal 0 0 -1
    outer loop
      vertex 53.225 54.1218 0
      vertex 58.775 54.1218 0
      vertex 53.4915 53.9437 0
    endloop
  endfacet
  facet normal 0 0 -1
    outer loop
      vertex 58.775 54.1218 0
      vertex 53.225 54.1218 0
      vertex 59.0624 54.2635 0
    endloop
  endfacet
  facet normal 0 0 -1
    outer loop
      vertex 52.9376 54.2635 0
      vertex 59.0624 54.2635 0
      vertex 53.225 54.1218 0
    endloop
  endfacet
  facet normal 0 0 -1
    outer loop
      vertex 52.6341 54.3665 0
      vertex 59.0624 54.2635 0
      vertex 52.9376 54.2635 0
    endloop
  endfacet
  facet normal 0 0 -1
    outer loop
      vertex 59.3659 54.3665 0
      vertex 52.6341 54.3665 0
      vertex 63.7471 56 0
    endloop
  endfacet
  facet normal 0 0 -1
    outer loop
      vertex 52.3198 54.429 0
      vertex 63.7471 56 0
      vertex 52.6341 54.3665 0
    endloop
  endfacet
  facet normal 0 0 -1
    outer loop
      vertex 52 54.45 0
      vertex 63.7471 56 0
      vertex 52.3198 54.429 0
    endloop
  endfacet
  facet normal 0 0 -1
    outer loop
      vertex 44 54.45 0
      vertex 52 54.45 0
      vertex 51.6802 54.429 0
    endloop
  endfacet
  facet normal 0 0 -1
    outer loop
      vertex 49.571 51.6802 0
      vertex 46.45 52 0
      vertex 49.55 52 0
    endloop
  endfacet
  facet normal 0 0 -1
    outer loop
      vertex 46.45 52 0
      vertex 49.571 52.3198 0
      vertex 49.55 52 0
    endloop
  endfacet
  facet normal 0 0 -1
    outer loop
      vertex 46.429 52.3198 0
      vertex 49.571 52.3198 0
      vertex 46.45 52 0
    endloop
  endfacet
  facet normal 0 0 -1
    outer loop
      vertex 49.571 52.3198 0
      vertex 46.429 52.3198 0
      vertex 49.6335 52.6341 0
    endloop
  endfacet
  facet normal 0 0 -1
    outer loop
      vertex 46.3665 52.6341 0
      vertex 49.6335 52.6341 0
      vertex 46.429 52.3198 0
    endloop
  endfacet
  facet normal 0 0 -1
    outer loop
      vertex 49.6335 52.6341 0
      vertex 46.3665 52.6341 0
      vertex 49.7365 52.9376 0
    endloop
  endfacet
  facet normal 0 0 -1
    outer loop
      vertex 46.2635 52.9376 0
      vertex 49.7365 52.9376 0
      vertex 46.3665 52.6341 0
    endloop
  endfacet
  facet normal 0 0 -1
    outer loop
      vertex 49.7365 52.9376 0
      vertex 46.2635 52.9376 0
      vertex 49.8782 53.225 0
    endloop
  endfacet
  facet normal 0 0 -1
    outer loop
      vertex 46.1218 53.225 0
      vertex 49.8782 53.225 0
      vertex 46.2635 52.9376 0
    endloop
  endfacet
  facet normal 0 0 -1
    outer loop
      vertex 49.8782 53.225 0
      vertex 46.1218 53.225 0
      vertex 50.0563 53.4915 0
    endloop
  endfacet
  facet normal 0 0 -1
    outer loop
      vertex 45.9437 53.4915 0
      vertex 50.0563 53.4915 0
      vertex 46.1218 53.225 0
    endloop
  endfacet
  facet normal 0 0 -1
    outer loop
      vertex 50.0563 53.4915 0
      vertex 45.9437 53.4915 0
      vertex 50.2676 53.7324 0
    endloop
  endfacet
  facet normal 0 0 -1
    outer loop
      vertex 45.7324 53.7324 0
      vertex 50.2676 53.7324 0
      vertex 45.9437 53.4915 0
    endloop
  endfacet
  facet normal 0 0 -1
    outer loop
      vertex 50.2676 53.7324 0
      vertex 45.7324 53.7324 0
      vertex 50.5085 53.9437 0
    endloop
  endfacet
  facet normal 0 0 -1
    outer loop
      vertex 45.4915 53.9437 0
      vertex 50.5085 53.9437 0
      vertex 45.7324 53.7324 0
    endloop
  endfacet
  facet normal 0 0 -1
    outer loop
      vertex 50.5085 53.9437 0
      vertex 45.4915 53.9437 0
      vertex 50.775 54.1218 0
    endloop
  endfacet
  facet normal 0 0 -1
    outer loop
      vertex 45.225 54.1218 0
      vertex 50.775 54.1218 0
      vertex 45.4915 53.9437 0
    endloop
  endfacet
  facet normal 0 0 -1
    outer loop
      vertex 50.775 54.1218 0
      vertex 45.225 54.1218 0
      vertex 51.0624 54.2635 0
    endloop
  endfacet
  facet normal 0 0 -1
    outer loop
      vertex 44.9376 54.2635 0
      vertex 51.0624 54.2635 0
      vertex 45.225 54.1218 0
    endloop
  endfacet
  facet normal 0 0 -1
    outer loop
      vertex 51.0624 54.2635 0
      vertex 44.9376 54.2635 0
      vertex 51.3659 54.3665 0
    endloop
  endfacet
  facet normal 0 0 -1
    outer loop
      vertex 44.6341 54.3665 0
      vertex 51.3659 54.3665 0
      vertex 44.9376 54.2635 0
    endloop
  endfacet
  facet normal 0 0 -1
    outer loop
      vertex 51.3659 54.3665 0
      vertex 44.6341 54.3665 0
      vertex 51.6802 54.429 0
    endloop
  endfacet
  facet normal 0 0 -1
    outer loop
      vertex 44.3198 54.429 0
      vertex 51.6802 54.429 0
      vertex 44.6341 54.3665 0
    endloop
  endfacet
  facet normal 0 0 -1
    outer loop
      vertex 44 54.45 0
      vertex 51.6802 54.429 0
      vertex 44.3198 54.429 0
    endloop
  endfacet
  facet normal 0 0 -1
    outer loop
      vertex 52 54.45 0
      vertex 44 54.45 0
      vertex 63.7471 56 0
    endloop
  endfacet
  facet normal 0 0 -1
    outer loop
      vertex 36 54.45 0
      vertex 44 54.45 0
      vertex 43.6802 54.429 0
    endloop
  endfacet
  facet normal 0 0 -1
    outer loop
      vertex 41.571 51.6802 0
      vertex 38.45 52 0
      vertex 41.55 52 0
    endloop
  endfacet
  facet normal 0 0 -1
    outer loop
      vertex 38.45 52 0
      vertex 41.571 52.3198 0
      vertex 41.55 52 0
    endloop
  endfacet
  facet normal 0 0 -1
    outer loop
      vertex 38.429 52.3198 0
      vertex 41.571 52.3198 0
      vertex 38.45 52 0
    endloop
  endfacet
  facet normal 0 0 -1
    outer loop
      vertex 41.571 52.3198 0
      vertex 38.429 52.3198 0
      vertex 41.6335 52.6341 0
    endloop
  endfacet
  facet normal 0 0 -1
    outer loop
      vertex 38.3665 52.6341 0
      vertex 41.6335 52.6341 0
      vertex 38.429 52.3198 0
    endloop
  endfacet
  facet normal 0 0 -1
    outer loop
      vertex 41.6335 52.6341 0
      vertex 38.3665 52.6341 0
      vertex 41.7365 52.9376 0
    endloop
  endfacet
  facet normal 0 0 -1
    outer loop
      vertex 38.2635 52.9376 0
      vertex 41.7365 52.9376 0
      vertex 38.3665 52.6341 0
    endloop
  endfacet
  facet normal 0 0 -1
    outer loop
      vertex 41.7365 52.9376 0
      vertex 38.2635 52.9376 0
      vertex 41.8782 53.225 0
    endloop
  endfacet
  facet normal 0 0 -1
    outer loop
      vertex 38.1218 53.225 0
      vertex 41.8782 53.225 0
      vertex 38.2635 52.9376 0
    endloop
  endfacet
  facet normal 0 0 -1
    outer loop
      vertex 41.8782 53.225 0
      vertex 38.1218 53.225 0
      vertex 42.0563 53.4915 0
    endloop
  endfacet
  facet normal 0 0 -1
    outer loop
      vertex 37.9437 53.4915 0
      vertex 42.0563 53.4915 0
      vertex 38.1218 53.225 0
    endloop
  endfacet
  facet normal 0 0 -1
    outer loop
      vertex 42.0563 53.4915 0
      vertex 37.9437 53.4915 0
      vertex 42.2676 53.7324 0
    endloop
  endfacet
  facet normal 0 0 -1
    outer loop
      vertex 37.7324 53.7324 0
      vertex 42.2676 53.7324 0
      vertex 37.9437 53.4915 0
    endloop
  endfacet
  facet normal 0 0 -1
    outer loop
      vertex 42.2676 53.7324 0
      vertex 37.7324 53.7324 0
      vertex 42.5085 53.9437 0
    endloop
  endfacet
  facet normal 0 0 -1
    outer loop
      vertex 37.4915 53.9437 0
      vertex 42.5085 53.9437 0
      vertex 37.7324 53.7324 0
    endloop
  endfacet
  facet normal 0 0 -1
    outer loop
      vertex 42.5085 53.9437 0
      vertex 37.4915 53.9437 0
      vertex 42.775 54.1218 0
    endloop
  endfacet
  facet normal 0 0 -1
    outer loop
      vertex 37.225 54.1218 0
      vertex 42.775 54.1218 0
      vertex 37.4915 53.9437 0
    endloop
  endfacet
  facet normal 0 0 -1
    outer loop
      vertex 42.775 54.1218 0
      vertex 37.225 54.1218 0
      vertex 43.0624 54.2635 0
    endloop
  endfacet
  facet normal 0 0 -1
    outer loop
      vertex 36.9376 54.2635 0
      vertex 43.0624 54.2635 0
      vertex 37.225 54.1218 0
    endloop
  endfacet
  facet normal 0 0 -1
    outer loop
      vertex 43.0624 54.2635 0
      vertex 36.9376 54.2635 0
      vertex 43.3659 54.3665 0
    endloop
  endfacet
  facet normal 0 0 -1
    outer loop
      vertex 36.6341 54.3665 0
      vertex 43.3659 54.3665 0
      vertex 36.9376 54.2635 0
    endloop
  endfacet
  facet normal 0 0 -1
    outer loop
      vertex 43.3659 54.3665 0
      vertex 36.6341 54.3665 0
      vertex 43.6802 54.429 0
    endloop
  endfacet
  facet normal 0 0 -1
    outer loop
      vertex 36.3198 54.429 0
      vertex 43.6802 54.429 0
      vertex 36.6341 54.3665 0
    endloop
  endfacet
  facet normal 0 0 -1
    outer loop
      vertex 36 54.45 0
      vertex 43.6802 54.429 0
      vertex 36.3198 54.429 0
    endloop
  endfacet
  facet normal 0 0 -1
    outer loop
      vertex 44 54.45 0
      vertex 36 54.45 0
      vertex 63.7471 56 0
    endloop
  endfacet
  facet normal 0 0 -1
    outer loop
      vertex 33.571 51.6802 0
      vertex 30.45 52 0
      vertex 33.55 52 0
    endloop
  endfacet
  facet normal 0 0 -1
    outer loop
      vertex 30.45 52 0
      vertex 33.571 52.3198 0
      vertex 33.55 52 0
    endloop
  endfacet
  facet normal 0 0 -1
    outer loop
      vertex 30.429 52.3198 0
      vertex 33.571 52.3198 0
      vertex 30.45 52 0
    endloop
  endfacet
  facet normal 0 0 -1
    outer loop
      vertex 33.571 52.3198 0
      vertex 30.429 52.3198 0
      vertex 33.6335 52.6341 0
    endloop
  endfacet
  facet normal 0 0 -1
    outer loop
      vertex 30.3665 52.6341 0
      vertex 33.6335 52.6341 0
      vertex 30.429 52.3198 0
    endloop
  endfacet
  facet normal 0 0 -1
    outer loop
      vertex 33.6335 52.6341 0
      vertex 30.3665 52.6341 0
      vertex 33.7365 52.9376 0
    endloop
  endfacet
  facet normal 0 0 -1
    outer loop
      vertex 30.2635 52.9376 0
      vertex 33.7365 52.9376 0
      vertex 30.3665 52.6341 0
    endloop
  endfacet
  facet normal 0 0 -1
    outer loop
      vertex 33.7365 52.9376 0
      vertex 30.2635 52.9376 0
      vertex 33.8782 53.225 0
    endloop
  endfacet
  facet normal 0 0 -1
    outer loop
      vertex 30.1218 53.225 0
      vertex 33.8782 53.225 0
      vertex 30.2635 52.9376 0
    endloop
  endfacet
  facet normal 0 0 -1
    outer loop
      vertex 33.8782 53.225 0
      vertex 30.1218 53.225 0
      vertex 34.0563 53.4915 0
    endloop
  endfacet
  facet normal 0 0 -1
    outer loop
      vertex 29.9437 53.4915 0
      vertex 34.0563 53.4915 0
      vertex 30.1218 53.225 0
    endloop
  endfacet
  facet normal 0 0 -1
    outer loop
      vertex 34.0563 53.4915 0
      vertex 29.9437 53.4915 0
      vertex 34.2676 53.7324 0
    endloop
  endfacet
  facet normal 0 0 -1
    outer loop
      vertex 29.7324 53.7324 0
      vertex 34.2676 53.7324 0
      vertex 29.9437 53.4915 0
    endloop
  endfacet
  facet normal 0 0 -1
    outer loop
      vertex 34.2676 53.7324 0
      vertex 29.7324 53.7324 0
      vertex 34.5085 53.9437 0
    endloop
  endfacet
  facet normal 0 0 -1
    outer loop
      vertex 29.4915 53.9437 0
      vertex 34.5085 53.9437 0
      vertex 29.7324 53.7324 0
    endloop
  endfacet
  facet normal 0 0 -1
    outer loop
      vertex 34.5085 53.9437 0
      vertex 29.4915 53.9437 0
      vertex 34.775 54.1218 0
    endloop
  endfacet
  facet normal 0 0 -1
    outer loop
      vertex 29.225 54.1218 0
      vertex 34.775 54.1218 0
      vertex 29.4915 53.9437 0
    endloop
  endfacet
  facet normal 0 0 -1
    outer loop
      vertex 34.775 54.1218 0
      vertex 29.225 54.1218 0
      vertex 35.0624 54.2635 0
    endloop
  endfacet
  facet normal 0 0 -1
    outer loop
      vertex 28.9376 54.2635 0
      vertex 35.0624 54.2635 0
      vertex 29.225 54.1218 0
    endloop
  endfacet
  facet normal 0 0 -1
    outer loop
      vertex 35.0624 54.2635 0
      vertex 28.9376 54.2635 0
      vertex 35.3659 54.3665 0
    endloop
  endfacet
  facet normal 0 0 -1
    outer loop
      vertex 28.6341 54.3665 0
      vertex 35.3659 54.3665 0
      vertex 28.9376 54.2635 0
    endloop
  endfacet
  facet normal 0 0 -1
    outer loop
      vertex 35.3659 54.3665 0
      vertex 28.6341 54.3665 0
      vertex 35.6802 54.429 0
    endloop
  endfacet
  facet normal 0 0 -1
    outer loop
      vertex 28.3198 54.429 0
      vertex 35.6802 54.429 0
      vertex 28.6341 54.3665 0
    endloop
  endfacet
  facet normal 0 0 -1
    outer loop
      vertex 35.6802 54.429 0
      vertex 28.3198 54.429 0
      vertex 36 54.45 0
    endloop
  endfacet
  facet normal 0 0 -1
    outer loop
      vertex 28 54.45 0
      vertex 36 54.45 0
      vertex 28.3198 54.429 0
    endloop
  endfacet
  facet normal 0 0 -1
    outer loop
      vertex 8.25288 56 0
      vertex 36 54.45 0
      vertex 28 54.45 0
    endloop
  endfacet
  facet normal 0 0 -1
    outer loop
      vertex 25.571 51.6802 0
      vertex 22.45 52 0
      vertex 25.55 52 0
    endloop
  endfacet
  facet normal 0 0 -1
    outer loop
      vertex 22.45 52 0
      vertex 25.571 52.3198 0
      vertex 25.55 52 0
    endloop
  endfacet
  facet normal 0 0 -1
    outer loop
      vertex 22.429 52.3198 0
      vertex 25.571 52.3198 0
      vertex 22.45 52 0
    endloop
  endfacet
  facet normal 0 0 -1
    outer loop
      vertex 25.571 52.3198 0
      vertex 22.429 52.3198 0
      vertex 25.6335 52.6341 0
    endloop
  endfacet
  facet normal 0 0 -1
    outer loop
      vertex 22.3665 52.6341 0
      vertex 25.6335 52.6341 0
      vertex 22.429 52.3198 0
    endloop
  endfacet
  facet normal 0 0 -1
    outer loop
      vertex 25.6335 52.6341 0
      vertex 22.3665 52.6341 0
      vertex 25.7365 52.9376 0
    endloop
  endfacet
  facet normal 0 0 -1
    outer loop
      vertex 22.2635 52.9376 0
      vertex 25.7365 52.9376 0
      vertex 22.3665 52.6341 0
    endloop
  endfacet
  facet normal 0 0 -1
    outer loop
      vertex 25.7365 52.9376 0
      vertex 22.2635 52.9376 0
      vertex 25.8782 53.225 0
    endloop
  endfacet
  facet normal 0 0 -1
    outer loop
      vertex 22.1218 53.225 0
      vertex 25.8782 53.225 0
      vertex 22.2635 52.9376 0
    endloop
  endfacet
  facet normal 0 0 -1
    outer loop
      vertex 25.8782 53.225 0
      vertex 22.1218 53.225 0
      vertex 26.0563 53.4915 0
    endloop
  endfacet
  facet normal 0 0 -1
    outer loop
      vertex 21.9437 53.4915 0
      vertex 26.0563 53.4915 0
      vertex 22.1218 53.225 0
    endloop
  endfacet
  facet normal 0 0 -1
    outer loop
      vertex 26.0563 53.4915 0
      vertex 21.9437 53.4915 0
      vertex 26.2676 53.7324 0
    endloop
  endfacet
  facet normal 0 0 -1
    outer loop
      vertex 21.7324 53.7324 0
      vertex 26.2676 53.7324 0
      vertex 21.9437 53.4915 0
    endloop
  endfacet
  facet normal 0 0 -1
    outer loop
      vertex 26.2676 53.7324 0
      vertex 21.7324 53.7324 0
      vertex 26.5085 53.9437 0
    endloop
  endfacet
  facet normal 0 0 -1
    outer loop
      vertex 21.4915 53.9437 0
      vertex 26.5085 53.9437 0
      vertex 21.7324 53.7324 0
    endloop
  endfacet
  facet normal 0 0 -1
    outer loop
      vertex 26.5085 53.9437 0
      vertex 21.4915 53.9437 0
      vertex 26.775 54.1218 0
    endloop
  endfacet
  facet normal 0 0 -1
    outer loop
      vertex 21.225 54.1218 0
      vertex 26.775 54.1218 0
      vertex 21.4915 53.9437 0
    endloop
  endfacet
  facet normal 0 0 -1
    outer loop
      vertex 26.775 54.1218 0
      vertex 21.225 54.1218 0
      vertex 27.0624 54.2635 0
    endloop
  endfacet
  facet normal 0 0 -1
    outer loop
      vertex 20.9376 54.2635 0
      vertex 27.0624 54.2635 0
      vertex 21.225 54.1218 0
    endloop
  endfacet
  facet normal 0 0 -1
    outer loop
      vertex 27.0624 54.2635 0
      vertex 20.9376 54.2635 0
      vertex 27.3659 54.3665 0
    endloop
  endfacet
  facet normal 0 0 -1
    outer loop
      vertex 20.6341 54.3665 0
      vertex 27.3659 54.3665 0
      vertex 20.9376 54.2635 0
    endloop
  endfacet
  facet normal 0 0 -1
    outer loop
      vertex 27.3659 54.3665 0
      vertex 20.6341 54.3665 0
      vertex 27.6802 54.429 0
    endloop
  endfacet
  facet normal 0 0 -1
    outer loop
      vertex 20.3198 54.429 0
      vertex 27.6802 54.429 0
      vertex 20.6341 54.3665 0
    endloop
  endfacet
  facet normal 0 0 -1
    outer loop
      vertex 27.6802 54.429 0
      vertex 20.3198 54.429 0
      vertex 28 54.45 0
    endloop
  endfacet
  facet normal 0 0 -1
    outer loop
      vertex 20 54.45 0
      vertex 28 54.45 0
      vertex 20.3198 54.429 0
    endloop
  endfacet
  facet normal 0 0 -1
    outer loop
      vertex 28 54.45 0
      vertex 20 54.45 0
      vertex 8.25288 56 0
    endloop
  endfacet
  facet normal 0 0 -1
    outer loop
      vertex 17.571 51.6802 0
      vertex 14.45 52 0
      vertex 17.55 52 0
    endloop
  endfacet
  facet normal 0 0 -1
    outer loop
      vertex 14.45 52 0
      vertex 17.571 52.3198 0
      vertex 17.55 52 0
    endloop
  endfacet
  facet normal 0 0 -1
    outer loop
      vertex 14.429 52.3198 0
      vertex 17.571 52.3198 0
      vertex 14.45 52 0
    endloop
  endfacet
  facet normal 0 0 -1
    outer loop
      vertex 17.571 52.3198 0
      vertex 14.429 52.3198 0
      vertex 17.6335 52.6341 0
    endloop
  endfacet
  facet normal 0 0 -1
    outer loop
      vertex 14.3665 52.6341 0
      vertex 17.6335 52.6341 0
      vertex 14.429 52.3198 0
    endloop
  endfacet
  facet normal 0 0 -1
    outer loop
      vertex 17.6335 52.6341 0
      vertex 14.3665 52.6341 0
      vertex 17.7365 52.9376 0
    endloop
  endfacet
  facet normal 0 0 -1
    outer loop
      vertex 14.2635 52.9376 0
      vertex 17.7365 52.9376 0
      vertex 14.3665 52.6341 0
    endloop
  endfacet
  facet normal 0 0 -1
    outer loop
      vertex 17.7365 52.9376 0
      vertex 14.2635 52.9376 0
      vertex 17.8782 53.225 0
    endloop
  endfacet
  facet normal 0 0 -1
    outer loop
      vertex 14.1218 53.225 0
      vertex 17.8782 53.225 0
      vertex 14.2635 52.9376 0
    endloop
  endfacet
  facet normal 0 0 -1
    outer loop
      vertex 17.8782 53.225 0
      vertex 14.1218 53.225 0
      vertex 18.0563 53.4915 0
    endloop
  endfacet
  facet normal 0 0 -1
    outer loop
      vertex 13.9437 53.4915 0
      vertex 18.0563 53.4915 0
      vertex 14.1218 53.225 0
    endloop
  endfacet
  facet normal 0 0 -1
    outer loop
      vertex 18.0563 53.4915 0
      vertex 13.9437 53.4915 0
      vertex 18.2676 53.7324 0
    endloop
  endfacet
  facet normal 0 0 -1
    outer loop
      vertex 13.7324 53.7324 0
      vertex 18.2676 53.7324 0
      vertex 13.9437 53.4915 0
    endloop
  endfacet
  facet normal 0 0 -1
    outer loop
      vertex 18.2676 53.7324 0
      vertex 13.7324 53.7324 0
      vertex 18.5085 53.9437 0
    endloop
  endfacet
  facet normal 0 0 -1
    outer loop
      vertex 13.4915 53.9437 0
      vertex 18.5085 53.9437 0
      vertex 13.7324 53.7324 0
    endloop
  endfacet
  facet normal 0 0 -1
    outer loop
      vertex 18.5085 53.9437 0
      vertex 13.4915 53.9437 0
      vertex 18.775 54.1218 0
    endloop
  endfacet
  facet normal 0 0 -1
    outer loop
      vertex 13.225 54.1218 0
      vertex 18.775 54.1218 0
      vertex 13.4915 53.9437 0
    endloop
  endfacet
  facet normal 0 0 -1
    outer loop
      vertex 18.775 54.1218 0
      vertex 13.225 54.1218 0
      vertex 19.0624 54.2635 0
    endloop
  endfacet
  facet normal 0 0 -1
    outer loop
      vertex 12.9376 54.2635 0
      vertex 19.0624 54.2635 0
      vertex 13.225 54.1218 0
    endloop
  endfacet
  facet normal 0 0 -1
    outer loop
      vertex 19.0624 54.2635 0
      vertex 12.9376 54.2635 0
      vertex 19.3659 54.3665 0
    endloop
  endfacet
  facet normal 0 0 -1
    outer loop
      vertex 12.6341 54.3665 0
      vertex 19.3659 54.3665 0
      vertex 12.9376 54.2635 0
    endloop
  endfacet
  facet normal 0 0 -1
    outer loop
      vertex 8.25288 56 0
      vertex 19.3659 54.3665 0
      vertex 12.6341 54.3665 0
    endloop
  endfacet
  facet normal 0 0 -1
    outer loop
      vertex 19.3659 54.3665 0
      vertex 8.25288 56 0
      vertex 19.6802 54.429 0
    endloop
  endfacet
  facet normal 0 0 -1
    outer loop
      vertex 19.6802 54.429 0
      vertex 8.25288 56 0
      vertex 20 54.45 0
    endloop
  endfacet
  facet normal 0 0 -1
    outer loop
      vertex 8.25288 56 0
      vertex 12.6341 54.3665 0
      vertex 12.3198 54.429 0
    endloop
  endfacet
  facet normal 0 0 -1
    outer loop
      vertex 8.25288 56 0
      vertex 12.3198 54.429 0
      vertex 12 54.45 0
    endloop
  endfacet
  facet normal 0 0 -1
    outer loop
      vertex 9.57096 51.6802 0
      vertex 8.35 55.5 0
      vertex 9.55 52 0
    endloop
  endfacet
  facet normal 0 0 -1
    outer loop
      vertex 8.35 55.5 0
      vertex 9.57096 52.3198 0
      vertex 9.55 52 0
    endloop
  endfacet
  facet normal 0 0 -1
    outer loop
      vertex 8.35 55.5 0
      vertex 9.63348 52.6341 0
      vertex 9.57096 52.3198 0
    endloop
  endfacet
  facet normal 0 0 -1
    outer loop
      vertex 8.35 55.5 0
      vertex 9.7365 52.9376 0
      vertex 9.63348 52.6341 0
    endloop
  endfacet
  facet normal 0 0 -1
    outer loop
      vertex 8.35 55.5 0
      vertex 9.87824 53.225 0
      vertex 9.7365 52.9376 0
    endloop
  endfacet
  facet normal 0 0 -1
    outer loop
      vertex 8.35 55.5 0
      vertex 10.0563 53.4915 0
      vertex 9.87824 53.225 0
    endloop
  endfacet
  facet normal 0 0 -1
    outer loop
      vertex 8.35 55.5 0
      vertex 10.2676 53.7324 0
      vertex 10.0563 53.4915 0
    endloop
  endfacet
  facet normal 0 0 -1
    outer loop
      vertex 8.35 55.5 0
      vertex 10.5085 53.9437 0
      vertex 10.2676 53.7324 0
    endloop
  endfacet
  facet normal 0 0 -1
    outer loop
      vertex 8.35 55.5 0
      vertex 10.775 54.1218 0
      vertex 10.5085 53.9437 0
    endloop
  endfacet
  facet normal 0 0 -1
    outer loop
      vertex 8.33845 55.6762 0
      vertex 10.775 54.1218 0
      vertex 8.35 55.5 0
    endloop
  endfacet
  facet normal 0 0 -1
    outer loop
      vertex 10.775 54.1218 0
      vertex 8.33845 55.6762 0
      vertex 11.0624 54.2635 0
    endloop
  endfacet
  facet normal 0 0 -1
    outer loop
      vertex 8.304 55.8494 0
      vertex 11.0624 54.2635 0
      vertex 8.33845 55.6762 0
    endloop
  endfacet
  facet normal 0 0 -1
    outer loop
      vertex 11.0624 54.2635 0
      vertex 8.304 55.8494 0
      vertex 11.3659 54.3665 0
    endloop
  endfacet
  facet normal 0 0 -1
    outer loop
      vertex 8.25288 56 0
      vertex 11.3659 54.3665 0
      vertex 8.304 55.8494 0
    endloop
  endfacet
  facet normal 0 0 -1
    outer loop
      vertex 11.3659 54.3665 0
      vertex 8.25288 56 0
      vertex 11.6802 54.429 0
    endloop
  endfacet
  facet normal 0 0 -1
    outer loop
      vertex 11.6802 54.429 0
      vertex 8.25288 56 0
      vertex 12 54.45 0
    endloop
  endfacet
  facet normal 0 0 -1
    outer loop
      vertex 36 54.45 0
      vertex 8.25288 56 0
      vertex 63.7471 56 0
    endloop
  endfacet
  facet normal -0 0 -1
    outer loop
      vertex 6.82379 5.16155 0
      vertex 6.36652 4.63411 0
      vertex 6.65059 5.196 0
    endloop
  endfacet
  facet normal 0 0 -1
    outer loop
      vertex 6.2635 4.93757 0
      vertex 6.65059 5.196 0
      vertex 6.36652 4.63411 0
    endloop
  endfacet
  facet normal -0 0 -1
    outer loop
      vertex 6.65059 5.196 0
      vertex 6.2635 4.93757 0
      vertex 6.48338 5.25276 0
    endloop
  endfacet
  facet normal -0 0 -1
    outer loop
      vertex 6.48338 5.25276 0
      vertex 6.2635 4.93757 0
      vertex 6.325 5.33086 0
    endloop
  endfacet
  facet normal 0 0 -1
    outer loop
      vertex 6.12176 5.225 0
      vertex 6.325 5.33086 0
      vertex 6.2635 4.93757 0
    endloop
  endfacet
  facet normal -0 0 -1
    outer loop
      vertex 6.325 5.33086 0
      vertex 6.12176 5.225 0
      vertex 6.17817 5.42897 0
    endloop
  endfacet
  facet normal 0 0 -1
    outer loop
      vertex 5.94372 5.49146 0
      vertex 6.17817 5.42897 0
      vertex 6.12176 5.225 0
    endloop
  endfacet
  facet normal 0 0 -1
    outer loop
      vertex 6.17817 5.42897 0
      vertex 5.94372 5.49146 0
      vertex 6.04541 5.54541 0
    endloop
  endfacet
  facet normal 0 0 -1
    outer loop
      vertex 5.94372 5.49146 0
      vertex 5.92897 5.67817 0
      vertex 6.04541 5.54541 0
    endloop
  endfacet
  facet normal 0 0 -1
    outer loop
      vertex 5.73241 5.73241 0
      vertex 5.92897 5.67817 0
      vertex 5.94372 5.49146 0
    endloop
  endfacet
  facet normal 0 0 -1
    outer loop
      vertex 5.92897 5.67817 0
      vertex 5.73241 5.73241 0
      vertex 5.83086 5.825 0
    endloop
  endfacet
  facet normal -0 0 -1
    outer loop
      vertex 5.83086 5.825 0
      vertex 5.73241 5.73241 0
      vertex 5.75276 5.98338 0
    endloop
  endfacet
  facet normal 0 0 -1
    outer loop
      vertex 5.49146 5.94372 0
      vertex 5.75276 5.98338 0
      vertex 5.73241 5.73241 0
    endloop
  endfacet
  facet normal -0 0 -1
    outer loop
      vertex 5.75276 5.98338 0
      vertex 5.49146 5.94372 0
      vertex 5.696 6.15059 0
    endloop
  endfacet
  facet normal -0 0 -1
    outer loop
      vertex 5.696 6.15059 0
      vertex 5.225 6.12176 0
      vertex 5.66155 6.32379 0
    endloop
  endfacet
  facet normal 0 0 -1
    outer loop
      vertex 5.225 6.12176 0
      vertex 5.696 6.15059 0
      vertex 5.49146 5.94372 0
    endloop
  endfacet
  facet normal 0 0 -1
    outer loop
      vertex 7.51662 54.2528 0
      vertex 6.42904 52.3198 0
      vertex 7.34941 54.196 0
    endloop
  endfacet
  facet normal 0 0 -1
    outer loop
      vertex 6.36652 52.6341 0
      vertex 7.34941 54.196 0
      vertex 6.42904 52.3198 0
    endloop
  endfacet
  facet normal 0 0 -1
    outer loop
      vertex 7.34941 54.196 0
      vertex 6.36652 52.6341 0
      vertex 7.17621 54.1615 0
    endloop
  endfacet
  facet normal 0 0 -1
    outer loop
      vertex 6.2635 52.9376 0
      vertex 7.17621 54.1615 0
      vertex 6.36652 52.6341 0
    endloop
  endfacet
  facet normal 0 0 -1
    outer loop
      vertex 7.17621 54.1615 0
      vertex 6.2635 52.9376 0
      vertex 7 54.15 0
    endloop
  endfacet
  facet normal -0 0 -1
    outer loop
      vertex 7 54.15 0
      vertex 6.2635 52.9376 0
      vertex 6.82379 54.1615 0
    endloop
  endfacet
  facet normal 0 0 -1
    outer loop
      vertex 6.12176 53.225 0
      vertex 6.82379 54.1615 0
      vertex 6.2635 52.9376 0
    endloop
  endfacet
  facet normal -0 0 -1
    outer loop
      vertex 6.82379 54.1615 0
      vertex 6.12176 53.225 0
      vertex 6.65059 54.196 0
    endloop
  endfacet
  facet normal 0 0 -1
    outer loop
      vertex 5.94372 53.4915 0
      vertex 6.65059 54.196 0
      vertex 6.12176 53.225 0
    endloop
  endfacet
  facet normal -0 0 -1
    outer loop
      vertex 6.65059 54.196 0
      vertex 5.94372 53.4915 0
      vertex 6.48338 54.2528 0
    endloop
  endfacet
  facet normal -0 0 -1
    outer loop
      vertex 6.48338 54.2528 0
      vertex 5.94372 53.4915 0
      vertex 6.325 54.3309 0
    endloop
  endfacet
  facet normal 0 0 -1
    outer loop
      vertex 5.73241 53.7324 0
      vertex 6.325 54.3309 0
      vertex 5.94372 53.4915 0
    endloop
  endfacet
  facet normal -0 0 -1
    outer loop
      vertex 6.325 54.3309 0
      vertex 5.73241 53.7324 0
      vertex 6.17817 54.429 0
    endloop
  endfacet
  facet normal 0 0 -1
    outer loop
      vertex 5.49146 53.9437 0
      vertex 6.17817 54.429 0
      vertex 5.73241 53.7324 0
    endloop
  endfacet
  facet normal -0 0 -1
    outer loop
      vertex 6.17817 54.429 0
      vertex 5.49146 53.9437 0
      vertex 6.04541 54.5454 0
    endloop
  endfacet
  facet normal -0 0 -1
    outer loop
      vertex 6.04541 54.5454 0
      vertex 5.49146 53.9437 0
      vertex 5.92897 54.6782 0
    endloop
  endfacet
  facet normal 0 0 -1
    outer loop
      vertex 5.225 54.1218 0
      vertex 5.92897 54.6782 0
      vertex 5.49146 53.9437 0
    endloop
  endfacet
  facet normal -0 0 -1
    outer loop
      vertex 5.92897 54.6782 0
      vertex 5.225 54.1218 0
      vertex 5.83086 54.825 0
    endloop
  endfacet
  facet normal 0 0 -1
    outer loop
      vertex 4.93757 54.2635 0
      vertex 5.83086 54.825 0
      vertex 5.225 54.1218 0
    endloop
  endfacet
  facet normal -0 0 -1
    outer loop
      vertex 5.83086 54.825 0
      vertex 4.93757 54.2635 0
      vertex 5.75276 54.9834 0
    endloop
  endfacet
  facet normal -0 0 -1
    outer loop
      vertex 5.75276 54.9834 0
      vertex 4.93757 54.2635 0
      vertex 5.696 55.1506 0
    endloop
  endfacet
  facet normal 0 0 -1
    outer loop
      vertex 67.3659 54.3665 0
      vertex 66.3384 55.3238 0
      vertex 66.35 55.5 0
    endloop
  endfacet
  facet normal 0 0 -1
    outer loop
      vertex 66.775 54.1218 0
      vertex 66.304 55.1506 0
      vertex 66.3384 55.3238 0
    endloop
  endfacet
  facet normal 0 0 -1
    outer loop
      vertex 65.8218 54.429 0
      vertex 66.5085 53.9437 0
      vertex 66.2676 53.7324 0
    endloop
  endfacet
  facet normal 0 0 -1
    outer loop
      vertex 66.775 54.1218 0
      vertex 66.2472 54.9834 0
      vertex 66.304 55.1506 0
    endloop
  endfacet
  facet normal 0 0 -1
    outer loop
      vertex 66.775 54.1218 0
      vertex 66.1691 54.825 0
      vertex 66.2472 54.9834 0
    endloop
  endfacet
  facet normal 0 0 -1
    outer loop
      vertex 66.775 54.1218 0
      vertex 66.071 54.6782 0
      vertex 66.1691 54.825 0
    endloop
  endfacet
  facet normal 0 0 -1
    outer loop
      vertex 65.675 54.3309 0
      vertex 66.2676 53.7324 0
      vertex 66.0563 53.4915 0
    endloop
  endfacet
  facet normal 0 0 -1
    outer loop
      vertex 66.5085 53.9437 0
      vertex 65.9546 54.5454 0
      vertex 66.071 54.6782 0
    endloop
  endfacet
  facet normal 0 0 -1
    outer loop
      vertex 65.3494 54.196 0
      vertex 66.0563 53.4915 0
      vertex 65.8782 53.225 0
    endloop
  endfacet
  facet normal 0 0 -1
    outer loop
      vertex 66.5085 53.9437 0
      vertex 65.8218 54.429 0
      vertex 65.9546 54.5454 0
    endloop
  endfacet
  facet normal 0 0 -1
    outer loop
      vertex 65.1762 54.1615 0
      vertex 65.8782 53.225 0
      vertex 65.7365 52.9376 0
    endloop
  endfacet
  facet normal 0 0 -1
    outer loop
      vertex 66.2676 53.7324 0
      vertex 65.675 54.3309 0
      vertex 65.8218 54.429 0
    endloop
  endfacet
  facet normal 0 0 -1
    outer loop
      vertex 64.8238 54.1615 0
      vertex 65.7365 52.9376 0
      vertex 65.6335 52.6341 0
    endloop
  endfacet
  facet normal 0 0 -1
    outer loop
      vertex 64.6506 54.196 0
      vertex 65.6335 52.6341 0
      vertex 65.571 52.3198 0
    endloop
  endfacet
  facet normal 0 0 -1
    outer loop
      vertex 62.45 52 0
      vertex 65.571 52.3198 0
      vertex 65.55 52 0
    endloop
  endfacet
  facet normal 0 0 -1
    outer loop
      vertex 66.0563 53.4915 0
      vertex 65.5166 54.2528 0
      vertex 65.675 54.3309 0
    endloop
  endfacet
  facet normal 0 0 -1
    outer loop
      vertex 64.0454 7.45459 0
      vertex 65.571 11.6802 0
      vertex 64.1782 7.57103 0
    endloop
  endfacet
  facet normal -0 0 -1
    outer loop
      vertex 63.8309 7.175 0
      vertex 60.9376 6.2635 0
      vertex 63.929 7.32183 0
    endloop
  endfacet
  facet normal 0 0 -1
    outer loop
      vertex 66.0563 53.4915 0
      vertex 65.3494 54.196 0
      vertex 65.5166 54.2528 0
    endloop
  endfacet
  facet normal 0 0 -1
    outer loop
      vertex 60.9376 6.2635 0
      vertex 63.8309 7.175 0
      vertex 61.225 6.12176 0
    endloop
  endfacet
  facet normal 0 0 -1
    outer loop
      vertex 65.8782 53.225 0
      vertex 65.1762 54.1615 0
      vertex 65.3494 54.196 0
    endloop
  endfacet
  facet normal -0 0 -1
    outer loop
      vertex 63.696 6.84941 0
      vertex 61.225 6.12176 0
      vertex 63.7528 7.01662 0
    endloop
  endfacet
  facet normal 0 0 -1
    outer loop
      vertex 65.7365 52.9376 0
      vertex 65 54.15 0
      vertex 65.1762 54.1615 0
    endloop
  endfacet
  facet normal 0 0 -1
    outer loop
      vertex 61.225 6.12176 0
      vertex 63.696 6.84941 0
      vertex 61.4915 5.94372 0
    endloop
  endfacet
  facet normal 0 0 -1
    outer loop
      vertex 65.7365 52.9376 0
      vertex 64.8238 54.1615 0
      vertex 65 54.15 0
    endloop
  endfacet
  facet normal 0 0 -1
    outer loop
      vertex 61.4915 5.94372 0
      vertex 63.6615 6.67621 0
      vertex 61.7324 5.73241 0
    endloop
  endfacet
  facet normal 0 0 -1
    outer loop
      vertex 65.6335 52.6341 0
      vertex 64.6506 54.196 0
      vertex 64.8238 54.1615 0
    endloop
  endfacet
  facet normal -0 0 -1
    outer loop
      vertex 63.65 6.5 0
      vertex 61.7324 5.73241 0
      vertex 63.6615 6.67621 0
    endloop
  endfacet
  facet normal 0 0 -1
    outer loop
      vertex 65.571 52.3198 0
      vertex 64.4834 54.2528 0
      vertex 64.6506 54.196 0
    endloop
  endfacet
  facet normal 0 0 -1
    outer loop
      vertex 61.7324 5.73241 0
      vertex 63.6615 6.32379 0
      vertex 61.9437 5.49146 0
    endloop
  endfacet
  facet normal 0 0 -1
    outer loop
      vertex 62.429 52.3198 0
      vertex 65.571 52.3198 0
      vertex 62.45 52 0
    endloop
  endfacet
  facet normal -0 0 -1
    outer loop
      vertex 63.696 6.15059 0
      vertex 61.9437 5.49146 0
      vertex 63.6615 6.32379 0
    endloop
  endfacet
  facet normal 0 0 -1
    outer loop
      vertex 65.571 52.3198 0
      vertex 62.429 52.3198 0
      vertex 64.4834 54.2528 0
    endloop
  endfacet
  facet normal -0 0 -1
    outer loop
      vertex 63.6615 6.32379 0
      vertex 61.7324 5.73241 0
      vertex 63.65 6.5 0
    endloop
  endfacet
  facet normal 0 0 -1
    outer loop
      vertex 62.3665 52.6341 0
      vertex 64.4834 54.2528 0
      vertex 62.429 52.3198 0
    endloop
  endfacet
  facet normal 0 0 -1
    outer loop
      vertex 65.571 51.6802 0
      vertex 62.45 52 0
      vertex 65.55 52 0
    endloop
  endfacet
  facet normal -0 0 -1
    outer loop
      vertex 64.4834 54.2528 0
      vertex 62.3665 52.6341 0
      vertex 64.325 54.3309 0
    endloop
  endfacet
  facet normal -0 0 -1
    outer loop
      vertex 63.6615 6.67621 0
      vertex 61.4915 5.94372 0
      vertex 63.696 6.84941 0
    endloop
  endfacet
  facet normal 0 0 -1
    outer loop
      vertex 62.2635 52.9376 0
      vertex 64.325 54.3309 0
      vertex 62.3665 52.6341 0
    endloop
  endfacet
  facet normal 0 0 -1
    outer loop
      vertex 65.55 28 0
      vertex 62.45 52 0
      vertex 65.55 36 0
    endloop
  endfacet
  facet normal -0 0 -1
    outer loop
      vertex 64.325 54.3309 0
      vertex 62.2635 52.9376 0
      vertex 64.1782 54.429 0
    endloop
  endfacet
  facet normal 0 0 -1
    outer loop
      vertex 61.9437 5.49146 0
      vertex 63.696 6.15059 0
      vertex 62.1218 5.225 0
    endloop
  endfacet
  facet normal 0 0 -1
    outer loop
      vertex 65.571 43.6802 0
      vertex 62.45 52 0
      vertex 65.55 44 0
    endloop
  endfacet
  facet normal -0 0 -1
    outer loop
      vertex 63.7528 5.98338 0
      vertex 62.1218 5.225 0
      vertex 63.696 6.15059 0
    endloop
  endfacet
  facet normal -0 0 -1
    outer loop
      vertex 64.1782 54.429 0
      vertex 62.2635 52.9376 0
      vertex 64.0454 54.5454 0
    endloop
  endfacet
  facet normal -0 0 -1
    outer loop
      vertex 63.8309 5.825 0
      vertex 62.1218 5.225 0
      vertex 63.7528 5.98338 0
    endloop
  endfacet
  facet normal 0 0 -1
    outer loop
      vertex 62.1218 53.225 0
      vertex 64.0454 54.5454 0
      vertex 62.2635 52.9376 0
    endloop
  endfacet
  facet normal 0 0 -1
    outer loop
      vertex 70.429 51.6802 0
      vertex 72 56 0
      vertex 70.429 44.3198 0
    endloop
  endfacet
  facet normal 0 0 -1
    outer loop
      vertex 72 56 0
      vertex 70.429 51.6802 0
      vertex 70.45 52 0
    endloop
  endfacet
  facet normal 0 0 -1
    outer loop
      vertex 70.3665 44.6341 0
      vertex 70.429 51.6802 0
      vertex 70.429 44.3198 0
    endloop
  endfacet
  facet normal 0 0 -1
    outer loop
      vertex 70.3665 44.6341 0
      vertex 70.3665 51.3659 0
      vertex 70.429 51.6802 0
    endloop
  endfacet
  facet normal 0 0 -1
    outer loop
      vertex 70.2635 44.9376 0
      vertex 70.3665 51.3659 0
      vertex 70.3665 44.6341 0
    endloop
  endfacet
  facet normal 0 0 -1
    outer loop
      vertex 70.2635 44.9376 0
      vertex 70.2635 51.0624 0
      vertex 70.3665 51.3659 0
    endloop
  endfacet
  facet normal 0 0 -1
    outer loop
      vertex 70.1218 45.225 0
      vertex 70.2635 51.0624 0
      vertex 70.2635 44.9376 0
    endloop
  endfacet
  facet normal 0 0 -1
    outer loop
      vertex 70.1218 45.225 0
      vertex 70.1218 50.775 0
      vertex 70.2635 51.0624 0
    endloop
  endfacet
  facet normal 0 0 -1
    outer loop
      vertex 69.9437 45.4915 0
      vertex 70.1218 50.775 0
      vertex 70.1218 45.225 0
    endloop
  endfacet
  facet normal 0 0 -1
    outer loop
      vertex 69.9437 45.4915 0
      vertex 69.9437 50.5085 0
      vertex 70.1218 50.775 0
    endloop
  endfacet
  facet normal 0 0 -1
    outer loop
      vertex 69.7324 45.7324 0
      vertex 69.9437 50.5085 0
      vertex 69.9437 45.4915 0
    endloop
  endfacet
  facet normal 0 0 -1
    outer loop
      vertex 69.7324 45.7324 0
      vertex 69.7324 50.2676 0
      vertex 69.9437 50.5085 0
    endloop
  endfacet
  facet normal 0 0 -1
    outer loop
      vertex 69.4915 45.9437 0
      vertex 69.7324 50.2676 0
      vertex 69.7324 45.7324 0
    endloop
  endfacet
  facet normal 0 0 -1
    outer loop
      vertex 69.4915 45.9437 0
      vertex 69.4915 50.0563 0
      vertex 69.7324 50.2676 0
    endloop
  endfacet
  facet normal 0 0 -1
    outer loop
      vertex 69.225 46.1218 0
      vertex 69.4915 50.0563 0
      vertex 69.4915 45.9437 0
    endloop
  endfacet
  facet normal 0 0 -1
    outer loop
      vertex 69.225 46.1218 0
      vertex 69.225 49.8782 0
      vertex 69.4915 50.0563 0
    endloop
  endfacet
  facet normal 0 0 -1
    outer loop
      vertex 68.9376 46.2635 0
      vertex 69.225 49.8782 0
      vertex 69.225 46.1218 0
    endloop
  endfacet
  facet normal 0 0 -1
    outer loop
      vertex 68.9376 46.2635 0
      vertex 68.9376 49.7365 0
      vertex 69.225 49.8782 0
    endloop
  endfacet
  facet normal 0 0 -1
    outer loop
      vertex 68.6341 46.3665 0
      vertex 68.9376 49.7365 0
      vertex 68.9376 46.2635 0
    endloop
  endfacet
  facet normal 0 0 -1
    outer loop
      vertex 68.6341 46.3665 0
      vertex 68.6341 49.6335 0
      vertex 68.9376 49.7365 0
    endloop
  endfacet
  facet normal 0 0 -1
    outer loop
      vertex 68.3198 46.429 0
      vertex 68.6341 49.6335 0
      vertex 68.6341 46.3665 0
    endloop
  endfacet
  facet normal 0 0 -1
    outer loop
      vertex 68.3198 46.429 0
      vertex 68.3198 49.571 0
      vertex 68.6341 49.6335 0
    endloop
  endfacet
  facet normal 0 0 -1
    outer loop
      vertex 68 46.45 0
      vertex 68.3198 49.571 0
      vertex 68.3198 46.429 0
    endloop
  endfacet
  facet normal 0 0 -1
    outer loop
      vertex 68 46.45 0
      vertex 68 49.55 0
      vertex 68.3198 49.571 0
    endloop
  endfacet
  facet normal 0 0 -1
    outer loop
      vertex 67.6802 46.429 0
      vertex 68 49.55 0
      vertex 68 46.45 0
    endloop
  endfacet
  facet normal 0 0 -1
    outer loop
      vertex 67.6802 46.429 0
      vertex 67.6802 49.571 0
      vertex 68 49.55 0
    endloop
  endfacet
  facet normal 0 0 -1
    outer loop
      vertex 67.3659 46.3665 0
      vertex 67.6802 49.571 0
      vertex 67.6802 46.429 0
    endloop
  endfacet
  facet normal 0 0 -1
    outer loop
      vertex 67.3659 46.3665 0
      vertex 67.3659 49.6335 0
      vertex 67.6802 49.571 0
    endloop
  endfacet
  facet normal 0 0 -1
    outer loop
      vertex 67.0624 46.2635 0
      vertex 67.3659 49.6335 0
      vertex 67.3659 46.3665 0
    endloop
  endfacet
  facet normal 0 0 -1
    outer loop
      vertex 67.0624 46.2635 0
      vertex 67.0624 49.7365 0
      vertex 67.3659 49.6335 0
    endloop
  endfacet
  facet normal 0 0 -1
    outer loop
      vertex 66.775 46.1218 0
      vertex 67.0624 49.7365 0
      vertex 67.0624 46.2635 0
    endloop
  endfacet
  facet normal 0 0 -1
    outer loop
      vertex 66.775 46.1218 0
      vertex 66.775 49.8782 0
      vertex 67.0624 49.7365 0
    endloop
  endfacet
  facet normal 0 0 -1
    outer loop
      vertex 66.5085 45.9437 0
      vertex 66.775 49.8782 0
      vertex 66.775 46.1218 0
    endloop
  endfacet
  facet normal 0 0 -1
    outer loop
      vertex 66.5085 45.9437 0
      vertex 66.5085 50.0563 0
      vertex 66.775 49.8782 0
    endloop
  endfacet
  facet normal 0 0 -1
    outer loop
      vertex 66.2676 45.7324 0
      vertex 66.5085 50.0563 0
      vertex 66.5085 45.9437 0
    endloop
  endfacet
  facet normal 0 0 -1
    outer loop
      vertex 66.2676 45.7324 0
      vertex 66.2676 50.2676 0
      vertex 66.5085 50.0563 0
    endloop
  endfacet
  facet normal 0 0 -1
    outer loop
      vertex 66.0563 45.4915 0
      vertex 66.2676 50.2676 0
      vertex 66.2676 45.7324 0
    endloop
  endfacet
  facet normal 0 0 -1
    outer loop
      vertex 66.0563 45.4915 0
      vertex 66.0563 50.5085 0
      vertex 66.2676 50.2676 0
    endloop
  endfacet
  facet normal 0 0 -1
    outer loop
      vertex 62.45 52 0
      vertex 66.0563 45.4915 0
      vertex 65.8782 45.225 0
    endloop
  endfacet
  facet normal 0 0 -1
    outer loop
      vertex 66.0563 45.4915 0
      vertex 62.45 52 0
      vertex 66.0563 50.5085 0
    endloop
  endfacet
  facet normal 0 0 -1
    outer loop
      vertex 62.45 52 0
      vertex 65.8782 45.225 0
      vertex 65.7365 44.9376 0
    endloop
  endfacet
  facet normal 0 0 -1
    outer loop
      vertex 66.0563 50.5085 0
      vertex 62.45 52 0
      vertex 65.8782 50.775 0
    endloop
  endfacet
  facet normal 0 0 -1
    outer loop
      vertex 62.45 52 0
      vertex 65.7365 44.9376 0
      vertex 65.6335 44.6341 0
    endloop
  endfacet
  facet normal 0 0 -1
    outer loop
      vertex 65.8782 50.775 0
      vertex 62.45 52 0
      vertex 65.7365 51.0624 0
    endloop
  endfacet
  facet normal 0 0 -1
    outer loop
      vertex 62.45 52 0
      vertex 65.6335 44.6341 0
      vertex 65.571 44.3198 0
    endloop
  endfacet
  facet normal 0 0 -1
    outer loop
      vertex 65.7365 51.0624 0
      vertex 62.45 52 0
      vertex 65.6335 51.3659 0
    endloop
  endfacet
  facet normal 0 0 -1
    outer loop
      vertex 62.45 52 0
      vertex 65.571 44.3198 0
      vertex 65.55 44 0
    endloop
  endfacet
  facet normal 0 0 -1
    outer loop
      vertex 65.6335 51.3659 0
      vertex 62.45 52 0
      vertex 65.571 51.6802 0
    endloop
  endfacet
  facet normal 0 0 -1
    outer loop
      vertex 70.429 36.3198 0
      vertex 70.45 44 0
      vertex 70.45 36 0
    endloop
  endfacet
  facet normal 0 0 -1
    outer loop
      vertex 70.429 36.3198 0
      vertex 70.429 43.6802 0
      vertex 70.45 44 0
    endloop
  endfacet
  facet normal 0 0 -1
    outer loop
      vertex 70.3665 36.6341 0
      vertex 70.429 43.6802 0
      vertex 70.429 36.3198 0
    endloop
  endfacet
  facet normal 0 0 -1
    outer loop
      vertex 70.3665 36.6341 0
      vertex 70.3665 43.3659 0
      vertex 70.429 43.6802 0
    endloop
  endfacet
  facet normal 0 0 -1
    outer loop
      vertex 70.2635 36.9376 0
      vertex 70.3665 43.3659 0
      vertex 70.3665 36.6341 0
    endloop
  endfacet
  facet normal 0 0 -1
    outer loop
      vertex 70.2635 36.9376 0
      vertex 70.2635 43.0624 0
      vertex 70.3665 43.3659 0
    endloop
  endfacet
  facet normal 0 0 -1
    outer loop
      vertex 70.1218 37.225 0
      vertex 70.2635 43.0624 0
      vertex 70.2635 36.9376 0
    endloop
  endfacet
  facet normal 0 0 -1
    outer loop
      vertex 70.1218 37.225 0
      vertex 70.1218 42.775 0
      vertex 70.2635 43.0624 0
    endloop
  endfacet
  facet normal 0 0 -1
    outer loop
      vertex 69.9437 37.4915 0
      vertex 70.1218 42.775 0
      vertex 70.1218 37.225 0
    endloop
  endfacet
  facet normal 0 0 -1
    outer loop
      vertex 69.9437 37.4915 0
      vertex 69.9437 42.5085 0
      vertex 70.1218 42.775 0
    endloop
  endfacet
  facet normal 0 0 -1
    outer loop
      vertex 69.7324 37.7324 0
      vertex 69.9437 42.5085 0
      vertex 69.9437 37.4915 0
    endloop
  endfacet
  facet normal 0 0 -1
    outer loop
      vertex 69.7324 37.7324 0
      vertex 69.7324 42.2676 0
      vertex 69.9437 42.5085 0
    endloop
  endfacet
  facet normal 0 0 -1
    outer loop
      vertex 69.4915 37.9437 0
      vertex 69.7324 42.2676 0
      vertex 69.7324 37.7324 0
    endloop
  endfacet
  facet normal 0 0 -1
    outer loop
      vertex 69.4915 37.9437 0
      vertex 69.4915 42.0563 0
      vertex 69.7324 42.2676 0
    endloop
  endfacet
  facet normal 0 0 -1
    outer loop
      vertex 69.225 38.1218 0
      vertex 69.4915 42.0563 0
      vertex 69.4915 37.9437 0
    endloop
  endfacet
  facet normal 0 0 -1
    outer loop
      vertex 69.225 38.1218 0
      vertex 69.225 41.8782 0
      vertex 69.4915 42.0563 0
    endloop
  endfacet
  facet normal 0 0 -1
    outer loop
      vertex 68.9376 38.2635 0
      vertex 69.225 41.8782 0
      vertex 69.225 38.1218 0
    endloop
  endfacet
  facet normal 0 0 -1
    outer loop
      vertex 68.9376 38.2635 0
      vertex 68.9376 41.7365 0
      vertex 69.225 41.8782 0
    endloop
  endfacet
  facet normal 0 0 -1
    outer loop
      vertex 68.6341 38.3665 0
      vertex 68.9376 41.7365 0
      vertex 68.9376 38.2635 0
    endloop
  endfacet
  facet normal 0 0 -1
    outer loop
      vertex 68.6341 38.3665 0
      vertex 68.6341 41.6335 0
      vertex 68.9376 41.7365 0
    endloop
  endfacet
  facet normal 0 0 -1
    outer loop
      vertex 68.3198 38.429 0
      vertex 68.6341 41.6335 0
      vertex 68.6341 38.3665 0
    endloop
  endfacet
  facet normal 0 0 -1
    outer loop
      vertex 68.3198 38.429 0
      vertex 68.3198 41.571 0
      vertex 68.6341 41.6335 0
    endloop
  endfacet
  facet normal 0 0 -1
    outer loop
      vertex 68 38.45 0
      vertex 68.3198 41.571 0
      vertex 68.3198 38.429 0
    endloop
  endfacet
  facet normal 0 0 -1
    outer loop
      vertex 68 38.45 0
      vertex 68 41.55 0
      vertex 68.3198 41.571 0
    endloop
  endfacet
  facet normal 0 0 -1
    outer loop
      vertex 67.6802 38.429 0
      vertex 68 41.55 0
      vertex 68 38.45 0
    endloop
  endfacet
  facet normal 0 0 -1
    outer loop
      vertex 67.6802 38.429 0
      vertex 67.6802 41.571 0
      vertex 68 41.55 0
    endloop
  endfacet
  facet normal 0 0 -1
    outer loop
      vertex 67.3659 38.3665 0
      vertex 67.6802 41.571 0
      vertex 67.6802 38.429 0
    endloop
  endfacet
  facet normal 0 0 -1
    outer loop
      vertex 67.3659 38.3665 0
      vertex 67.3659 41.6335 0
      vertex 67.6802 41.571 0
    endloop
  endfacet
  facet normal 0 0 -1
    outer loop
      vertex 67.0624 38.2635 0
      vertex 67.3659 41.6335 0
      vertex 67.3659 38.3665 0
    endloop
  endfacet
  facet normal 0 0 -1
    outer loop
      vertex 67.0624 38.2635 0
      vertex 67.0624 41.7365 0
      vertex 67.3659 41.6335 0
    endloop
  endfacet
  facet normal 0 0 -1
    outer loop
      vertex 66.775 38.1218 0
      vertex 67.0624 41.7365 0
      vertex 67.0624 38.2635 0
    endloop
  endfacet
  facet normal 0 0 -1
    outer loop
      vertex 66.775 38.1218 0
      vertex 66.775 41.8782 0
      vertex 67.0624 41.7365 0
    endloop
  endfacet
  facet normal 0 0 -1
    outer loop
      vertex 66.5085 37.9437 0
      vertex 66.775 41.8782 0
      vertex 66.775 38.1218 0
    endloop
  endfacet
  facet normal 0 0 -1
    outer loop
      vertex 66.5085 37.9437 0
      vertex 66.5085 42.0563 0
      vertex 66.775 41.8782 0
    endloop
  endfacet
  facet normal 0 0 -1
    outer loop
      vertex 66.2676 37.7324 0
      vertex 66.5085 42.0563 0
      vertex 66.5085 37.9437 0
    endloop
  endfacet
  facet normal 0 0 -1
    outer loop
      vertex 66.2676 37.7324 0
      vertex 66.2676 42.2676 0
      vertex 66.5085 42.0563 0
    endloop
  endfacet
  facet normal 0 0 -1
    outer loop
      vertex 66.0563 37.4915 0
      vertex 66.2676 42.2676 0
      vertex 66.2676 37.7324 0
    endloop
  endfacet
  facet normal 0 0 -1
    outer loop
      vertex 66.0563 37.4915 0
      vertex 66.0563 42.5085 0
      vertex 66.2676 42.2676 0
    endloop
  endfacet
  facet normal 0 0 -1
    outer loop
      vertex 65.8782 37.225 0
      vertex 66.0563 42.5085 0
      vertex 66.0563 37.4915 0
    endloop
  endfacet
  facet normal 0 0 -1
    outer loop
      vertex 65.8782 37.225 0
      vertex 65.8782 42.775 0
      vertex 66.0563 42.5085 0
    endloop
  endfacet
  facet normal 0 0 -1
    outer loop
      vertex 65.7365 36.9376 0
      vertex 65.8782 42.775 0
      vertex 65.8782 37.225 0
    endloop
  endfacet
  facet normal 0 0 -1
    outer loop
      vertex 65.7365 36.9376 0
      vertex 65.7365 43.0624 0
      vertex 65.8782 42.775 0
    endloop
  endfacet
  facet normal 0 0 -1
    outer loop
      vertex 65.6335 36.6341 0
      vertex 65.7365 43.0624 0
      vertex 65.7365 36.9376 0
    endloop
  endfacet
  facet normal 0 0 -1
    outer loop
      vertex 65.6335 36.6341 0
      vertex 65.6335 43.3659 0
      vertex 65.7365 43.0624 0
    endloop
  endfacet
  facet normal 0 0 -1
    outer loop
      vertex 65.571 36.3198 0
      vertex 65.6335 43.3659 0
      vertex 65.6335 36.6341 0
    endloop
  endfacet
  facet normal 0 0 -1
    outer loop
      vertex 65.571 36.3198 0
      vertex 65.571 43.6802 0
      vertex 65.6335 43.3659 0
    endloop
  endfacet
  facet normal 0 0 -1
    outer loop
      vertex 62.45 52 0
      vertex 65.571 36.3198 0
      vertex 65.55 36 0
    endloop
  endfacet
  facet normal 0 0 -1
    outer loop
      vertex 65.571 36.3198 0
      vertex 62.45 52 0
      vertex 65.571 43.6802 0
    endloop
  endfacet
  facet normal 0 0 -1
    outer loop
      vertex 70.429 28.3198 0
      vertex 70.45 36 0
      vertex 70.45 28 0
    endloop
  endfacet
  facet normal 0 0 -1
    outer loop
      vertex 70.429 28.3198 0
      vertex 70.429 35.6802 0
      vertex 70.45 36 0
    endloop
  endfacet
  facet normal 0 0 -1
    outer loop
      vertex 70.3665 28.6341 0
      vertex 70.429 35.6802 0
      vertex 70.429 28.3198 0
    endloop
  endfacet
  facet normal 0 0 -1
    outer loop
      vertex 70.3665 28.6341 0
      vertex 70.3665 35.3659 0
      vertex 70.429 35.6802 0
    endloop
  endfacet
  facet normal 0 0 -1
    outer loop
      vertex 70.2635 28.9376 0
      vertex 70.3665 35.3659 0
      vertex 70.3665 28.6341 0
    endloop
  endfacet
  facet normal 0 0 -1
    outer loop
      vertex 70.2635 28.9376 0
      vertex 70.2635 35.0624 0
      vertex 70.3665 35.3659 0
    endloop
  endfacet
  facet normal 0 0 -1
    outer loop
      vertex 70.1218 29.225 0
      vertex 70.2635 35.0624 0
      vertex 70.2635 28.9376 0
    endloop
  endfacet
  facet normal 0 0 -1
    outer loop
      vertex 70.1218 29.225 0
      vertex 70.1218 34.775 0
      vertex 70.2635 35.0624 0
    endloop
  endfacet
  facet normal 0 0 -1
    outer loop
      vertex 69.9437 29.4915 0
      vertex 70.1218 34.775 0
      vertex 70.1218 29.225 0
    endloop
  endfacet
  facet normal 0 0 -1
    outer loop
      vertex 69.9437 29.4915 0
      vertex 69.9437 34.5085 0
      vertex 70.1218 34.775 0
    endloop
  endfacet
  facet normal 0 0 -1
    outer loop
      vertex 69.7324 29.7324 0
      vertex 69.9437 34.5085 0
      vertex 69.9437 29.4915 0
    endloop
  endfacet
  facet normal 0 0 -1
    outer loop
      vertex 69.7324 29.7324 0
      vertex 69.7324 34.2676 0
      vertex 69.9437 34.5085 0
    endloop
  endfacet
  facet normal 0 0 -1
    outer loop
      vertex 69.4915 29.9437 0
      vertex 69.7324 34.2676 0
      vertex 69.7324 29.7324 0
    endloop
  endfacet
  facet normal 0 0 -1
    outer loop
      vertex 69.4915 29.9437 0
      vertex 69.4915 34.0563 0
      vertex 69.7324 34.2676 0
    endloop
  endfacet
  facet normal 0 0 -1
    outer loop
      vertex 69.225 30.1218 0
      vertex 69.4915 34.0563 0
      vertex 69.4915 29.9437 0
    endloop
  endfacet
  facet normal 0 0 -1
    outer loop
      vertex 69.225 30.1218 0
      vertex 69.225 33.8782 0
      vertex 69.4915 34.0563 0
    endloop
  endfacet
  facet normal 0 0 -1
    outer loop
      vertex 68.9376 30.2635 0
      vertex 69.225 33.8782 0
      vertex 69.225 30.1218 0
    endloop
  endfacet
  facet normal 0 0 -1
    outer loop
      vertex 68.9376 30.2635 0
      vertex 68.9376 33.7365 0
      vertex 69.225 33.8782 0
    endloop
  endfacet
  facet normal 0 0 -1
    outer loop
      vertex 68.6341 30.3665 0
      vertex 68.9376 33.7365 0
      vertex 68.9376 30.2635 0
    endloop
  endfacet
  facet normal 0 0 -1
    outer loop
      vertex 68.6341 30.3665 0
      vertex 68.6341 33.6335 0
      vertex 68.9376 33.7365 0
    endloop
  endfacet
  facet normal 0 0 -1
    outer loop
      vertex 68.3198 30.429 0
      vertex 68.6341 33.6335 0
      vertex 68.6341 30.3665 0
    endloop
  endfacet
  facet normal 0 0 -1
    outer loop
      vertex 68.3198 30.429 0
      vertex 68.3198 33.571 0
      vertex 68.6341 33.6335 0
    endloop
  endfacet
  facet normal 0 0 -1
    outer loop
      vertex 68 30.45 0
      vertex 68.3198 33.571 0
      vertex 68.3198 30.429 0
    endloop
  endfacet
  facet normal 0 0 -1
    outer loop
      vertex 68 30.45 0
      vertex 68 33.55 0
      vertex 68.3198 33.571 0
    endloop
  endfacet
  facet normal 0 0 -1
    outer loop
      vertex 67.6802 30.429 0
      vertex 68 33.55 0
      vertex 68 30.45 0
    endloop
  endfacet
  facet normal 0 0 -1
    outer loop
      vertex 67.6802 30.429 0
      vertex 67.6802 33.571 0
      vertex 68 33.55 0
    endloop
  endfacet
  facet normal 0 0 -1
    outer loop
      vertex 67.3659 30.3665 0
      vertex 67.6802 33.571 0
      vertex 67.6802 30.429 0
    endloop
  endfacet
  facet normal 0 0 -1
    outer loop
      vertex 67.3659 30.3665 0
      vertex 67.3659 33.6335 0
      vertex 67.6802 33.571 0
    endloop
  endfacet
  facet normal 0 0 -1
    outer loop
      vertex 67.0624 30.2635 0
      vertex 67.3659 33.6335 0
      vertex 67.3659 30.3665 0
    endloop
  endfacet
  facet normal 0 0 -1
    outer loop
      vertex 67.0624 30.2635 0
      vertex 67.0624 33.7365 0
      vertex 67.3659 33.6335 0
    endloop
  endfacet
  facet normal 0 0 -1
    outer loop
      vertex 66.775 30.1218 0
      vertex 67.0624 33.7365 0
      vertex 67.0624 30.2635 0
    endloop
  endfacet
  facet normal 0 0 -1
    outer loop
      vertex 66.775 30.1218 0
      vertex 66.775 33.8782 0
      vertex 67.0624 33.7365 0
    endloop
  endfacet
  facet normal 0 0 -1
    outer loop
      vertex 66.5085 29.9437 0
      vertex 66.775 33.8782 0
      vertex 66.775 30.1218 0
    endloop
  endfacet
  facet normal 0 0 -1
    outer loop
      vertex 66.5085 29.9437 0
      vertex 66.5085 34.0563 0
      vertex 66.775 33.8782 0
    endloop
  endfacet
  facet normal 0 0 -1
    outer loop
      vertex 66.2676 29.7324 0
      vertex 66.5085 34.0563 0
      vertex 66.5085 29.9437 0
    endloop
  endfacet
  facet normal 0 0 -1
    outer loop
      vertex 66.2676 29.7324 0
      vertex 66.2676 34.2676 0
      vertex 66.5085 34.0563 0
    endloop
  endfacet
  facet normal 0 0 -1
    outer loop
      vertex 66.0563 29.4915 0
      vertex 66.2676 34.2676 0
      vertex 66.2676 29.7324 0
    endloop
  endfacet
  facet normal 0 0 -1
    outer loop
      vertex 66.0563 29.4915 0
      vertex 66.0563 34.5085 0
      vertex 66.2676 34.2676 0
    endloop
  endfacet
  facet normal 0 0 -1
    outer loop
      vertex 65.8782 29.225 0
      vertex 66.0563 34.5085 0
      vertex 66.0563 29.4915 0
    endloop
  endfacet
  facet normal 0 0 -1
    outer loop
      vertex 65.8782 29.225 0
      vertex 65.8782 34.775 0
      vertex 66.0563 34.5085 0
    endloop
  endfacet
  facet normal 0 0 -1
    outer loop
      vertex 65.7365 28.9376 0
      vertex 65.8782 34.775 0
      vertex 65.8782 29.225 0
    endloop
  endfacet
  facet normal 0 0 -1
    outer loop
      vertex 65.7365 28.9376 0
      vertex 65.7365 35.0624 0
      vertex 65.8782 34.775 0
    endloop
  endfacet
  facet normal 0 0 -1
    outer loop
      vertex 65.6335 28.6341 0
      vertex 65.7365 35.0624 0
      vertex 65.7365 28.9376 0
    endloop
  endfacet
  facet normal 0 0 -1
    outer loop
      vertex 65.6335 28.6341 0
      vertex 65.6335 35.3659 0
      vertex 65.7365 35.0624 0
    endloop
  endfacet
  facet normal 0 0 -1
    outer loop
      vertex 65.571 28.3198 0
      vertex 65.6335 35.3659 0
      vertex 65.6335 28.6341 0
    endloop
  endfacet
  facet normal 0 0 -1
    outer loop
      vertex 65.571 28.3198 0
      vertex 65.571 35.6802 0
      vertex 65.6335 35.3659 0
    endloop
  endfacet
  facet normal 0 0 -1
    outer loop
      vertex 65.55 28 0
      vertex 65.571 35.6802 0
      vertex 65.571 28.3198 0
    endloop
  endfacet
  facet normal -0 0 -1
    outer loop
      vertex 65.571 35.6802 0
      vertex 65.55 28 0
      vertex 65.55 36 0
    endloop
  endfacet
  facet normal 0 0 -1
    outer loop
      vertex 70.429 20.3198 0
      vertex 70.45 28 0
      vertex 70.45 20 0
    endloop
  endfacet
  facet normal 0 0 -1
    outer loop
      vertex 70.429 20.3198 0
      vertex 70.429 27.6802 0
      vertex 70.45 28 0
    endloop
  endfacet
  facet normal 0 0 -1
    outer loop
      vertex 70.3665 20.6341 0
      vertex 70.429 27.6802 0
      vertex 70.429 20.3198 0
    endloop
  endfacet
  facet normal 0 0 -1
    outer loop
      vertex 70.3665 20.6341 0
      vertex 70.3665 27.3659 0
      vertex 70.429 27.6802 0
    endloop
  endfacet
  facet normal 0 0 -1
    outer loop
      vertex 70.2635 20.9376 0
      vertex 70.3665 27.3659 0
      vertex 70.3665 20.6341 0
    endloop
  endfacet
  facet normal 0 0 -1
    outer loop
      vertex 70.2635 20.9376 0
      vertex 70.2635 27.0624 0
      vertex 70.3665 27.3659 0
    endloop
  endfacet
  facet normal 0 0 -1
    outer loop
      vertex 70.1218 21.225 0
      vertex 70.2635 27.0624 0
      vertex 70.2635 20.9376 0
    endloop
  endfacet
  facet normal 0 0 -1
    outer loop
      vertex 70.1218 21.225 0
      vertex 70.1218 26.775 0
      vertex 70.2635 27.0624 0
    endloop
  endfacet
  facet normal 0 0 -1
    outer loop
      vertex 69.9437 21.4915 0
      vertex 70.1218 26.775 0
      vertex 70.1218 21.225 0
    endloop
  endfacet
  facet normal 0 0 -1
    outer loop
      vertex 69.9437 21.4915 0
      vertex 69.9437 26.5085 0
      vertex 70.1218 26.775 0
    endloop
  endfacet
  facet normal 0 0 -1
    outer loop
      vertex 69.7324 21.7324 0
      vertex 69.9437 26.5085 0
      vertex 69.9437 21.4915 0
    endloop
  endfacet
  facet normal 0 0 -1
    outer loop
      vertex 69.7324 21.7324 0
      vertex 69.7324 26.2676 0
      vertex 69.9437 26.5085 0
    endloop
  endfacet
  facet normal 0 0 -1
    outer loop
      vertex 69.4915 21.9437 0
      vertex 69.7324 26.2676 0
      vertex 69.7324 21.7324 0
    endloop
  endfacet
  facet normal 0 0 -1
    outer loop
      vertex 69.4915 21.9437 0
      vertex 69.4915 26.0563 0
      vertex 69.7324 26.2676 0
    endloop
  endfacet
  facet normal 0 0 -1
    outer loop
      vertex 69.225 22.1218 0
      vertex 69.4915 26.0563 0
      vertex 69.4915 21.9437 0
    endloop
  endfacet
  facet normal 0 0 -1
    outer loop
      vertex 69.225 22.1218 0
      vertex 69.225 25.8782 0
      vertex 69.4915 26.0563 0
    endloop
  endfacet
  facet normal 0 0 -1
    outer loop
      vertex 68.9376 22.2635 0
      vertex 69.225 25.8782 0
      vertex 69.225 22.1218 0
    endloop
  endfacet
  facet normal 0 0 -1
    outer loop
      vertex 68.9376 22.2635 0
      vertex 68.9376 25.7365 0
      vertex 69.225 25.8782 0
    endloop
  endfacet
  facet normal 0 0 -1
    outer loop
      vertex 68.6341 22.3665 0
      vertex 68.9376 25.7365 0
      vertex 68.9376 22.2635 0
    endloop
  endfacet
  facet normal 0 0 -1
    outer loop
      vertex 68.6341 22.3665 0
      vertex 68.6341 25.6335 0
      vertex 68.9376 25.7365 0
    endloop
  endfacet
  facet normal 0 0 -1
    outer loop
      vertex 68.3198 22.429 0
      vertex 68.6341 25.6335 0
      vertex 68.6341 22.3665 0
    endloop
  endfacet
  facet normal 0 0 -1
    outer loop
      vertex 68.3198 22.429 0
      vertex 68.3198 25.571 0
      vertex 68.6341 25.6335 0
    endloop
  endfacet
  facet normal 0 0 -1
    outer loop
      vertex 68 22.45 0
      vertex 68.3198 25.571 0
      vertex 68.3198 22.429 0
    endloop
  endfacet
  facet normal 0 0 -1
    outer loop
      vertex 68 22.45 0
      vertex 68 25.55 0
      vertex 68.3198 25.571 0
    endloop
  endfacet
  facet normal 0 0 -1
    outer loop
      vertex 67.6802 22.429 0
      vertex 68 25.55 0
      vertex 68 22.45 0
    endloop
  endfacet
  facet normal 0 0 -1
    outer loop
      vertex 67.6802 22.429 0
      vertex 67.6802 25.571 0
      vertex 68 25.55 0
    endloop
  endfacet
  facet normal 0 0 -1
    outer loop
      vertex 67.3659 22.3665 0
      vertex 67.6802 25.571 0
      vertex 67.6802 22.429 0
    endloop
  endfacet
  facet normal 0 0 -1
    outer loop
      vertex 67.3659 22.3665 0
      vertex 67.3659 25.6335 0
      vertex 67.6802 25.571 0
    endloop
  endfacet
  facet normal 0 0 -1
    outer loop
      vertex 67.0624 22.2635 0
      vertex 67.3659 25.6335 0
      vertex 67.3659 22.3665 0
    endloop
  endfacet
  facet normal 0 0 -1
    outer loop
      vertex 67.0624 22.2635 0
      vertex 67.0624 25.7365 0
      vertex 67.3659 25.6335 0
    endloop
  endfacet
  facet normal 0 0 -1
    outer loop
      vertex 66.775 22.1218 0
      vertex 67.0624 25.7365 0
      vertex 67.0624 22.2635 0
    endloop
  endfacet
  facet normal 0 0 -1
    outer loop
      vertex 66.775 22.1218 0
      vertex 66.775 25.8782 0
      vertex 67.0624 25.7365 0
    endloop
  endfacet
  facet normal 0 0 -1
    outer loop
      vertex 66.5085 21.9437 0
      vertex 66.775 25.8782 0
      vertex 66.775 22.1218 0
    endloop
  endfacet
  facet normal 0 0 -1
    outer loop
      vertex 66.5085 21.9437 0
      vertex 66.5085 26.0563 0
      vertex 66.775 25.8782 0
    endloop
  endfacet
  facet normal 0 0 -1
    outer loop
      vertex 66.2676 21.7324 0
      vertex 66.5085 26.0563 0
      vertex 66.5085 21.9437 0
    endloop
  endfacet
  facet normal 0 0 -1
    outer loop
      vertex 66.2676 21.7324 0
      vertex 66.2676 26.2676 0
      vertex 66.5085 26.0563 0
    endloop
  endfacet
  facet normal 0 0 -1
    outer loop
      vertex 66.0563 21.4915 0
      vertex 66.2676 26.2676 0
      vertex 66.2676 21.7324 0
    endloop
  endfacet
  facet normal 0 0 -1
    outer loop
      vertex 66.0563 21.4915 0
      vertex 66.0563 26.5085 0
      vertex 66.2676 26.2676 0
    endloop
  endfacet
  facet normal 0 0 -1
    outer loop
      vertex 65.8782 21.225 0
      vertex 66.0563 26.5085 0
      vertex 66.0563 21.4915 0
    endloop
  endfacet
  facet normal 0 0 -1
    outer loop
      vertex 65.8782 21.225 0
      vertex 65.8782 26.775 0
      vertex 66.0563 26.5085 0
    endloop
  endfacet
  facet normal 0 0 -1
    outer loop
      vertex 65.7365 20.9376 0
      vertex 65.8782 26.775 0
      vertex 65.8782 21.225 0
    endloop
  endfacet
  facet normal 0 0 -1
    outer loop
      vertex 65.7365 20.9376 0
      vertex 65.7365 27.0624 0
      vertex 65.8782 26.775 0
    endloop
  endfacet
  facet normal 0 0 -1
    outer loop
      vertex 65.6335 20.6341 0
      vertex 65.7365 27.0624 0
      vertex 65.7365 20.9376 0
    endloop
  endfacet
  facet normal 0 0 -1
    outer loop
      vertex 65.6335 20.6341 0
      vertex 65.6335 27.3659 0
      vertex 65.7365 27.0624 0
    endloop
  endfacet
  facet normal 0 0 -1
    outer loop
      vertex 65.571 20.3198 0
      vertex 65.6335 27.3659 0
      vertex 65.6335 20.6341 0
    endloop
  endfacet
  facet normal 0 0 -1
    outer loop
      vertex 65.571 20.3198 0
      vertex 65.571 27.6802 0
      vertex 65.6335 27.3659 0
    endloop
  endfacet
  facet normal 0 0 -1
    outer loop
      vertex 53.7324 5.73241 0
      vertex 58.2676 5.73241 0
      vertex 53.9437 5.49146 0
    endloop
  endfacet
  facet normal 0 0 -1
    outer loop
      vertex 58.5085 5.94372 0
      vertex 53.4915 5.94372 0
      vertex 58.775 6.12176 0
    endloop
  endfacet
  facet normal 0 0 -1
    outer loop
      vertex 70.429 12.3198 0
      vertex 70.45 20 0
      vertex 70.45 12 0
    endloop
  endfacet
  facet normal 0 0 -1
    outer loop
      vertex 70.429 12.3198 0
      vertex 70.429 19.6802 0
      vertex 70.45 20 0
    endloop
  endfacet
  facet normal 0 0 -1
    outer loop
      vertex 70.3665 12.6341 0
      vertex 70.429 19.6802 0
      vertex 70.429 12.3198 0
    endloop
  endfacet
  facet normal 0 0 -1
    outer loop
      vertex 70.3665 12.6341 0
      vertex 70.3665 19.3659 0
      vertex 70.429 19.6802 0
    endloop
  endfacet
  facet normal 0 0 -1
    outer loop
      vertex 70.2635 12.9376 0
      vertex 70.3665 19.3659 0
      vertex 70.3665 12.6341 0
    endloop
  endfacet
  facet normal 0 0 -1
    outer loop
      vertex 70.2635 12.9376 0
      vertex 70.2635 19.0624 0
      vertex 70.3665 19.3659 0
    endloop
  endfacet
  facet normal 0 0 -1
    outer loop
      vertex 70.1218 13.225 0
      vertex 70.2635 19.0624 0
      vertex 70.2635 12.9376 0
    endloop
  endfacet
  facet normal 0 0 -1
    outer loop
      vertex 70.1218 13.225 0
      vertex 70.1218 18.775 0
      vertex 70.2635 19.0624 0
    endloop
  endfacet
  facet normal 0 0 -1
    outer loop
      vertex 69.9437 13.4915 0
      vertex 70.1218 18.775 0
      vertex 70.1218 13.225 0
    endloop
  endfacet
  facet normal 0 0 -1
    outer loop
      vertex 69.9437 13.4915 0
      vertex 69.9437 18.5085 0
      vertex 70.1218 18.775 0
    endloop
  endfacet
  facet normal 0 0 -1
    outer loop
      vertex 69.7324 13.7324 0
      vertex 69.9437 18.5085 0
      vertex 69.9437 13.4915 0
    endloop
  endfacet
  facet normal 0 0 -1
    outer loop
      vertex 69.7324 13.7324 0
      vertex 69.7324 18.2676 0
      vertex 69.9437 18.5085 0
    endloop
  endfacet
  facet normal 0 0 -1
    outer loop
      vertex 69.4915 13.9437 0
      vertex 69.7324 18.2676 0
      vertex 69.7324 13.7324 0
    endloop
  endfacet
  facet normal 0 0 -1
    outer loop
      vertex 69.4915 13.9437 0
      vertex 69.4915 18.0563 0
      vertex 69.7324 18.2676 0
    endloop
  endfacet
  facet normal 0 0 -1
    outer loop
      vertex 69.225 14.1218 0
      vertex 69.4915 18.0563 0
      vertex 69.4915 13.9437 0
    endloop
  endfacet
  facet normal 0 0 -1
    outer loop
      vertex 69.225 14.1218 0
      vertex 69.225 17.8782 0
      vertex 69.4915 18.0563 0
    endloop
  endfacet
  facet normal 0 0 -1
    outer loop
      vertex 68.9376 14.2635 0
      vertex 69.225 17.8782 0
      vertex 69.225 14.1218 0
    endloop
  endfacet
  facet normal 0 0 -1
    outer loop
      vertex 68.9376 14.2635 0
      vertex 68.9376 17.7365 0
      vertex 69.225 17.8782 0
    endloop
  endfacet
  facet normal 0 0 -1
    outer loop
      vertex 68.6341 14.3665 0
      vertex 68.9376 17.7365 0
      vertex 68.9376 14.2635 0
    endloop
  endfacet
  facet normal 0 0 -1
    outer loop
      vertex 68.6341 14.3665 0
      vertex 68.6341 17.6335 0
      vertex 68.9376 17.7365 0
    endloop
  endfacet
  facet normal 0 0 -1
    outer loop
      vertex 68.3198 14.429 0
      vertex 68.6341 17.6335 0
      vertex 68.6341 14.3665 0
    endloop
  endfacet
  facet normal 0 0 -1
    outer loop
      vertex 68.3198 14.429 0
      vertex 68.3198 17.571 0
      vertex 68.6341 17.6335 0
    endloop
  endfacet
  facet normal 0 0 -1
    outer loop
      vertex 68 14.45 0
      vertex 68.3198 17.571 0
      vertex 68.3198 14.429 0
    endloop
  endfacet
  facet normal 0 0 -1
    outer loop
      vertex 68 14.45 0
      vertex 68 17.55 0
      vertex 68.3198 17.571 0
    endloop
  endfacet
  facet normal 0 0 -1
    outer loop
      vertex 67.6802 14.429 0
      vertex 68 17.55 0
      vertex 68 14.45 0
    endloop
  endfacet
  facet normal 0 0 -1
    outer loop
      vertex 67.6802 14.429 0
      vertex 67.6802 17.571 0
      vertex 68 17.55 0
    endloop
  endfacet
  facet normal 0 0 -1
    outer loop
      vertex 67.3659 14.3665 0
      vertex 67.6802 17.571 0
      vertex 67.6802 14.429 0
    endloop
  endfacet
  facet normal 0 0 -1
    outer loop
      vertex 67.3659 14.3665 0
      vertex 67.3659 17.6335 0
      vertex 67.6802 17.571 0
    endloop
  endfacet
  facet normal 0 0 -1
    outer loop
      vertex 67.0624 14.2635 0
      vertex 67.3659 17.6335 0
      vertex 67.3659 14.3665 0
    endloop
  endfacet
  facet normal 0 0 -1
    outer loop
      vertex 67.0624 14.2635 0
      vertex 67.0624 17.7365 0
      vertex 67.3659 17.6335 0
    endloop
  endfacet
  facet normal 0 0 -1
    outer loop
      vertex 66.775 14.1218 0
      vertex 67.0624 17.7365 0
      vertex 67.0624 14.2635 0
    endloop
  endfacet
  facet normal 0 0 -1
    outer loop
      vertex 66.775 14.1218 0
      vertex 66.775 17.8782 0
      vertex 67.0624 17.7365 0
    endloop
  endfacet
  facet normal 0 0 -1
    outer loop
      vertex 66.5085 13.9437 0
      vertex 66.775 17.8782 0
      vertex 66.775 14.1218 0
    endloop
  endfacet
  facet normal 0 0 -1
    outer loop
      vertex 66.5085 13.9437 0
      vertex 66.5085 18.0563 0
      vertex 66.775 17.8782 0
    endloop
  endfacet
  facet normal 0 0 -1
    outer loop
      vertex 66.2676 13.7324 0
      vertex 66.5085 18.0563 0
      vertex 66.5085 13.9437 0
    endloop
  endfacet
  facet normal 0 0 -1
    outer loop
      vertex 66.2676 13.7324 0
      vertex 66.2676 18.2676 0
      vertex 66.5085 18.0563 0
    endloop
  endfacet
  facet normal 0 0 -1
    outer loop
      vertex 66.0563 13.4915 0
      vertex 66.2676 18.2676 0
      vertex 66.2676 13.7324 0
    endloop
  endfacet
  facet normal 0 0 -1
    outer loop
      vertex 66.0563 13.4915 0
      vertex 66.0563 18.5085 0
      vertex 66.2676 18.2676 0
    endloop
  endfacet
  facet normal 0 0 -1
    outer loop
      vertex 65.8782 13.225 0
      vertex 66.0563 18.5085 0
      vertex 66.0563 13.4915 0
    endloop
  endfacet
  facet normal 0 0 -1
    outer loop
      vertex 65.8782 13.225 0
      vertex 65.8782 18.775 0
      vertex 66.0563 18.5085 0
    endloop
  endfacet
  facet normal 0 0 -1
    outer loop
      vertex 65.7365 12.9376 0
      vertex 65.8782 18.775 0
      vertex 65.8782 13.225 0
    endloop
  endfacet
  facet normal 0 0 -1
    outer loop
      vertex 65.7365 12.9376 0
      vertex 65.7365 19.0624 0
      vertex 65.8782 18.775 0
    endloop
  endfacet
  facet normal 0 0 -1
    outer loop
      vertex 65.6335 12.6341 0
      vertex 65.7365 19.0624 0
      vertex 65.7365 12.9376 0
    endloop
  endfacet
  facet normal 0 0 -1
    outer loop
      vertex 65.6335 12.6341 0
      vertex 65.6335 19.3659 0
      vertex 65.7365 19.0624 0
    endloop
  endfacet
  facet normal -0 0 -1
    outer loop
      vertex 63.7528 7.01662 0
      vertex 61.225 6.12176 0
      vertex 63.8309 7.175 0
    endloop
  endfacet
  facet normal 0 0 -1
    outer loop
      vertex 60.6341 6.36652 0
      vertex 63.929 7.32183 0
      vertex 60.9376 6.2635 0
    endloop
  endfacet
  facet normal 0 0 -1
    outer loop
      vertex 64.325 7.66913 0
      vertex 65.7365 11.0624 0
      vertex 64.4834 7.74724 0
    endloop
  endfacet
  facet normal -0 0 -1
    outer loop
      vertex 65.7365 11.0624 0
      vertex 64.325 7.66913 0
      vertex 65.6335 11.3659 0
    endloop
  endfacet
  facet normal 0 0 -1
    outer loop
      vertex 70.429 11.6802 0
      vertex 72 0 0
      vertex 70.429 4.31979 0
    endloop
  endfacet
  facet normal 0 0 -1
    outer loop
      vertex 72 0 0
      vertex 70.429 11.6802 0
      vertex 70.45 12 0
    endloop
  endfacet
  facet normal 0 0 -1
    outer loop
      vertex 70.3665 4.63411 0
      vertex 70.429 11.6802 0
      vertex 70.429 4.31979 0
    endloop
  endfacet
  facet normal 0 0 -1
    outer loop
      vertex 70.3665 4.63411 0
      vertex 70.3665 11.3659 0
      vertex 70.429 11.6802 0
    endloop
  endfacet
  facet normal 0 0 -1
    outer loop
      vertex 70.2635 4.93757 0
      vertex 70.3665 11.3659 0
      vertex 70.3665 4.63411 0
    endloop
  endfacet
  facet normal 0 0 -1
    outer loop
      vertex 70.2635 4.93757 0
      vertex 70.2635 11.0624 0
      vertex 70.3665 11.3659 0
    endloop
  endfacet
  facet normal 0 0 -1
    outer loop
      vertex 70.1218 5.225 0
      vertex 70.2635 11.0624 0
      vertex 70.2635 4.93757 0
    endloop
  endfacet
  facet normal 0 0 -1
    outer loop
      vertex 70.1218 5.225 0
      vertex 70.1218 10.775 0
      vertex 70.2635 11.0624 0
    endloop
  endfacet
  facet normal 0 0 -1
    outer loop
      vertex 69.9437 5.49146 0
      vertex 70.1218 10.775 0
      vertex 70.1218 5.225 0
    endloop
  endfacet
  facet normal 0 0 -1
    outer loop
      vertex 69.9437 5.49146 0
      vertex 69.9437 10.5085 0
      vertex 70.1218 10.775 0
    endloop
  endfacet
  facet normal 0 0 -1
    outer loop
      vertex 69.7324 5.73241 0
      vertex 69.9437 10.5085 0
      vertex 69.9437 5.49146 0
    endloop
  endfacet
  facet normal 0 0 -1
    outer loop
      vertex 69.7324 5.73241 0
      vertex 69.7324 10.2676 0
      vertex 69.9437 10.5085 0
    endloop
  endfacet
  facet normal 0 0 -1
    outer loop
      vertex 69.4915 5.94372 0
      vertex 69.7324 10.2676 0
      vertex 69.7324 5.73241 0
    endloop
  endfacet
  facet normal 0 0 -1
    outer loop
      vertex 69.4915 5.94372 0
      vertex 69.4915 10.0563 0
      vertex 69.7324 10.2676 0
    endloop
  endfacet
  facet normal 0 0 -1
    outer loop
      vertex 69.225 6.12176 0
      vertex 69.4915 10.0563 0
      vertex 69.4915 5.94372 0
    endloop
  endfacet
  facet normal 0 0 -1
    outer loop
      vertex 69.225 6.12176 0
      vertex 69.225 9.87824 0
      vertex 69.4915 10.0563 0
    endloop
  endfacet
  facet normal 0 0 -1
    outer loop
      vertex 68.9376 6.2635 0
      vertex 69.225 9.87824 0
      vertex 69.225 6.12176 0
    endloop
  endfacet
  facet normal 0 0 -1
    outer loop
      vertex 68.9376 6.2635 0
      vertex 68.9376 9.7365 0
      vertex 69.225 9.87824 0
    endloop
  endfacet
  facet normal 0 0 -1
    outer loop
      vertex 68.6341 6.36652 0
      vertex 68.9376 9.7365 0
      vertex 68.9376 6.2635 0
    endloop
  endfacet
  facet normal 0 0 -1
    outer loop
      vertex 68.6341 6.36652 0
      vertex 68.6341 9.63348 0
      vertex 68.9376 9.7365 0
    endloop
  endfacet
  facet normal 0 0 -1
    outer loop
      vertex 68.3198 6.42904 0
      vertex 68.6341 9.63348 0
      vertex 68.6341 6.36652 0
    endloop
  endfacet
  facet normal 0 0 -1
    outer loop
      vertex 68.3198 6.42904 0
      vertex 68.3198 9.57096 0
      vertex 68.6341 9.63348 0
    endloop
  endfacet
  facet normal 0 0 -1
    outer loop
      vertex 68 6.45 0
      vertex 68.3198 9.57096 0
      vertex 68.3198 6.42904 0
    endloop
  endfacet
  facet normal 0 0 -1
    outer loop
      vertex 68 6.45 0
      vertex 68 9.55 0
      vertex 68.3198 9.57096 0
    endloop
  endfacet
  facet normal 0 0 -1
    outer loop
      vertex 67.6802 6.42904 0
      vertex 68 9.55 0
      vertex 68 6.45 0
    endloop
  endfacet
  facet normal 0 0 -1
    outer loop
      vertex 67.6802 6.42904 0
      vertex 67.6802 9.57096 0
      vertex 68 9.55 0
    endloop
  endfacet
  facet normal 0 0 -1
    outer loop
      vertex 66.2472 7.01662 0
      vertex 67.6802 6.42904 0
      vertex 67.3659 6.36652 0
    endloop
  endfacet
  facet normal 0 0 -1
    outer loop
      vertex 67.6802 6.42904 0
      vertex 66.1691 7.175 0
      vertex 67.6802 9.57096 0
    endloop
  endfacet
  facet normal 0 0 -1
    outer loop
      vertex 66.304 6.84941 0
      vertex 67.3659 6.36652 0
      vertex 67.0624 6.2635 0
    endloop
  endfacet
  facet normal 0 0 -1
    outer loop
      vertex 66.071 7.32183 0
      vertex 67.6802 9.57096 0
      vertex 66.1691 7.175 0
    endloop
  endfacet
  facet normal 0 0 -1
    outer loop
      vertex 66.35 6.5 0
      vertex 67.0624 6.2635 0
      vertex 66.775 6.12176 0
    endloop
  endfacet
  facet normal 0 0 -1
    outer loop
      vertex 67.6802 6.42904 0
      vertex 66.2472 7.01662 0
      vertex 66.1691 7.175 0
    endloop
  endfacet
  facet normal 0 0 -1
    outer loop
      vertex 66.304 6.15059 0
      vertex 66.775 6.12176 0
      vertex 66.5085 5.94372 0
    endloop
  endfacet
  facet normal 0 0 -1
    outer loop
      vertex 67.0624 6.2635 0
      vertex 66.3384 6.67621 0
      vertex 66.304 6.84941 0
    endloop
  endfacet
  facet normal 0 0 -1
    outer loop
      vertex 67.0624 6.2635 0
      vertex 66.35 6.5 0
      vertex 66.3384 6.67621 0
    endloop
  endfacet
  facet normal 0 0 -1
    outer loop
      vertex 66.775 6.12176 0
      vertex 66.3384 6.32379 0
      vertex 66.35 6.5 0
    endloop
  endfacet
  facet normal 0 0 -1
    outer loop
      vertex 66.775 6.12176 0
      vertex 66.304 6.15059 0
      vertex 66.3384 6.32379 0
    endloop
  endfacet
  facet normal 0 0 -1
    outer loop
      vertex 66.2472 5.98338 0
      vertex 66.5085 5.94372 0
      vertex 66.2676 5.73241 0
    endloop
  endfacet
  facet normal 0 0 -1
    outer loop
      vertex 66.5085 5.94372 0
      vertex 66.2472 5.98338 0
      vertex 66.304 6.15059 0
    endloop
  endfacet
  facet normal 0 0 -1
    outer loop
      vertex 66.2676 5.73241 0
      vertex 66.1691 5.825 0
      vertex 66.2472 5.98338 0
    endloop
  endfacet
  facet normal -0 0 -1
    outer loop
      vertex 66.2676 5.73241 0
      vertex 66.071 5.67817 0
      vertex 66.1691 5.825 0
    endloop
  endfacet
  facet normal 0 0 -1
    outer loop
      vertex 66.0563 5.49146 0
      vertex 66.071 5.67817 0
      vertex 66.2676 5.73241 0
    endloop
  endfacet
  facet normal 0 0 -1
    outer loop
      vertex 66.0563 5.49146 0
      vertex 65.9546 5.54541 0
      vertex 66.071 5.67817 0
    endloop
  endfacet
  facet normal 0 0 -1
    outer loop
      vertex 65.8218 5.42897 0
      vertex 66.0563 5.49146 0
      vertex 65.8782 5.225 0
    endloop
  endfacet
  facet normal -0 0 -1
    outer loop
      vertex 66.0563 5.49146 0
      vertex 65.8218 5.42897 0
      vertex 65.9546 5.54541 0
    endloop
  endfacet
  facet normal 0 0 -1
    outer loop
      vertex 65.675 5.33086 0
      vertex 65.8782 5.225 0
      vertex 65.7365 4.93757 0
    endloop
  endfacet
  facet normal 0 0 -1
    outer loop
      vertex 65.8782 5.225 0
      vertex 65.675 5.33086 0
      vertex 65.8218 5.42897 0
    endloop
  endfacet
  facet normal 0 0 -1
    outer loop
      vertex 65.3494 5.196 0
      vertex 65.7365 4.93757 0
      vertex 65.6335 4.63411 0
    endloop
  endfacet
  facet normal 0 0 -1
    outer loop
      vertex 65 5.15 0
      vertex 65.6335 4.63411 0
      vertex 65.571 4.31979 0
    endloop
  endfacet
  facet normal 0 0 -1
    outer loop
      vertex 65.7365 4.93757 0
      vertex 65.5166 5.25276 0
      vertex 65.675 5.33086 0
    endloop
  endfacet
  facet normal 0 0 -1
    outer loop
      vertex 64.8238 5.16155 0
      vertex 65.571 4.31979 0
      vertex 65.55 4 0
    endloop
  endfacet
  facet normal 0 0 -1
    outer loop
      vertex 70.429 4.31979 0
      vertex 72 0 0
      vertex 70.45 4 0
    endloop
  endfacet
  facet normal 0 0 -1
    outer loop
      vertex 72 0 0
      vertex 70.429 3.68021 0
      vertex 70.45 4 0
    endloop
  endfacet
  facet normal 0 0 -1
    outer loop
      vertex 72 0 0
      vertex 70.3665 3.36589 0
      vertex 70.429 3.68021 0
    endloop
  endfacet
  facet normal 0 0 -1
    outer loop
      vertex 72 0 0
      vertex 70.2635 3.06242 0
      vertex 70.3665 3.36589 0
    endloop
  endfacet
  facet normal 0 0 -1
    outer loop
      vertex 72 0 0
      vertex 70.1218 2.775 0
      vertex 70.2635 3.06242 0
    endloop
  endfacet
  facet normal 0 0 -1
    outer loop
      vertex 72 0 0
      vertex 69.9437 2.50853 0
      vertex 70.1218 2.775 0
    endloop
  endfacet
  facet normal 0 0 -1
    outer loop
      vertex 72 0 0
      vertex 69.7324 2.26759 0
      vertex 69.9437 2.50853 0
    endloop
  endfacet
  facet normal 0 0 -1
    outer loop
      vertex 72 0 0
      vertex 69.4915 2.05628 0
      vertex 69.7324 2.26759 0
    endloop
  endfacet
  facet normal 0 0 -1
    outer loop
      vertex 72 0 0
      vertex 69.225 1.87824 0
      vertex 69.4915 2.05628 0
    endloop
  endfacet
  facet normal 0 0 -1
    outer loop
      vertex 72 0 0
      vertex 68.9376 1.7365 0
      vertex 69.225 1.87824 0
    endloop
  endfacet
  facet normal 0 0 -1
    outer loop
      vertex 72 0 0
      vertex 68.6341 1.63348 0
      vertex 68.9376 1.7365 0
    endloop
  endfacet
  facet normal 0 0 -1
    outer loop
      vertex 72 0 0
      vertex 68.3198 1.57096 0
      vertex 68.6341 1.63348 0
    endloop
  endfacet
  facet normal 0 0 -1
    outer loop
      vertex 72 0 0
      vertex 68 1.55 0
      vertex 68.3198 1.57096 0
    endloop
  endfacet
  facet normal 0 0 -1
    outer loop
      vertex 72 0 0
      vertex 67.6802 1.57096 0
      vertex 68 1.55 0
    endloop
  endfacet
  facet normal 0 0 -1
    outer loop
      vertex 72 0 0
      vertex 67.3659 1.63348 0
      vertex 67.6802 1.57096 0
    endloop
  endfacet
  facet normal 0 0 -1
    outer loop
      vertex 60.6341 1.63348 0
      vertex 67.3659 1.63348 0
      vertex 72 0 0
    endloop
  endfacet
  facet normal 0 0 -1
    outer loop
      vertex 65.7365 4.93757 0
      vertex 65.3494 5.196 0
      vertex 65.5166 5.25276 0
    endloop
  endfacet
  facet normal 0 0 -1
    outer loop
      vertex 62.45 4 0
      vertex 65.55 4 0
      vertex 65.571 3.68021 0
    endloop
  endfacet
  facet normal 0 0 -1
    outer loop
      vertex 65.6335 4.63411 0
      vertex 65.1762 5.16155 0
      vertex 65.3494 5.196 0
    endloop
  endfacet
  facet normal 0 0 -1
    outer loop
      vertex 62.429 3.68021 0
      vertex 65.571 3.68021 0
      vertex 65.6335 3.36589 0
    endloop
  endfacet
  facet normal 0 0 -1
    outer loop
      vertex 65.6335 4.63411 0
      vertex 65 5.15 0
      vertex 65.1762 5.16155 0
    endloop
  endfacet
  facet normal 0 0 -1
    outer loop
      vertex 62.3665 3.36589 0
      vertex 65.6335 3.36589 0
      vertex 65.7365 3.06242 0
    endloop
  endfacet
  facet normal 0 0 -1
    outer loop
      vertex 65.571 4.31979 0
      vertex 64.8238 5.16155 0
      vertex 65 5.15 0
    endloop
  endfacet
  facet normal 0 0 -1
    outer loop
      vertex 65.55 4 0
      vertex 64.6506 5.196 0
      vertex 64.8238 5.16155 0
    endloop
  endfacet
  facet normal 0 0 -1
    outer loop
      vertex 62.2635 3.06242 0
      vertex 65.7365 3.06242 0
      vertex 65.8782 2.775 0
    endloop
  endfacet
  facet normal 0 -0 -1
    outer loop
      vertex 62.45 4 0
      vertex 65.571 3.68021 0
      vertex 62.429 3.68021 0
    endloop
  endfacet
  facet normal 0 0 -1
    outer loop
      vertex 65.55 4 0
      vertex 64.4834 5.25276 0
      vertex 64.6506 5.196 0
    endloop
  endfacet
  facet normal 0 0 -1
    outer loop
      vertex 65.55 4 0
      vertex 62.45 4 0
      vertex 64.4834 5.25276 0
    endloop
  endfacet
  facet normal -0 0 -1
    outer loop
      vertex 64.4834 5.25276 0
      vertex 62.45 4 0
      vertex 64.325 5.33086 0
    endloop
  endfacet
  facet normal -0 0 -1
    outer loop
      vertex 64.325 5.33086 0
      vertex 62.429 4.31979 0
      vertex 64.1782 5.42897 0
    endloop
  endfacet
  facet normal 0 0 -1
    outer loop
      vertex 62.1218 2.775 0
      vertex 65.8782 2.775 0
      vertex 66.0563 2.50853 0
    endloop
  endfacet
  facet normal -0 0 -1
    outer loop
      vertex 64.0454 54.5454 0
      vertex 62.1218 53.225 0
      vertex 63.929 54.6782 0
    endloop
  endfacet
  facet normal 0 0 -1
    outer loop
      vertex 62.1218 5.225 0
      vertex 63.8309 5.825 0
      vertex 62.2635 4.93757 0
    endloop
  endfacet
  facet normal -0 0 -1
    outer loop
      vertex 63.929 5.67817 0
      vertex 62.2635 4.93757 0
      vertex 63.8309 5.825 0
    endloop
  endfacet
  facet normal 0 0 -1
    outer loop
      vertex 62.2635 4.93757 0
      vertex 63.929 5.67817 0
      vertex 62.3665 4.63411 0
    endloop
  endfacet
  facet normal -0 0 -1
    outer loop
      vertex 64.0454 5.54541 0
      vertex 62.3665 4.63411 0
      vertex 63.929 5.67817 0
    endloop
  endfacet
  facet normal -0 0 -1
    outer loop
      vertex 64.1782 5.42897 0
      vertex 62.3665 4.63411 0
      vertex 64.0454 5.54541 0
    endloop
  endfacet
  facet normal 0 0 -1
    outer loop
      vertex 62.3665 4.63411 0
      vertex 64.1782 5.42897 0
      vertex 62.429 4.31979 0
    endloop
  endfacet
  facet normal 0 0 -1
    outer loop
      vertex 61.9437 2.50853 0
      vertex 66.0563 2.50853 0
      vertex 66.2676 2.26759 0
    endloop
  endfacet
  facet normal 0 0 -1
    outer loop
      vertex 61.7324 2.26759 0
      vertex 66.2676 2.26759 0
      vertex 66.5085 2.05628 0
    endloop
  endfacet
  facet normal 0 0 -1
    outer loop
      vertex 61.4915 2.05628 0
      vertex 66.5085 2.05628 0
      vertex 66.775 1.87824 0
    endloop
  endfacet
  facet normal 0 0 -1
    outer loop
      vertex 61.225 1.87824 0
      vertex 66.775 1.87824 0
      vertex 67.0624 1.7365 0
    endloop
  endfacet
  facet normal 0 0 -1
    outer loop
      vertex 62.429 4.31979 0
      vertex 64.325 5.33086 0
      vertex 62.45 4 0
    endloop
  endfacet
  facet normal 0 0 -1
    outer loop
      vertex 65.6335 3.36589 0
      vertex 62.3665 3.36589 0
      vertex 62.429 3.68021 0
    endloop
  endfacet
  facet normal 0 0 -1
    outer loop
      vertex 67.3659 1.63348 0
      vertex 60.6341 1.63348 0
      vertex 67.0624 1.7365 0
    endloop
  endfacet
  facet normal 0 0 -1
    outer loop
      vertex 65.7365 3.06242 0
      vertex 62.2635 3.06242 0
      vertex 62.3665 3.36589 0
    endloop
  endfacet
  facet normal 0 0 -1
    outer loop
      vertex 65.8782 2.775 0
      vertex 62.1218 2.775 0
      vertex 62.2635 3.06242 0
    endloop
  endfacet
  facet normal 0 0 -1
    outer loop
      vertex 66.0563 2.50853 0
      vertex 61.9437 2.50853 0
      vertex 62.1218 2.775 0
    endloop
  endfacet
  facet normal 0 0 -1
    outer loop
      vertex 66.2676 2.26759 0
      vertex 61.7324 2.26759 0
      vertex 61.9437 2.50853 0
    endloop
  endfacet
  facet normal 0 0 -1
    outer loop
      vertex 66.5085 2.05628 0
      vertex 61.4915 2.05628 0
      vertex 61.7324 2.26759 0
    endloop
  endfacet
  facet normal 0 0 -1
    outer loop
      vertex 66.775 1.87824 0
      vertex 61.225 1.87824 0
      vertex 61.4915 2.05628 0
    endloop
  endfacet
  facet normal 0 0 -1
    outer loop
      vertex 67.0624 1.7365 0
      vertex 60.9376 1.7365 0
      vertex 61.225 1.87824 0
    endloop
  endfacet
  facet normal -0 0 -1
    outer loop
      vertex 67.0624 1.7365 0
      vertex 60.6341 1.63348 0
      vertex 60.9376 1.7365 0
    endloop
  endfacet
  facet normal 0 0 -1
    outer loop
      vertex 72 0 0
      vertex 60.3198 1.57096 0
      vertex 60.6341 1.63348 0
    endloop
  endfacet
  facet normal 0 0 -1
    outer loop
      vertex 72 0 0
      vertex 60 1.55 0
      vertex 60.3198 1.57096 0
    endloop
  endfacet
  facet normal 0 0 -1
    outer loop
      vertex 52 1.55 0
      vertex 60 1.55 0
      vertex 72 0 0
    endloop
  endfacet
  facet normal 0 0 -1
    outer loop
      vertex 57.6335 51.3659 0
      vertex 54.45 52 0
      vertex 57.571 51.6802 0
    endloop
  endfacet
  facet normal 0 0 -1
    outer loop
      vertex 57.571 3.68021 0
      vertex 54.45 4 0
      vertex 57.55 4 0
    endloop
  endfacet
  facet normal 0 0 -1
    outer loop
      vertex 54.429 3.68021 0
      vertex 57.571 3.68021 0
      vertex 57.6335 3.36589 0
    endloop
  endfacet
  facet normal 0 0 -1
    outer loop
      vertex 54.3665 3.36589 0
      vertex 57.6335 3.36589 0
      vertex 57.7365 3.06242 0
    endloop
  endfacet
  facet normal 0 0 -1
    outer loop
      vertex 54.2635 3.06242 0
      vertex 57.7365 3.06242 0
      vertex 57.8782 2.775 0
    endloop
  endfacet
  facet normal 0 0 -1
    outer loop
      vertex 54.1218 2.775 0
      vertex 57.8782 2.775 0
      vertex 58.0563 2.50853 0
    endloop
  endfacet
  facet normal 0 0 -1
    outer loop
      vertex 53.9437 2.50853 0
      vertex 58.0563 2.50853 0
      vertex 58.2676 2.26759 0
    endloop
  endfacet
  facet normal 0 0 -1
    outer loop
      vertex 53.7324 2.26759 0
      vertex 58.2676 2.26759 0
      vertex 58.5085 2.05628 0
    endloop
  endfacet
  facet normal 0 0 -1
    outer loop
      vertex 53.4915 2.05628 0
      vertex 58.5085 2.05628 0
      vertex 58.775 1.87824 0
    endloop
  endfacet
  facet normal 0 0 -1
    outer loop
      vertex 53.225 1.87824 0
      vertex 58.775 1.87824 0
      vertex 59.0624 1.7365 0
    endloop
  endfacet
  facet normal 0 0 -1
    outer loop
      vertex 57.571 3.68021 0
      vertex 54.429 3.68021 0
      vertex 54.45 4 0
    endloop
  endfacet
  facet normal 0 0 -1
    outer loop
      vertex 57.6335 3.36589 0
      vertex 54.3665 3.36589 0
      vertex 54.429 3.68021 0
    endloop
  endfacet
  facet normal 0 0 -1
    outer loop
      vertex 57.7365 3.06242 0
      vertex 54.2635 3.06242 0
      vertex 54.3665 3.36589 0
    endloop
  endfacet
  facet normal 0 0 -1
    outer loop
      vertex 52.9376 1.7365 0
      vertex 59.0624 1.7365 0
      vertex 59.3659 1.63348 0
    endloop
  endfacet
  facet normal 0 0 -1
    outer loop
      vertex 57.8782 2.775 0
      vertex 54.1218 2.775 0
      vertex 54.2635 3.06242 0
    endloop
  endfacet
  facet normal 0 0 -1
    outer loop
      vertex 58.0563 2.50853 0
      vertex 53.9437 2.50853 0
      vertex 54.1218 2.775 0
    endloop
  endfacet
  facet normal 0 0 -1
    outer loop
      vertex 52.6341 1.63348 0
      vertex 59.3659 1.63348 0
      vertex 59.6802 1.57096 0
    endloop
  endfacet
  facet normal 0 0 -1
    outer loop
      vertex 58.2676 2.26759 0
      vertex 53.7324 2.26759 0
      vertex 53.9437 2.50853 0
    endloop
  endfacet
  facet normal 0 0 -1
    outer loop
      vertex 60 1.55 0
      vertex 52 1.55 0
      vertex 59.6802 1.57096 0
    endloop
  endfacet
  facet normal 0 0 -1
    outer loop
      vertex 58.5085 2.05628 0
      vertex 53.4915 2.05628 0
      vertex 53.7324 2.26759 0
    endloop
  endfacet
  facet normal 0 0 -1
    outer loop
      vertex 58.775 1.87824 0
      vertex 53.225 1.87824 0
      vertex 53.4915 2.05628 0
    endloop
  endfacet
  facet normal 0 0 -1
    outer loop
      vertex 59.0624 1.7365 0
      vertex 52.9376 1.7365 0
      vertex 53.225 1.87824 0
    endloop
  endfacet
  facet normal 0 0 -1
    outer loop
      vertex 59.3659 1.63348 0
      vertex 52.6341 1.63348 0
      vertex 52.9376 1.7365 0
    endloop
  endfacet
  facet normal 0 0 -1
    outer loop
      vertex 59.6802 1.57096 0
      vertex 52.3198 1.57096 0
      vertex 52.6341 1.63348 0
    endloop
  endfacet
  facet normal -0 0 -1
    outer loop
      vertex 59.6802 1.57096 0
      vertex 52 1.55 0
      vertex 52.3198 1.57096 0
    endloop
  endfacet
  facet normal 0 0 -1
    outer loop
      vertex 44 1.55 0
      vertex 52 1.55 0
      vertex 72 0 0
    endloop
  endfacet
  facet normal 0 0 -1
    outer loop
      vertex 49.6335 51.3659 0
      vertex 46.45 52 0
      vertex 49.571 51.6802 0
    endloop
  endfacet
  facet normal 0 0 -1
    outer loop
      vertex 49.571 3.68021 0
      vertex 46.45 4 0
      vertex 49.55 4 0
    endloop
  endfacet
  facet normal 0 0 -1
    outer loop
      vertex 46.429 3.68021 0
      vertex 49.571 3.68021 0
      vertex 49.6335 3.36589 0
    endloop
  endfacet
  facet normal 0 0 -1
    outer loop
      vertex 46.3665 3.36589 0
      vertex 49.6335 3.36589 0
      vertex 49.7365 3.06242 0
    endloop
  endfacet
  facet normal 0 0 -1
    outer loop
      vertex 46.2635 3.06242 0
      vertex 49.7365 3.06242 0
      vertex 49.8782 2.775 0
    endloop
  endfacet
  facet normal 0 0 -1
    outer loop
      vertex 46.1218 2.775 0
      vertex 49.8782 2.775 0
      vertex 50.0563 2.50853 0
    endloop
  endfacet
  facet normal 0 0 -1
    outer loop
      vertex 45.9437 2.50853 0
      vertex 50.0563 2.50853 0
      vertex 50.2676 2.26759 0
    endloop
  endfacet
  facet normal 0 0 -1
    outer loop
      vertex 45.7324 2.26759 0
      vertex 50.2676 2.26759 0
      vertex 50.5085 2.05628 0
    endloop
  endfacet
  facet normal 0 0 -1
    outer loop
      vertex 45.4915 2.05628 0
      vertex 50.5085 2.05628 0
      vertex 50.775 1.87824 0
    endloop
  endfacet
  facet normal 0 0 -1
    outer loop
      vertex 45.225 1.87824 0
      vertex 50.775 1.87824 0
      vertex 51.0624 1.7365 0
    endloop
  endfacet
  facet normal 0 0 -1
    outer loop
      vertex 49.571 3.68021 0
      vertex 46.429 3.68021 0
      vertex 46.45 4 0
    endloop
  endfacet
  facet normal 0 0 -1
    outer loop
      vertex 49.6335 3.36589 0
      vertex 46.3665 3.36589 0
      vertex 46.429 3.68021 0
    endloop
  endfacet
  facet normal 0 0 -1
    outer loop
      vertex 49.7365 3.06242 0
      vertex 46.2635 3.06242 0
      vertex 46.3665 3.36589 0
    endloop
  endfacet
  facet normal 0 0 -1
    outer loop
      vertex 44.9376 1.7365 0
      vertex 51.0624 1.7365 0
      vertex 51.3659 1.63348 0
    endloop
  endfacet
  facet normal 0 0 -1
    outer loop
      vertex 49.8782 2.775 0
      vertex 46.1218 2.775 0
      vertex 46.2635 3.06242 0
    endloop
  endfacet
  facet normal 0 0 -1
    outer loop
      vertex 50.0563 2.50853 0
      vertex 45.9437 2.50853 0
      vertex 46.1218 2.775 0
    endloop
  endfacet
  facet normal 0 0 -1
    outer loop
      vertex 44.6341 1.63348 0
      vertex 51.3659 1.63348 0
      vertex 51.6802 1.57096 0
    endloop
  endfacet
  facet normal 0 0 -1
    outer loop
      vertex 50.2676 2.26759 0
      vertex 45.7324 2.26759 0
      vertex 45.9437 2.50853 0
    endloop
  endfacet
  facet normal 0 0 -1
    outer loop
      vertex 50.5085 2.05628 0
      vertex 45.4915 2.05628 0
      vertex 45.7324 2.26759 0
    endloop
  endfacet
  facet normal 0 0 -1
    outer loop
      vertex 50.775 1.87824 0
      vertex 45.225 1.87824 0
      vertex 45.4915 2.05628 0
    endloop
  endfacet
  facet normal 0 0 -1
    outer loop
      vertex 52 1.55 0
      vertex 44 1.55 0
      vertex 51.6802 1.57096 0
    endloop
  endfacet
  facet normal 0 0 -1
    outer loop
      vertex 51.0624 1.7365 0
      vertex 44.9376 1.7365 0
      vertex 45.225 1.87824 0
    endloop
  endfacet
  facet normal 0 0 -1
    outer loop
      vertex 51.3659 1.63348 0
      vertex 44.6341 1.63348 0
      vertex 44.9376 1.7365 0
    endloop
  endfacet
  facet normal 0 0 -1
    outer loop
      vertex 51.6802 1.57096 0
      vertex 44.3198 1.57096 0
      vertex 44.6341 1.63348 0
    endloop
  endfacet
  facet normal -0 0 -1
    outer loop
      vertex 51.6802 1.57096 0
      vertex 44 1.55 0
      vertex 44.3198 1.57096 0
    endloop
  endfacet
  facet normal 0 0 -1
    outer loop
      vertex 41.6335 51.3659 0
      vertex 38.45 52 0
      vertex 41.571 51.6802 0
    endloop
  endfacet
  facet normal 0 0 -1
    outer loop
      vertex 41.571 3.68021 0
      vertex 38.45 4 0
      vertex 41.55 4 0
    endloop
  endfacet
  facet normal 0 0 -1
    outer loop
      vertex 38.429 3.68021 0
      vertex 41.571 3.68021 0
      vertex 41.6335 3.36589 0
    endloop
  endfacet
  facet normal 0 0 -1
    outer loop
      vertex 38.3665 3.36589 0
      vertex 41.6335 3.36589 0
      vertex 41.7365 3.06242 0
    endloop
  endfacet
  facet normal 0 0 -1
    outer loop
      vertex 38.2635 3.06242 0
      vertex 41.7365 3.06242 0
      vertex 41.8782 2.775 0
    endloop
  endfacet
  facet normal 0 0 -1
    outer loop
      vertex 38.1218 2.775 0
      vertex 41.8782 2.775 0
      vertex 42.0563 2.50853 0
    endloop
  endfacet
  facet normal 0 0 -1
    outer loop
      vertex 37.9437 2.50853 0
      vertex 42.0563 2.50853 0
      vertex 42.2676 2.26759 0
    endloop
  endfacet
  facet normal 0 0 -1
    outer loop
      vertex 37.7324 2.26759 0
      vertex 42.2676 2.26759 0
      vertex 42.5085 2.05628 0
    endloop
  endfacet
  facet normal 0 0 -1
    outer loop
      vertex 37.4915 2.05628 0
      vertex 42.5085 2.05628 0
      vertex 42.775 1.87824 0
    endloop
  endfacet
  facet normal 0 0 -1
    outer loop
      vertex 37.225 1.87824 0
      vertex 42.775 1.87824 0
      vertex 43.0624 1.7365 0
    endloop
  endfacet
  facet normal 0 0 -1
    outer loop
      vertex 41.571 3.68021 0
      vertex 38.429 3.68021 0
      vertex 38.45 4 0
    endloop
  endfacet
  facet normal 0 0 -1
    outer loop
      vertex 41.6335 3.36589 0
      vertex 38.3665 3.36589 0
      vertex 38.429 3.68021 0
    endloop
  endfacet
  facet normal 0 0 -1
    outer loop
      vertex 41.7365 3.06242 0
      vertex 38.2635 3.06242 0
      vertex 38.3665 3.36589 0
    endloop
  endfacet
  facet normal 0 0 -1
    outer loop
      vertex 36.9376 1.7365 0
      vertex 43.0624 1.7365 0
      vertex 43.3659 1.63348 0
    endloop
  endfacet
  facet normal 0 0 -1
    outer loop
      vertex 41.8782 2.775 0
      vertex 38.1218 2.775 0
      vertex 38.2635 3.06242 0
    endloop
  endfacet
  facet normal 0 0 -1
    outer loop
      vertex 42.0563 2.50853 0
      vertex 37.9437 2.50853 0
      vertex 38.1218 2.775 0
    endloop
  endfacet
  facet normal 0 0 -1
    outer loop
      vertex 36.6341 1.63348 0
      vertex 43.3659 1.63348 0
      vertex 43.6802 1.57096 0
    endloop
  endfacet
  facet normal 0 0 -1
    outer loop
      vertex 42.2676 2.26759 0
      vertex 37.7324 2.26759 0
      vertex 37.9437 2.50853 0
    endloop
  endfacet
  facet normal 0 0 -1
    outer loop
      vertex 42.5085 2.05628 0
      vertex 37.4915 2.05628 0
      vertex 37.7324 2.26759 0
    endloop
  endfacet
  facet normal 0 0 -1
    outer loop
      vertex 42.775 1.87824 0
      vertex 37.225 1.87824 0
      vertex 37.4915 2.05628 0
    endloop
  endfacet
  facet normal 0 0 -1
    outer loop
      vertex 36.3198 1.57096 0
      vertex 43.6802 1.57096 0
      vertex 44 1.55 0
    endloop
  endfacet
  facet normal 0 0 -1
    outer loop
      vertex 36 1.55 0
      vertex 44 1.55 0
      vertex 72 0 0
    endloop
  endfacet
  facet normal 0 0 -1
    outer loop
      vertex 43.0624 1.7365 0
      vertex 36.9376 1.7365 0
      vertex 37.225 1.87824 0
    endloop
  endfacet
  facet normal 0 0 -1
    outer loop
      vertex 43.3659 1.63348 0
      vertex 36.6341 1.63348 0
      vertex 36.9376 1.7365 0
    endloop
  endfacet
  facet normal 0 0 -1
    outer loop
      vertex 43.6802 1.57096 0
      vertex 36.3198 1.57096 0
      vertex 36.6341 1.63348 0
    endloop
  endfacet
  facet normal 0 0 -1
    outer loop
      vertex 44 1.55 0
      vertex 36 1.55 0
      vertex 36.3198 1.57096 0
    endloop
  endfacet
  facet normal 0 0 -1
    outer loop
      vertex 33.6335 51.3659 0
      vertex 30.45 52 0
      vertex 33.571 51.6802 0
    endloop
  endfacet
  facet normal 0 0 -1
    outer loop
      vertex 33.571 3.68021 0
      vertex 30.45 4 0
      vertex 33.55 4 0
    endloop
  endfacet
  facet normal 0 0 -1
    outer loop
      vertex 30.429 3.68021 0
      vertex 33.571 3.68021 0
      vertex 33.6335 3.36589 0
    endloop
  endfacet
  facet normal 0 0 -1
    outer loop
      vertex 30.3665 3.36589 0
      vertex 33.6335 3.36589 0
      vertex 33.7365 3.06242 0
    endloop
  endfacet
  facet normal 0 0 -1
    outer loop
      vertex 30.2635 3.06242 0
      vertex 33.7365 3.06242 0
      vertex 33.8782 2.775 0
    endloop
  endfacet
  facet normal 0 0 -1
    outer loop
      vertex 30.1218 2.775 0
      vertex 33.8782 2.775 0
      vertex 34.0563 2.50853 0
    endloop
  endfacet
  facet normal 0 0 -1
    outer loop
      vertex 29.9437 2.50853 0
      vertex 34.0563 2.50853 0
      vertex 34.2676 2.26759 0
    endloop
  endfacet
  facet normal 0 0 -1
    outer loop
      vertex 29.7324 2.26759 0
      vertex 34.2676 2.26759 0
      vertex 34.5085 2.05628 0
    endloop
  endfacet
  facet normal 0 0 -1
    outer loop
      vertex 29.4915 2.05628 0
      vertex 34.5085 2.05628 0
      vertex 34.775 1.87824 0
    endloop
  endfacet
  facet normal 0 0 -1
    outer loop
      vertex 29.225 1.87824 0
      vertex 34.775 1.87824 0
      vertex 35.0624 1.7365 0
    endloop
  endfacet
  facet normal 0 0 -1
    outer loop
      vertex 33.571 3.68021 0
      vertex 30.429 3.68021 0
      vertex 30.45 4 0
    endloop
  endfacet
  facet normal 0 0 -1
    outer loop
      vertex 33.6335 3.36589 0
      vertex 30.3665 3.36589 0
      vertex 30.429 3.68021 0
    endloop
  endfacet
  facet normal 0 0 -1
    outer loop
      vertex 33.7365 3.06242 0
      vertex 30.2635 3.06242 0
      vertex 30.3665 3.36589 0
    endloop
  endfacet
  facet normal 0 0 -1
    outer loop
      vertex 28.9376 1.7365 0
      vertex 35.0624 1.7365 0
      vertex 35.3659 1.63348 0
    endloop
  endfacet
  facet normal 0 0 -1
    outer loop
      vertex 33.8782 2.775 0
      vertex 30.1218 2.775 0
      vertex 30.2635 3.06242 0
    endloop
  endfacet
  facet normal 0 0 -1
    outer loop
      vertex 34.0563 2.50853 0
      vertex 29.9437 2.50853 0
      vertex 30.1218 2.775 0
    endloop
  endfacet
  facet normal 0 0 -1
    outer loop
      vertex 28.6341 1.63348 0
      vertex 35.3659 1.63348 0
      vertex 35.6802 1.57096 0
    endloop
  endfacet
  facet normal 0 0 -1
    outer loop
      vertex 34.2676 2.26759 0
      vertex 29.7324 2.26759 0
      vertex 29.9437 2.50853 0
    endloop
  endfacet
  facet normal 0 0 -1
    outer loop
      vertex 34.5085 2.05628 0
      vertex 29.4915 2.05628 0
      vertex 29.7324 2.26759 0
    endloop
  endfacet
  facet normal 0 0 -1
    outer loop
      vertex 34.775 1.87824 0
      vertex 29.225 1.87824 0
      vertex 29.4915 2.05628 0
    endloop
  endfacet
  facet normal 0 0 -1
    outer loop
      vertex 28.3198 1.57096 0
      vertex 35.6802 1.57096 0
      vertex 36 1.55 0
    endloop
  endfacet
  facet normal 0 0 -1
    outer loop
      vertex 35.0624 1.7365 0
      vertex 28.9376 1.7365 0
      vertex 29.225 1.87824 0
    endloop
  endfacet
  facet normal 0 0 -1
    outer loop
      vertex 0 0 0
      vertex 36 1.55 0
      vertex 72 0 0
    endloop
  endfacet
  facet normal 0 0 -1
    outer loop
      vertex 35.3659 1.63348 0
      vertex 28.6341 1.63348 0
      vertex 28.9376 1.7365 0
    endloop
  endfacet
  facet normal 0 0 -1
    outer loop
      vertex 35.6802 1.57096 0
      vertex 28.3198 1.57096 0
      vertex 28.6341 1.63348 0
    endloop
  endfacet
  facet normal 0 0 -1
    outer loop
      vertex 36 1.55 0
      vertex 28 1.55 0
      vertex 28.3198 1.57096 0
    endloop
  endfacet
  facet normal 0 0 -1
    outer loop
      vertex 25.6335 51.3659 0
      vertex 22.45 52 0
      vertex 25.571 51.6802 0
    endloop
  endfacet
  facet normal 0 0 -1
    outer loop
      vertex 25.571 3.68021 0
      vertex 22.45 4 0
      vertex 25.55 4 0
    endloop
  endfacet
  facet normal 0 0 -1
    outer loop
      vertex 22.429 3.68021 0
      vertex 25.571 3.68021 0
      vertex 25.6335 3.36589 0
    endloop
  endfacet
  facet normal 0 0 -1
    outer loop
      vertex 22.3665 3.36589 0
      vertex 25.6335 3.36589 0
      vertex 25.7365 3.06242 0
    endloop
  endfacet
  facet normal 0 0 -1
    outer loop
      vertex 22.2635 3.06242 0
      vertex 25.7365 3.06242 0
      vertex 25.8782 2.775 0
    endloop
  endfacet
  facet normal 0 0 -1
    outer loop
      vertex 22.1218 2.775 0
      vertex 25.8782 2.775 0
      vertex 26.0563 2.50853 0
    endloop
  endfacet
  facet normal 0 0 -1
    outer loop
      vertex 21.9437 2.50853 0
      vertex 26.0563 2.50853 0
      vertex 26.2676 2.26759 0
    endloop
  endfacet
  facet normal 0 0 -1
    outer loop
      vertex 21.7324 2.26759 0
      vertex 26.2676 2.26759 0
      vertex 26.5085 2.05628 0
    endloop
  endfacet
  facet normal 0 0 -1
    outer loop
      vertex 21.4915 2.05628 0
      vertex 26.5085 2.05628 0
      vertex 26.775 1.87824 0
    endloop
  endfacet
  facet normal 0 0 -1
    outer loop
      vertex 21.225 1.87824 0
      vertex 26.775 1.87824 0
      vertex 27.0624 1.7365 0
    endloop
  endfacet
  facet normal 0 0 -1
    outer loop
      vertex 25.571 3.68021 0
      vertex 22.429 3.68021 0
      vertex 22.45 4 0
    endloop
  endfacet
  facet normal 0 0 -1
    outer loop
      vertex 25.6335 3.36589 0
      vertex 22.3665 3.36589 0
      vertex 22.429 3.68021 0
    endloop
  endfacet
  facet normal 0 0 -1
    outer loop
      vertex 25.7365 3.06242 0
      vertex 22.2635 3.06242 0
      vertex 22.3665 3.36589 0
    endloop
  endfacet
  facet normal 0 0 -1
    outer loop
      vertex 20.9376 1.7365 0
      vertex 27.0624 1.7365 0
      vertex 27.3659 1.63348 0
    endloop
  endfacet
  facet normal 0 0 -1
    outer loop
      vertex 25.8782 2.775 0
      vertex 22.1218 2.775 0
      vertex 22.2635 3.06242 0
    endloop
  endfacet
  facet normal 0 0 -1
    outer loop
      vertex 26.0563 2.50853 0
      vertex 21.9437 2.50853 0
      vertex 22.1218 2.775 0
    endloop
  endfacet
  facet normal 0 0 -1
    outer loop
      vertex 20.6341 1.63348 0
      vertex 27.3659 1.63348 0
      vertex 27.6802 1.57096 0
    endloop
  endfacet
  facet normal 0 0 -1
    outer loop
      vertex 26.2676 2.26759 0
      vertex 21.7324 2.26759 0
      vertex 21.9437 2.50853 0
    endloop
  endfacet
  facet normal 0 0 -1
    outer loop
      vertex 26.5085 2.05628 0
      vertex 21.4915 2.05628 0
      vertex 21.7324 2.26759 0
    endloop
  endfacet
  facet normal 0 0 -1
    outer loop
      vertex 26.775 1.87824 0
      vertex 21.225 1.87824 0
      vertex 21.4915 2.05628 0
    endloop
  endfacet
  facet normal 0 0 -1
    outer loop
      vertex 20.3198 1.57096 0
      vertex 27.6802 1.57096 0
      vertex 28 1.55 0
    endloop
  endfacet
  facet normal 0 0 -1
    outer loop
      vertex 27.0624 1.7365 0
      vertex 20.9376 1.7365 0
      vertex 21.225 1.87824 0
    endloop
  endfacet
  facet normal -0 0 -1
    outer loop
      vertex 36 1.55 0
      vertex 0 0 0
      vertex 28 1.55 0
    endloop
  endfacet
  facet normal 0 0 -1
    outer loop
      vertex 27.3659 1.63348 0
      vertex 20.6341 1.63348 0
      vertex 20.9376 1.7365 0
    endloop
  endfacet
  facet normal 0 0 -1
    outer loop
      vertex 27.6802 1.57096 0
      vertex 20.3198 1.57096 0
      vertex 20.6341 1.63348 0
    endloop
  endfacet
  facet normal 0 0 -1
    outer loop
      vertex 28 1.55 0
      vertex 20 1.55 0
      vertex 20.3198 1.57096 0
    endloop
  endfacet
  facet normal 0 0 -1
    outer loop
      vertex 17.6335 51.3659 0
      vertex 14.45 52 0
      vertex 17.571 51.6802 0
    endloop
  endfacet
  facet normal 0 0 -1
    outer loop
      vertex 17.571 3.68021 0
      vertex 14.45 4 0
      vertex 17.55 4 0
    endloop
  endfacet
  facet normal 0 0 -1
    outer loop
      vertex 14.429 3.68021 0
      vertex 17.571 3.68021 0
      vertex 17.6335 3.36589 0
    endloop
  endfacet
  facet normal 0 0 -1
    outer loop
      vertex 14.3665 3.36589 0
      vertex 17.6335 3.36589 0
      vertex 17.7365 3.06242 0
    endloop
  endfacet
  facet normal 0 0 -1
    outer loop
      vertex 14.2635 3.06242 0
      vertex 17.7365 3.06242 0
      vertex 17.8782 2.775 0
    endloop
  endfacet
  facet normal 0 0 -1
    outer loop
      vertex 14.1218 2.775 0
      vertex 17.8782 2.775 0
      vertex 18.0563 2.50853 0
    endloop
  endfacet
  facet normal 0 0 -1
    outer loop
      vertex 13.9437 2.50853 0
      vertex 18.0563 2.50853 0
      vertex 18.2676 2.26759 0
    endloop
  endfacet
  facet normal 0 0 -1
    outer loop
      vertex 13.7324 2.26759 0
      vertex 18.2676 2.26759 0
      vertex 18.5085 2.05628 0
    endloop
  endfacet
  facet normal 0 0 -1
    outer loop
      vertex 13.4915 2.05628 0
      vertex 18.5085 2.05628 0
      vertex 18.775 1.87824 0
    endloop
  endfacet
  facet normal 0 0 -1
    outer loop
      vertex 13.225 1.87824 0
      vertex 18.775 1.87824 0
      vertex 19.0624 1.7365 0
    endloop
  endfacet
  facet normal 0 0 -1
    outer loop
      vertex 17.571 3.68021 0
      vertex 14.429 3.68021 0
      vertex 14.45 4 0
    endloop
  endfacet
  facet normal 0 0 -1
    outer loop
      vertex 17.6335 3.36589 0
      vertex 14.3665 3.36589 0
      vertex 14.429 3.68021 0
    endloop
  endfacet
  facet normal 0 0 -1
    outer loop
      vertex 17.7365 3.06242 0
      vertex 14.2635 3.06242 0
      vertex 14.3665 3.36589 0
    endloop
  endfacet
  facet normal 0 0 -1
    outer loop
      vertex 12.9376 1.7365 0
      vertex 19.0624 1.7365 0
      vertex 19.3659 1.63348 0
    endloop
  endfacet
  facet normal 0 0 -1
    outer loop
      vertex 17.8782 2.775 0
      vertex 14.1218 2.775 0
      vertex 14.2635 3.06242 0
    endloop
  endfacet
  facet normal 0 0 -1
    outer loop
      vertex 18.0563 2.50853 0
      vertex 13.9437 2.50853 0
      vertex 14.1218 2.775 0
    endloop
  endfacet
  facet normal 0 0 -1
    outer loop
      vertex 12.6341 1.63348 0
      vertex 19.3659 1.63348 0
      vertex 19.6802 1.57096 0
    endloop
  endfacet
  facet normal 0 0 -1
    outer loop
      vertex 18.2676 2.26759 0
      vertex 13.7324 2.26759 0
      vertex 13.9437 2.50853 0
    endloop
  endfacet
  facet normal 0 0 -1
    outer loop
      vertex 18.5085 2.05628 0
      vertex 13.4915 2.05628 0
      vertex 13.7324 2.26759 0
    endloop
  endfacet
  facet normal 0 0 -1
    outer loop
      vertex 18.775 1.87824 0
      vertex 13.225 1.87824 0
      vertex 13.4915 2.05628 0
    endloop
  endfacet
  facet normal 0 0 -1
    outer loop
      vertex 12.3198 1.57096 0
      vertex 19.6802 1.57096 0
      vertex 20 1.55 0
    endloop
  endfacet
  facet normal 0 0 -1
    outer loop
      vertex 19.0624 1.7365 0
      vertex 12.9376 1.7365 0
      vertex 13.225 1.87824 0
    endloop
  endfacet
  facet normal -0 0 -1
    outer loop
      vertex 28 1.55 0
      vertex 0 0 0
      vertex 20 1.55 0
    endloop
  endfacet
  facet normal 0 0 -1
    outer loop
      vertex 19.3659 1.63348 0
      vertex 12.6341 1.63348 0
      vertex 12.9376 1.7365 0
    endloop
  endfacet
  facet normal 0 0 -1
    outer loop
      vertex 19.6802 1.57096 0
      vertex 12.3198 1.57096 0
      vertex 12.6341 1.63348 0
    endloop
  endfacet
  facet normal 0 -0 -1
    outer loop
      vertex 12 1.55 0
      vertex 20 1.55 0
      vertex 0 0 0
    endloop
  endfacet
  facet normal 0 0 -1
    outer loop
      vertex 9.63348 51.3659 0
      vertex 8.35 55.5 0
      vertex 9.57096 51.6802 0
    endloop
  endfacet
  facet normal 0 0 -1
    outer loop
      vertex 6.45 4 0
      vertex 9.55 4 0
      vertex 9.57096 3.68021 0
    endloop
  endfacet
  facet normal 0 0 -1
    outer loop
      vertex 6.42904 3.68021 0
      vertex 9.57096 3.68021 0
      vertex 9.63348 3.36589 0
    endloop
  endfacet
  facet normal 0 0 -1
    outer loop
      vertex 6.36652 3.36589 0
      vertex 9.63348 3.36589 0
      vertex 9.7365 3.06242 0
    endloop
  endfacet
  facet normal 0 0 -1
    outer loop
      vertex 10.2676 5.73241 0
      vertex 8.33845 6.32379 0
      vertex 8.35 6.5 0
    endloop
  endfacet
  facet normal 0 0 -1
    outer loop
      vertex 10.0563 5.49146 0
      vertex 8.304 6.15059 0
      vertex 8.33845 6.32379 0
    endloop
  endfacet
  facet normal 0 0 -1
    outer loop
      vertex 9.87824 5.225 0
      vertex 8.24724 5.98338 0
      vertex 8.304 6.15059 0
    endloop
  endfacet
  facet normal 0 0 -1
    outer loop
      vertex 6.2635 3.06242 0
      vertex 9.7365 3.06242 0
      vertex 9.87824 2.775 0
    endloop
  endfacet
  facet normal 0 0 -1
    outer loop
      vertex 9.87824 5.225 0
      vertex 8.16913 5.825 0
      vertex 8.24724 5.98338 0
    endloop
  endfacet
  facet normal 0 0 -1
    outer loop
      vertex 9.7365 4.93757 0
      vertex 8.07103 5.67817 0
      vertex 8.16913 5.825 0
    endloop
  endfacet
  facet normal 0 0 -1
    outer loop
      vertex 9.63348 4.63411 0
      vertex 7.95459 5.54541 0
      vertex 8.07103 5.67817 0
    endloop
  endfacet
  facet normal 0 0 -1
    outer loop
      vertex 6.12176 2.775 0
      vertex 9.87824 2.775 0
      vertex 10.0563 2.50853 0
    endloop
  endfacet
  facet normal 0 0 -1
    outer loop
      vertex 9.63348 4.63411 0
      vertex 7.82183 5.42897 0
      vertex 7.95459 5.54541 0
    endloop
  endfacet
  facet normal 0 0 -1
    outer loop
      vertex 9.57096 4.31979 0
      vertex 7.675 5.33086 0
      vertex 7.82183 5.42897 0
    endloop
  endfacet
  facet normal 0 0 -1
    outer loop
      vertex 9.55 4 0
      vertex 7.51662 5.25276 0
      vertex 7.675 5.33086 0
    endloop
  endfacet
  facet normal 0 0 -1
    outer loop
      vertex 5.94372 2.50853 0
      vertex 10.0563 2.50853 0
      vertex 10.2676 2.26759 0
    endloop
  endfacet
  facet normal 0 -0 -1
    outer loop
      vertex 6.45 4 0
      vertex 9.57096 3.68021 0
      vertex 6.42904 3.68021 0
    endloop
  endfacet
  facet normal 0 0 -1
    outer loop
      vertex 9.55 4 0
      vertex 6.45 4 0
      vertex 7.51662 5.25276 0
    endloop
  endfacet
  facet normal 0 0 -1
    outer loop
      vertex 7.51662 5.25276 0
      vertex 6.45 4 0
      vertex 7.34941 5.196 0
    endloop
  endfacet
  facet normal 0 0 -1
    outer loop
      vertex 7.34941 5.196 0
      vertex 6.45 4 0
      vertex 7.17621 5.16155 0
    endloop
  endfacet
  facet normal 0 0 -1
    outer loop
      vertex 5.73241 2.26759 0
      vertex 10.2676 2.26759 0
      vertex 10.5085 2.05628 0
    endloop
  endfacet
  facet normal 0 0 -1
    outer loop
      vertex 7.17621 5.16155 0
      vertex 6.42904 4.31979 0
      vertex 7 5.15 0
    endloop
  endfacet
  facet normal 0 0 -1
    outer loop
      vertex 6.36652 4.63411 0
      vertex 7 5.15 0
      vertex 6.42904 4.31979 0
    endloop
  endfacet
  facet normal -0 0 -1
    outer loop
      vertex 7 5.15 0
      vertex 6.36652 4.63411 0
      vertex 6.82379 5.16155 0
    endloop
  endfacet
  facet normal 0 0 -1
    outer loop
      vertex 5.49146 2.05628 0
      vertex 10.5085 2.05628 0
      vertex 10.775 1.87824 0
    endloop
  endfacet
  facet normal 0 0 -1
    outer loop
      vertex 5.225 1.87824 0
      vertex 10.775 1.87824 0
      vertex 11.0624 1.7365 0
    endloop
  endfacet
  facet normal 0 0 -1
    outer loop
      vertex 6.42904 4.31979 0
      vertex 7.17621 5.16155 0
      vertex 6.45 4 0
    endloop
  endfacet
  facet normal 0 0 -1
    outer loop
      vertex 9.63348 3.36589 0
      vertex 6.36652 3.36589 0
      vertex 6.42904 3.68021 0
    endloop
  endfacet
  facet normal 0 0 -1
    outer loop
      vertex 9.7365 3.06242 0
      vertex 6.2635 3.06242 0
      vertex 6.36652 3.36589 0
    endloop
  endfacet
  facet normal 0 0 -1
    outer loop
      vertex 4.93757 1.7365 0
      vertex 11.0624 1.7365 0
      vertex 11.3659 1.63348 0
    endloop
  endfacet
  facet normal 0 0 -1
    outer loop
      vertex 9.87824 2.775 0
      vertex 6.12176 2.775 0
      vertex 6.2635 3.06242 0
    endloop
  endfacet
  facet normal 0 0 -1
    outer loop
      vertex 10.0563 2.50853 0
      vertex 5.94372 2.50853 0
      vertex 6.12176 2.775 0
    endloop
  endfacet
  facet normal 0 0 -1
    outer loop
      vertex 4.63411 1.63348 0
      vertex 11.3659 1.63348 0
      vertex 11.6802 1.57096 0
    endloop
  endfacet
  facet normal 0 0 -1
    outer loop
      vertex 10.2676 2.26759 0
      vertex 5.73241 2.26759 0
      vertex 5.94372 2.50853 0
    endloop
  endfacet
  facet normal 0 0 -1
    outer loop
      vertex 10.5085 2.05628 0
      vertex 5.49146 2.05628 0
      vertex 5.73241 2.26759 0
    endloop
  endfacet
  facet normal 0 0 -1
    outer loop
      vertex 10.775 1.87824 0
      vertex 5.225 1.87824 0
      vertex 5.49146 2.05628 0
    endloop
  endfacet
  facet normal 0 0 -1
    outer loop
      vertex 0 0 0
      vertex 11.6802 1.57096 0
      vertex 12 1.55 0
    endloop
  endfacet
  facet normal 0 0 -1
    outer loop
      vertex 11.0624 1.7365 0
      vertex 4.93757 1.7365 0
      vertex 5.225 1.87824 0
    endloop
  endfacet
  facet normal 0 0 -1
    outer loop
      vertex 11.3659 1.63348 0
      vertex 4.63411 1.63348 0
      vertex 4.93757 1.7365 0
    endloop
  endfacet
  facet normal 0 0 -1
    outer loop
      vertex 20 1.55 0
      vertex 12 1.55 0
      vertex 12.3198 1.57096 0
    endloop
  endfacet
  facet normal -0 0 -1
    outer loop
      vertex 11.6802 1.57096 0
      vertex 0 0 0
      vertex 4.63411 1.63348 0
    endloop
  endfacet
  facet normal 0 0 -1
    outer loop
      vertex 4.63411 1.63348 0
      vertex 0 0 0
      vertex 4.31979 1.57096 0
    endloop
  endfacet
  facet normal -0 0 -1
    outer loop
      vertex 1.57096 11.6802 0
      vertex 0 0 0
      vertex 1.55 12 0
    endloop
  endfacet
  facet normal -0 0 -1
    outer loop
      vertex 1.55 12 0
      vertex 0 0 0
      vertex 1.55 20 0
    endloop
  endfacet
  facet normal -0 0 -1
    outer loop
      vertex 1.55 20 0
      vertex 0 0 0
      vertex 1.55 28 0
    endloop
  endfacet
  facet normal 0 0 -1
    outer loop
      vertex 0 56 0
      vertex 1.55 28 0
      vertex 0 0 0
    endloop
  endfacet
  facet normal 0 0 -1
    outer loop
      vertex 1.55 28 0
      vertex 0 56 0
      vertex 1.55 36 0
    endloop
  endfacet
  facet normal 0 0 -1
    outer loop
      vertex 1.55 36 0
      vertex 0 56 0
      vertex 1.55 44 0
    endloop
  endfacet
  facet normal -0 0 -1
    outer loop
      vertex 1.57096 3.68021 0
      vertex 0 0 0
      vertex 1.55 4 0
    endloop
  endfacet
  facet normal -0 0 -1
    outer loop
      vertex 1.63348 3.36589 0
      vertex 0 0 0
      vertex 1.57096 3.68021 0
    endloop
  endfacet
  facet normal -0 0 -1
    outer loop
      vertex 1.7365 3.06242 0
      vertex 0 0 0
      vertex 1.63348 3.36589 0
    endloop
  endfacet
  facet normal -0 0 -1
    outer loop
      vertex 1.87824 2.775 0
      vertex 0 0 0
      vertex 1.7365 3.06242 0
    endloop
  endfacet
  facet normal -0 0 -1
    outer loop
      vertex 2.05628 2.50853 0
      vertex 0 0 0
      vertex 1.87824 2.775 0
    endloop
  endfacet
  facet normal -0 0 -1
    outer loop
      vertex 2.26759 2.26759 0
      vertex 0 0 0
      vertex 2.05628 2.50853 0
    endloop
  endfacet
  facet normal -0 0 -1
    outer loop
      vertex 2.50853 2.05628 0
      vertex 0 0 0
      vertex 2.26759 2.26759 0
    endloop
  endfacet
  facet normal -0 0 -1
    outer loop
      vertex 2.775 1.87824 0
      vertex 0 0 0
      vertex 2.50853 2.05628 0
    endloop
  endfacet
  facet normal -0 0 -1
    outer loop
      vertex 3.06242 1.7365 0
      vertex 0 0 0
      vertex 2.775 1.87824 0
    endloop
  endfacet
  facet normal -0 0 -1
    outer loop
      vertex 3.36589 1.63348 0
      vertex 0 0 0
      vertex 3.06242 1.7365 0
    endloop
  endfacet
  facet normal -0 0 -1
    outer loop
      vertex 3.68021 1.57096 0
      vertex 0 0 0
      vertex 3.36589 1.63348 0
    endloop
  endfacet
  facet normal -0 0 -1
    outer loop
      vertex 4 1.55 0
      vertex 0 0 0
      vertex 3.68021 1.57096 0
    endloop
  endfacet
  facet normal 0 0 -1
    outer loop
      vertex 4.31979 1.57096 0
      vertex 0 0 0
      vertex 4 1.55 0
    endloop
  endfacet
  facet normal 0 0 -1
    outer loop
      vertex 70.45 20 0
      vertex 72 0 0
      vertex 70.45 12 0
    endloop
  endfacet
  facet normal 0 0 -1
    outer loop
      vertex 70.45 28 0
      vertex 72 0 0
      vertex 70.45 20 0
    endloop
  endfacet
  facet normal 0 0 -1
    outer loop
      vertex 72 0 0
      vertex 70.45 28 0
      vertex 72 56 0
    endloop
  endfacet
  facet normal 0 0 -1
    outer loop
      vertex 70.45 36 0
      vertex 72 56 0
      vertex 70.45 28 0
    endloop
  endfacet
  facet normal 0 0 -1
    outer loop
      vertex 70.45 44 0
      vertex 72 56 0
      vertex 70.45 36 0
    endloop
  endfacet
  facet normal 0 0 -1
    outer loop
      vertex 70.429 44.3198 0
      vertex 72 56 0
      vertex 70.45 44 0
    endloop
  endfacet
  facet normal 0 0 -1
    outer loop
      vertex 70.429 52.3198 0
      vertex 72 56 0
      vertex 70.45 52 0
    endloop
  endfacet
  facet normal 0 0 -1
    outer loop
      vertex 70.3665 52.6341 0
      vertex 72 56 0
      vertex 70.429 52.3198 0
    endloop
  endfacet
  facet normal 0 0 -1
    outer loop
      vertex 70.2635 52.9376 0
      vertex 72 56 0
      vertex 70.3665 52.6341 0
    endloop
  endfacet
  facet normal 0 0 -1
    outer loop
      vertex 70.1218 53.225 0
      vertex 72 56 0
      vertex 70.2635 52.9376 0
    endloop
  endfacet
  facet normal 0 0 -1
    outer loop
      vertex 69.9437 53.4915 0
      vertex 72 56 0
      vertex 70.1218 53.225 0
    endloop
  endfacet
  facet normal 0 0 -1
    outer loop
      vertex 69.7324 53.7324 0
      vertex 72 56 0
      vertex 69.9437 53.4915 0
    endloop
  endfacet
  facet normal 0 0 -1
    outer loop
      vertex 69.4915 53.9437 0
      vertex 72 56 0
      vertex 69.7324 53.7324 0
    endloop
  endfacet
  facet normal 0 0 -1
    outer loop
      vertex 69.225 54.1218 0
      vertex 72 56 0
      vertex 69.4915 53.9437 0
    endloop
  endfacet
  facet normal 0 0 -1
    outer loop
      vertex 68.9376 54.2635 0
      vertex 72 56 0
      vertex 69.225 54.1218 0
    endloop
  endfacet
  facet normal 0 0 -1
    outer loop
      vertex 68.6341 54.3665 0
      vertex 72 56 0
      vertex 68.9376 54.2635 0
    endloop
  endfacet
  facet normal 0 0 -1
    outer loop
      vertex 68.3198 54.429 0
      vertex 72 56 0
      vertex 68.6341 54.3665 0
    endloop
  endfacet
  facet normal 0 0 -1
    outer loop
      vertex 66.304 55.8494 0
      vertex 68.3198 54.429 0
      vertex 68 54.45 0
    endloop
  endfacet
  facet normal 0 0 -1
    outer loop
      vertex 66.3384 55.6762 0
      vertex 68 54.45 0
      vertex 67.6802 54.429 0
    endloop
  endfacet
  facet normal 0 0 -1
    outer loop
      vertex 66.35 55.5 0
      vertex 67.6802 54.429 0
      vertex 67.3659 54.3665 0
    endloop
  endfacet
  facet normal 0 0 -1
    outer loop
      vertex 66.3384 55.3238 0
      vertex 67.3659 54.3665 0
      vertex 67.0624 54.2635 0
    endloop
  endfacet
  facet normal 0 0 -1
    outer loop
      vertex 66.071 54.6782 0
      vertex 66.775 54.1218 0
      vertex 66.5085 53.9437 0
    endloop
  endfacet
  facet normal 0 0 -1
    outer loop
      vertex 66.3384 55.3238 0
      vertex 67.0624 54.2635 0
      vertex 66.775 54.1218 0
    endloop
  endfacet
  facet normal 0 0 -1
    outer loop
      vertex 67.6802 54.429 0
      vertex 66.35 55.5 0
      vertex 66.3384 55.6762 0
    endloop
  endfacet
  facet normal 0 0 -1
    outer loop
      vertex 68 54.45 0
      vertex 66.3384 55.6762 0
      vertex 66.304 55.8494 0
    endloop
  endfacet
  facet normal 0 0 -1
    outer loop
      vertex 68.3198 54.429 0
      vertex 66.304 55.8494 0
      vertex 66.2529 56 0
    endloop
  endfacet
  facet normal 0 0 -1
    outer loop
      vertex 68.3198 54.429 0
      vertex 66.2529 56 0
      vertex 72 56 0
    endloop
  endfacet
  facet normal 0 0 -1
    outer loop
      vertex 67.3659 6.36652 0
      vertex 66.304 6.84941 0
      vertex 66.2472 7.01662 0
    endloop
  endfacet
  facet normal -0 0 -1
    outer loop
      vertex 67.6802 9.57096 0
      vertex 66.071 7.32183 0
      vertex 67.3659 9.63348 0
    endloop
  endfacet
  facet normal 0 0 -1
    outer loop
      vertex 65.9546 7.45459 0
      vertex 67.3659 9.63348 0
      vertex 66.071 7.32183 0
    endloop
  endfacet
  facet normal -0 0 -1
    outer loop
      vertex 67.3659 9.63348 0
      vertex 65.9546 7.45459 0
      vertex 67.0624 9.7365 0
    endloop
  endfacet
  facet normal 0 0 -1
    outer loop
      vertex 65.8218 7.57103 0
      vertex 67.0624 9.7365 0
      vertex 65.9546 7.45459 0
    endloop
  endfacet
  facet normal 0 0 -1
    outer loop
      vertex 65.675 7.66913 0
      vertex 67.0624 9.7365 0
      vertex 65.8218 7.57103 0
    endloop
  endfacet
  facet normal -0 0 -1
    outer loop
      vertex 67.0624 9.7365 0
      vertex 65.675 7.66913 0
      vertex 66.775 9.87824 0
    endloop
  endfacet
  facet normal 0 0 -1
    outer loop
      vertex 65.5166 7.74724 0
      vertex 66.775 9.87824 0
      vertex 65.675 7.66913 0
    endloop
  endfacet
  facet normal -0 0 -1
    outer loop
      vertex 66.775 9.87824 0
      vertex 65.5166 7.74724 0
      vertex 66.5085 10.0563 0
    endloop
  endfacet
  facet normal 0 0 -1
    outer loop
      vertex 65.3494 7.804 0
      vertex 66.5085 10.0563 0
      vertex 65.5166 7.74724 0
    endloop
  endfacet
  facet normal 0 0 -1
    outer loop
      vertex 65.1762 7.83845 0
      vertex 66.5085 10.0563 0
      vertex 65.3494 7.804 0
    endloop
  endfacet
  facet normal -0 0 -1
    outer loop
      vertex 66.5085 10.0563 0
      vertex 65.1762 7.83845 0
      vertex 66.2676 10.2676 0
    endloop
  endfacet
  facet normal 0 0 -1
    outer loop
      vertex 65 7.85 0
      vertex 66.2676 10.2676 0
      vertex 65.1762 7.83845 0
    endloop
  endfacet
  facet normal -0 0 -1
    outer loop
      vertex 66.2676 10.2676 0
      vertex 65 7.85 0
      vertex 66.0563 10.5085 0
    endloop
  endfacet
  facet normal 0 0 -1
    outer loop
      vertex 64.8238 7.83845 0
      vertex 66.0563 10.5085 0
      vertex 65 7.85 0
    endloop
  endfacet
  facet normal 0 0 -1
    outer loop
      vertex 64.4834 7.74724 0
      vertex 65.8782 10.775 0
      vertex 64.6506 7.804 0
    endloop
  endfacet
  facet normal -0 0 -1
    outer loop
      vertex 65.8782 10.775 0
      vertex 64.4834 7.74724 0
      vertex 65.7365 11.0624 0
    endloop
  endfacet
  facet normal 0 0 -1
    outer loop
      vertex 64.1782 7.57103 0
      vertex 65.6335 11.3659 0
      vertex 64.325 7.66913 0
    endloop
  endfacet
  facet normal -0 0 -1
    outer loop
      vertex 65.6335 11.3659 0
      vertex 64.1782 7.57103 0
      vertex 65.571 11.6802 0
    endloop
  endfacet
  facet normal 0 0 -1
    outer loop
      vertex 64.6506 7.804 0
      vertex 65.8782 10.775 0
      vertex 64.8238 7.83845 0
    endloop
  endfacet
  facet normal -0 0 -1
    outer loop
      vertex 66.0563 10.5085 0
      vertex 64.8238 7.83845 0
      vertex 65.8782 10.775 0
    endloop
  endfacet
  facet normal -1 0 0
    outer loop
      vertex 0 0 0
      vertex 0 56 3.2
      vertex 0 56 0
    endloop
  endfacet
  facet normal -1 -0 0
    outer loop
      vertex 0 56 3.2
      vertex 0 0 0
      vertex 0 0 3.2
    endloop
  endfacet
  facet normal 0 1 -0
    outer loop
      vertex 5.74712 56 0
      vertex 0 56 3.2
      vertex 5.74712 56 3.2
    endloop
  endfacet
  facet normal 0 1 0
    outer loop
      vertex 0 56 3.2
      vertex 5.74712 56 0
      vertex 0 56 0
    endloop
  endfacet
  facet normal 0 1 -0
    outer loop
      vertex 72 56 0
      vertex 66.2529 56 3.2
      vertex 72 56 3.2
    endloop
  endfacet
  facet normal 0 1 0
    outer loop
      vertex 66.2529 56 3.2
      vertex 72 56 0
      vertex 66.2529 56 0
    endloop
  endfacet
  facet normal 0 1 -0
    outer loop
      vertex 63.7471 56 0
      vertex 8.25288 56 3.2
      vertex 63.7471 56 3.2
    endloop
  endfacet
  facet normal 0 1 0
    outer loop
      vertex 8.25288 56 3.2
      vertex 63.7471 56 0
      vertex 8.25288 56 0
    endloop
  endfacet
  facet normal 0 -1 0
    outer loop
      vertex 0 0 0
      vertex 72 0 3.2
      vertex 0 0 3.2
    endloop
  endfacet
  facet normal 0 -1 -0
    outer loop
      vertex 72 0 3.2
      vertex 0 0 0
      vertex 72 0 0
    endloop
  endfacet
endsolid OpenSCAD_Model
